category,lda_topic,nmf_topic,text_preview
business,3,5,"Ad sales boost Time Warner profit Quarterly profits at US media giant TimeWarner jumped 76% to $1.13bn (Â£600m) for the three months to December, from $639m year-earlier. The firm, which is now one of the biggest investors in Google, benefi"
business,3,5,Dollar gains on Greenspan speech The dollar has hit its highest level against the euro in almost three months after the Federal Reserve head said the US trade deficit is set to stabilise. And Alan Greenspan highlighted the US government's w
business,3,5,Yukos unit buyer faces loan claim The owners of embattled Russian oil giant Yukos are to ask the buyer of its former production unit to pay back a $900m (Â£479m) loan. State-owned Rosneft bought the Yugansk unit for $9.3bn in a sale forced 
business,3,5,"High fuel prices hit BA's profits British Airways has blamed high fuel prices for a 40% drop in profits. Reporting its results for the three months to 31 December 2004, the airline made a pre-tax profit of Â£75m ($141m) compared with Â£125m"
business,3,5,Pernod takeover talk lifts Domecq Shares in UK drinks and food firm Allied Domecq have risen on speculation that it could be the target of a takeover by France's Pernod Ricard. Reports in the Wall Street Journal and the Financial Times sugg
business,3,5,"Japan narrowly escapes recession Japan's economy teetered on the brink of a technical recession in the three months to September, figures show. Revised figures indicated growth of just 0.1% - and a similar-sized contraction in the previous "
business,3,5,"Jobs growth still slow in the US The US created fewer jobs than expected in January, but a fall in jobseekers pushed the unemployment rate to its lowest level in three years. According to Labor Department figures, US firms added only 146,00"
business,3,5,"India calls for fair trade rules India, which attends the G7 meeting of seven leading industrialised nations on Friday, is unlikely to be cowed by its newcomer status. In London on Thursday ahead of the meeting, India's finance minister, la"
business,3,5,"Ethiopia's crop production up 24% Ethiopia produced 14.27 million tonnes of crops in 2004, 24% higher than in 2003 and 21% more than the average of the past five years, a report says. In 2003, crop production totalled 11.49 million tonnes, "
business,3,5,Court rejects $280bn tobacco case A US government claim accusing the country's biggest tobacco companies of covering up the effects of smoking has been thrown out by an appeal court. The demand for $280bn (Â£155bn) - filed by the Clinton ad
business,3,5,"Ask Jeeves tips online ad revival Ask Jeeves has become the third leading online search firm this week to thank a revival in internet advertising for improving fortunes. The firm's revenue nearly tripled in the fourth quarter of 2004, excee"
business,3,5,"Indonesians face fuel price rise Indonesia's government has confirmed it is considering raising fuel prices by as much as 30%. Millions of Indonesians use kerosene for basic cooking, and prices have been heavily subsidised for years. Presid"
business,3,5,"Peugeot deal boosts Mitsubishi Struggling Japanese car maker Mitsubishi Motors has struck a deal to supply French car maker Peugeot with 30,000 sports utility vehicles (SUV). The two firms signed a Memorandum of Understanding, and say they "
business,3,5,Telegraph newspapers axe 90 jobs The Daily and Sunday Telegraph newspapers are axing 90 journalist jobs - 17% of their editorial staff. The Telegraph Group says the cuts are needed to fund an Â£150m investment in new printing facilities. Jo
business,3,5,"Air passengers win new EU rights Air passengers who are unable to board their flights because of overbooking, cancellations or flight delays can now demand greater compensation. New EU rules set compensation at between 250 euros (Â£173) and"
business,3,5,"China keeps tight rein on credit China's efforts to stop the economy from overheating by clamping down on credit will continue into 2005, state media report. The curbs were introduced earlier this year to ward off the risk that rapid expans"
business,3,5,"Parmalat boasts doubled profits Parmalat, the Italian food group at the centre of one of Europe's most painful corporate scandals, has reported a doubling in profit. Its pre-tax earnings in the fourth quarter were 77m euros (Â£53m; $100m), "
business,3,5,"India's rupee hits five-year high India's rupee has hit a five-year high after Standard & Poor's (S&P) raised the country's foreign currency rating. The rupee climbed to 43.305 per US dollar on Thursday, up from a close of 43.41. The curren"
business,3,5,India widens access to telecoms India has raised the limit for foreign direct investment in telecoms companies from 49% to 74%. Communications Minister Dayanidhi Maran said that there is a need to fund the fast-growing mobile market. The go
business,2,3,"Call centre users 'lose patience' Customers trying to get through to call centres are getting impatient and quicker to hang up, a survey suggests. Once past the welcome message, callers on average hang up after just 65 seconds of listening "
business,3,4,"Rank 'set to sell off film unit' Leisure group Rank could unveil plans to demerge its film services unit and sell its media business, reports claim. Rank, formerly famous for the Carry On series, will expose the shake-up at the announcement"
business,3,5,"Sluggish economy hits German jobs The number of people out of work in Europe's largest economy has risen for the tenth straight month as growth remains stubbornly slow. German unemployment rose 7,000 in November to 4.464 million people, or "
business,3,5,"Mixed signals from French economy The French economy picked up speed at the end of 2004, official figures show - but still looks set to have fallen short of the government's hopes. According to state statistics body INSEE, growth for the th"
business,3,5,"US trade gap hits record in 2004 The gap between US exports and imports hit an all-time high of $671.7bn (Â£484bn) in 2004, latest figures show. The Commerce Department said the trade deficit for all of last year was 24.4% above the previou"
business,3,5,Yukos loses US bankruptcy battle A judge has dismissed an attempt by Russian oil giant Yukos to gain bankruptcy protection in the US. Yukos filed for Chapter 11 protection in Houston in an unsuccessful attempt to halt the auction of its Yug
business,3,5,"Safety alert as GM recalls cars The world's biggest carmaker General Motors (GM) is recalling nearly 200,000 vehicles in the US on safety grounds, according to federal regulators. The National Highway Traffic Safety Administration (NHTSA) s"
business,3,5,"Steel firm 'to cut' 45,000 jobs Mittal Steel, one of the world's largest steel producers, could cut up to 45,000 jobs over the next five years, its chief executive has said. The Netherlands-based company is due to complete its $4.5bn acquis"
business,3,5,Strong demand triggers oil rally Crude oil prices surged back above the $47 a barrel mark on Thursday after an energy market watchdog raised its forecasts for global demand. The International Energy Agency (IEA) warned demand for Opec's cru
business,3,5,UK firm faces Venezuelan land row Venezuelan authorities have said they will seize land owned by a British company as part of President Chavez's agrarian reform programme. Officials in Cojedes state said on Friday that farmland owned by a s
business,3,5,"Soaring oil 'hits world economy' The soaring cost of oil has hit global economic growth, although world's major economies should weather the storm of price rises, according to the OECD. In its latest bi-annual report, the OECD cut its growt"
business,3,5,"Irish markets reach all-time high Irish shares have risen to a record high, with investors persuaded to buy into the market by low inflation and strong growth forecasts. The ISEQ index of leading shares closed up 23 points to 6661.89 on Thu"
business,3,5,"Japanese banking battle at an end Japan's Sumitomo Mitsui Financial has withdrawn its takeover offer for rival bank UFJ Holdings, enabling the latter to merge with Mitsubishi Tokyo. Sumitomo bosses told counterparts at UFJ of its decision o"
business,3,5,"Rich grab half Colombia poor fund Half of the money put aside by the Colombian government to help the country's poor is benefiting people who do not need it, a study has found. A total of 24.2 trillion pesos ($10.2bn; Â£5.5bn) is earmarked "
business,3,5,"Rover deal 'may cost 2,000 jobs' Some 2,000 jobs at MG Rover's Midlands plant may be cut if investment in the firm by a Chinese car maker goes ahead, the Financial Times has reported. Shanghai Automotive Industry Corp plans to shift product"
business,3,5,"Ad firm WPP's profits surge 15% UK advertising giant WPP has posted larger-than-expected annual profits and predicted that it will outperform the market in 2005. Pre-tax profits rose 15% from a year ago to reach Â£546m ($1.04bn), ahead of a"
business,3,5,US gives foreign firms extra time Foreign firms have been given an extra year to meet tough new corporate governance regulations imposed by the US stock market watchdog. The Securities and Exchange Commission has extended the deadline to ge
business,3,5,Japanese mogul arrested for fraud One of Japan's best-known businessmen was arrested on Thursday on charges of falsifying shareholder information and selling shares based on the false data. Yoshiaki Tsutsumi was once ranked as the world's r
business,3,5,"Deutsche Telekom sees mobile gain German telecoms firm Deutsche Telekom saw strong fourth quarter profits on the back of upbeat US mobile earnings and better-than-expected asset sales. Net profit came in at 1.4bn euros (Â£960m; $1.85bn), a "
business,3,5,"Chinese wine tempts Italy's Illva Italy's Illva Saronno has agreed to buy 33% of Changyu, the largest wine maker in China. Changyu said in a statement to the Shenzhen stock exchange that Illva will pay 481.42m yuan ($58.16m; Â£30.7m), once "
business,3,5,"Umbro profits lifted by Euro 2004 UK sportswear firm Umbro has posted a 222% rise in annual profit after sales of replica England football kits were boosted by the Euro 2004 tournament. Pre-tax profit for 2004 was Â£15.4m ($29.4m). Umbro, w"
business,3,5,"Fed chief warning on US deficit Federal Reserve chairman Alan Greenspan has warned that allowing huge US budget deficits to continue could have ""severe"" consequences. Speaking to the House Budget Committee he urged Congress to take action t"
business,3,5,"UK Coal plunges into deeper loss Shares in UK Coal have fallen after the mining group reported losses had deepened to Â£51.6m in 2004 from Â£1.2m. The UK's biggest coal producer blamed geological problems, industrial action and ""operating f"
business,1,2,"Saudi ministry to employ women Women will be employed in Saudi Arabia's foreign ministry for the first time this year, Foreign Minister Prince Saud Al-Faisal has been reported as saying. The move comes as the conservative country inches ope"
business,3,5,Japan economy slides to recession The Japanese economy has officially gone back into recession for the fourth time in a decade. Gross domestic product fell by 0.1% in the last three months of 2004. The fall reflects weak exports and a slowd
business,3,5,US crude prices surge above $53 US crude prices have soared to fresh four-month highs above $53 in the US as refinery problems propelled petrol prices to an all-time high. US light sweet crude futures jumped to $53.09 a barrel in New York b
business,3,5,"Industrial output falls in Japan Japanese industrial output fell in October while unemployment rose, casting further doubt on the strength of the country's economic recovery. Production dropped 1.6% in October, reflecting a decline in expor"
business,3,5,"Ryanair in $4bn Boeing plane deal Budget airline Ryanair has placed an order for 70 Boeing 737-800 planes, in a deal valued at $4bn (Â£2.1bn) which should lead to 2,500 new Ryanair jobs. It also has an option for a further 70 aircraft, a mo"
business,3,5,"Parmalat to return to stockmarket Parmalat, the Italian dairy company which went bust after an accounting scandal, hopes to be back on the Italian stock exchange in July. The firm gained protection from creditors in 2003 after revealing deb"
business,3,5,"BMW cash to fuel Mini production Less than four years after the new Mini was launched, German car maker BMW has announced Â£100m of new investment. Some 200 new jobs are to be created at the Oxford factory, including modernised machinery an"
business,3,5,"Bad weather hits Nestle sales A combination of bad weather, rising raw material costs and the sluggish European economy has hit sales at Swiss food and drink giant Nestle. Revenue dipped 1.4% to 86.7bn Swiss francs ($74.6bn; Â£39.1bn) in 20"
business,3,5,"Fiat mulls Ferrari market listing Ferrari could be listed on the stock market as part of an overhaul of Fiat's carmaking operations, the Financial Times has reported. It said Fiat was set to restructure its business after reaching a $2bn (1"
business,3,5,"Italy to get economic action plan Italian Prime Minister Silvio Berlusconi will unveil plans aimed at kickstarting the country's sputtering economy on Thursday night in Rome. He will present an ""Action Plan for the Development of Italy"" in "
business,3,5,"Weak dollar hits Reuters Revenues at media group Reuters slipped 11% during 2004, mainly due to the weakness of the dollar, the group said. The company said it was optimistic about growth even as revenues slipped 11% from Â£3.24bn ($6.13bn)"
business,3,5,Hyundai to build new India plant South Korea's Hyundai Motor has announced that it plans to build a second plant in India to meet the country's growing demand for cars. The company didn't give details of its investment but it said the new p
business,3,5,"SA unveils 'more for all' budget The South African government has put tax cuts and increased social spending at the centre of its latest budget. Aiming to both stir economic growth and aid the country's poor, finance minister Trevor Manuel "
business,3,5,"BMW drives record sales in Asia BMW has forecast sales growth of at least 10% in Asia this year after registering record sales there in 2004. The luxury carmaker saw strong sales of its three marques - BMW, Mini and Rolls-Royce - in Asia la"
business,3,5,"Economy 'stronger than forecast' The UK economy probably grew at a faster rate in the third quarter than the 0.4% reported, according to Bank of England deputy governor Rachel Lomax. Private sector business surveys suggest a stronger econom"
business,3,5,"Electrolux to export Europe jobs Electrolux saw its shares rise 14% on Tuesday after it said it would be shifting more of its manufacturing to low-cost countries. The Swedish firm, the world's largest maker of home appliances, said it is to"
business,3,5,"Worldcom ex-boss launches defence Lawyers defending former WorldCom chief Bernie Ebbers against a battery of fraud charges have called a company whistleblower as their first witness. Cynthia Cooper, WorldCom's ex-head of internal accounting"
business,3,5,Insurance bosses plead guilty Another three US insurance executives have pleaded guilty to fraud charges stemming from an ongoing investigation into industry malpractice. Two executives from American International Group (AIG) and one from M
business,3,5,"Further rise in UK jobless total The UK's jobless total rose for the second month in a row in December, official figures show. The number of people out of work rose 32,000 to 1.41 million in the last three months of 2004, even as 90,000 mor"
business,3,5,"Wembley firm won't make a profit Shares in Multiplex Group, which is building the new Wembley stadium, fell as much as 19% after it said it would not make any money on the project. The Australian firm said it would only break even on the 1."
business,3,5,"Cars pull down US retail figures US retail sales fell 0.3% in January, the biggest monthly decline since last August, driven down by a heavy fall in car sales. The 3.3% fall in car sales had been expected, coming after December's 4% rise in"
business,3,5,Lufthansa may sue over Bush visit German airline Lufthansa may sue federal agencies for damages after the arrival of US president George W Bush disrupted flights. Lufthansa said that it may lose millions of euros as a result of Air Force On
business,3,5,"EU aiming to fuel development aid European Union finance ministers meet on Thursday to discuss proposals, including a tax on jet fuel, to boost development aid for poorer nations. The policy makers are to ask for a report into how more deve"
business,3,5,German business confidence slides German business confidence fell in February knocking hopes of a speedy recovery in Europe's largest economy. Munich-based research institute Ifo said that its confidence index fell to 95.5 in February from 
business,3,5,"FAO warns on impact of subsidies Billions of farmers' livelihoods are at risk from falling commodity prices and protectionism, the UN's Food & Agriculture Organisation has warned. Trade barriers and subsidies ""severely"" distort the market, "
business,3,5,"India seeks to boost construction India has cleared a proposal allowing up to 100% foreign direct investment in its construction sector. Kamal Nath, Commerce and Industry Minister, announced the decision in Delhi on Thursday following a cab"
business,3,5,"Boeing unveils new 777 aircraft US aircraft firm Boeing has unveiled its new long-distance 777 plane, as it tries to regain its position as the industry's leading manufacturer. The 777-200LR will be capable of flying almost 11,000 miles non"
business,3,5,"Circuit City gets takeover offer Circuit City Stores, the second-largest electronics retailer in the US, has received a $3.25bn (Â£1.7bn) takeover offer. The bid has come from Boston-based private investment firm Highfields Capital Manageme"
business,3,5,"Japan turns to beer alternatives Japanese brewers are increasingly making money from beer-flavoured drinks rather than beer itself Beer and spirits are heavily taxed in Japan, driving breweries to search for alternatives. Japan's long econo"
business,3,5,"S Korean consumers spending again South Korea looks set to sustain its revival thanks to renewed private consumption, its central bank says. The country's economy has suffered from an overhang of personal debt after its consumers' credit ca"
business,3,5,"German growth goes into reverse Germany's economy shrank 0.2% in the last three months of 2004, upsetting hopes of a sustained recovery. The figures confounded hopes of a 0.2% expansion in the fourth quarter in Europe's biggest economy. The"
business,3,3,Turkey-Iran mobile deal 'at risk' Turkey's investment in Iran's mobile industry looks set to be scrapped after its biggest mobile firm saw its investment there slashed by MPs. Iran's parliament voted by a large majority to cut Turkcell's st
business,3,5,"EU ministers to mull jet fuel tax European Union finance ministers are meeting on Thursday in Brussels, where they are to discuss a controversial jet fuel tax. A levy on jet fuel has been suggested as a way to raise funds to finance aid for"
business,3,5,"Palestinian economy in decline Despite a short-lived increase in Palestinian jobs in 2003, the economy is performing well below its potential, said a World Bank report. Unemployment stood at 25%, compared with 10% before the uprising agains"
business,3,5,"China had role in Yukos split-up China lent Russia $6bn (Â£3.2bn) to help the Russian government renationalise the key Yuganskneftegas unit of oil group Yukos, it has been revealed. The Kremlin said on Tuesday that the $6bn which Russian st"
business,3,5,Deadline nears for Fiat-GM deal Fiat and General Motors (GM) have until midnight on 1 February to settle a disagreement over a potential takeover. The deadline marks the point at which Fiat will gain the right to sell its car division to GM
business,3,3,"ID theft surge hits US consumers Almost a quarter of a million US consumers complained of being targeted for identity theft in 2004, official figures suggest. The Federal Trade Commission said two in five of the 635,173 reports it had from "
business,3,5,"Argentina, Venezuela in oil deal Argentina and Venezuela have extended a food-for-oil deal, which helped the former to overcome a severe energy crisis last year. Argentine President Nestor Kirchner and Venezuelan President Hugo Chavez signe"
business,3,5,BMW to recall faulty diesel cars BMW is to recall all cars equipped with a faulty diesel fuel-injection pump supplied by parts maker Robert Bosch. The faulty part does not represent a safety risk and the recall only affects pumps made in De
business,3,5,Takeover rumour lifts Exel shares Shares in storage and delivery firm Exel closed up 9% at a two-and-a-half year high on Tuesday on speculation it is to receive an imminent takeover bid. The talk in the City is that US giant United Parcel S
business,3,5,"Yukos accused of lying to court Russian oil firm Yukos lied to a US court in an attempt to stop the Russian government selling off its key production unit, the court has heard. The unit, Yugansk, was sold to pay off a $27.5bn (Â£14.5bn) bac"
business,3,5,Mexican in US send $16bn home Mexican labourers living in the US sent a record $16.6bn (Â£8.82bn) home last year. The Bank of Mexico said that remittances grew 24% last year and now represent the country's second-biggest source of income af
business,3,5,"Home loan approvals rising again The number of mortgages approved in the UK has risen for the first time since May last year, according to lending figures from the Bank of England. New loans in December rose to 83,000, slightly higher than "
business,3,5,"Manufacturing recovery 'slowing' UK manufacturing grew at its slowest pace in one-and-a-half years in January, according to a survey. The Chartered Institute of Purchasing and Supply (CIPS) said its purchasing manager index (PMI) fell to 51"
business,3,5,"Worldcom boss 'left books alone' Former Worldcom boss Bernie Ebbers, who is accused of overseeing an $11bn (Â£5.8bn) fraud, never made accounting decisions, a witness has told jurors. David Myers made the comments under questioning by defen"
business,3,5,Metlife buys up Citigroup insurer US banking giant Citigroup has sold its Travelers Life & Annuity insurance arm to Metlife for $11.5bn (Â£6.1bn). The sale is a further move by Citigroup away from its 1990s strategy of offering every financ
business,3,5,"Europe blames US over weak dollar European leaders have openly blamed the US for the sharp rise in the value of the euro. US officials were talking up the dollar, they said, but failing to take action to back up their words. Meeting in Brus"
business,3,5,French wine gets 70m euro top-up The French government is to hand its struggling wine industry 70m euros ($91m) in aid to help it battle falling sales and damaging overproduction. The financial package is aimed at assisting vintners in fina
business,3,5,"Russia gets investment blessing Soaring oil sales and a budget surplus mean Russian debt is no longer a risky investment, one of the world's leading credit rating agencies says. Standard & Poor's has classed Russian bonds as ""investment gra"
business,3,3,Iranian MPs threaten mobile deal Turkey's biggest private mobile firm could bail out of a $3bn ($1.6bn) deal to build a network in Iran after MPs there slashed its stake in the project. Conservatives in parliament say Turkcell's stake in Ir
business,3,5,"Argentina closes $102.6bn debt swap Argentina is set to close its $102.6bn (Â£53.51bn) debt restructuring offer for bondholders later on Friday, with the government hopeful that most creditors will accept the deal. The estimated loss to bon"
business,3,5,"US economy shows solid GDP growth The US economy has grown more than expected, expanding at an annual rate of 3.8% in the last quarter of 2004. The gross domestic product figure was ahead of the 3.1% the government estimated a month ago. Th"
business,3,5,"Profits slide at India's Dr Reddy Profits at Indian drugmaker Dr Reddy's fell 93% as research costs rose and sales flagged. The firm said its profits were 40m rupees ($915,000; Â£486,000) for the three months to December on sales which fell"
business,3,5,"Burren awarded Egyptian contracts British energy firm Burren Energy has been awarded two potentially lucrative oil exploration contracts in Egypt. The company successfully bid for the two contracts, granted by government owned oil firms, co"
business,3,5,"'Strong dollar' call halts slide The US dollar's slide against the euro and yen has halted after US Treasury Secretary John Snow said a strong dollar was ""in America's interest"". But analysts said any gains are likely to be short-lived as p"
business,3,5,"IMF 'cuts' German growth estimate The International Monetary Fund is to cut its 2005 growth forecast for the German economy from 1.8% to 0.8%, the Financial Times Deutschland reported. The IMF will also reduce its growth estimate for the 12"
business,3,5,"GM, Ford cut output as sales fall US car firms General Motors (GM) and Ford have been forced to cut production in the face of falling car sales. US sales at GM sank 12.7% in February compared to a year ago while Ford sales dropped 3% as for"
business,3,5,"Ebbers denies WorldCom fraud Former WorldCom chief Bernie Ebbers has denied claims that he knew accountants were doctoring the books at the firm. Speaking in court, Mr Ebbers rejected allegations he pressured ex-chief financial officer Scot"
business,3,5,"Australia rates at four year high Australia is raising its benchmark interest rate to its highest level in four years despite signs of a slowdown in the country's economy. The Reserve Bank of Australia lifted interest rates 0.25% to 5.5%, t"
business,3,5,US company admits Benin bribery A US defence and telecommunications company has agreed to pay $28.5m after admitting bribery in the West African state of Benin. The Titan corporation was accused of funnelling more than $2m into the 2001 re-
business,3,5,"US insurer Marsh cuts 2,500 jobs Up to 2,500 jobs are to go at US insurance broker Marsh & McLennan in a shake up following bigger-than-expected losses. The insurer said the cuts were part of a cost-cutting drive, aimed at saving millions o"
business,3,5,"US seeks new $280bn smoker ruling The US Justice Department is to try to overturn a court ruling that threw out its claim for $280bn (Â£149bn) in damages from tobacco firms. Earlier this month, a three-judge appeal court panel rejected the "
business,3,5,"Budget Aston takes on Porsche British car maker Aston Martin has gone head-to-head with Porsche's 911 sports cars with the launch of its cheapest model yet. With a price tag under Â£80,000, the V8 Vantage is tens of thousands of pounds chea"
business,1,2,"Golden rule 'intact' says ex-aide Chancellor Gordon Brown will meet his golden economic rule ""with a margin to spare"", according to his former chief economic adviser. Formerly one of Mr Brown's closest Treasury aides, Ed Balls hinted at a B"
business,3,5,"Liberian economy starts to grow The Liberian economy started to grow in 2004, but ""sustained and deep reform efforts"" are needed to ensure long term growth, the International Monetary Fund (IMF) has said. An IMF mission made the comments in"
business,3,5,"Slowdown hits US factory growth US industrial production increased for the 21st month in a row in February, but at a slower pace than in January, official figures show. The Institute for Supply Management (ISM) index fell to 55.3 in Februar"
business,3,5,"Lufthansa flies back to profit German airline Lufthansa has returned to profit in 2004 after posting huge losses in 2003. In a preliminary report, the airline announced net profits of 400m euros ($527.61m; Â£274.73m), compared with a loss o"
business,3,5,"Japanese growth grinds to a halt Growth in Japan evaporated in the three months to September, sparking renewed concern about an economy not long out of a decade-long trough. Output in the period grew just 0.1%, an annual rate of 0.3%. Expor"
business,3,5,"Unilever shake up as profit slips Anglo-Dutch consumer goods giant Unilever is to merge its two management boards after reporting ""unsatisfactory"" earnings for 2004. It blamed the poor results on sluggish decision making, a rise in discount"
business,3,5,"France Telecom gets Orange boost Strong growth in subscriptions to mobile phone network Orange has helped boost profits at owner France Telecom. Orange added more than five million new customers in 2004, leading to a 10% increase in its rev"
business,3,3,"Brussels raps mobile call charges The European Commission has written to the mobile phone operators Vodafone and T-Mobile to challenge ""the high rates"" they charge for international roaming. In letters sent to the two companies, the Commiss"
business,3,5,"WorldCom director admits lying The former chief financial officer at US telecoms firm WorldCom has admitted before a New York court that he used to lie to fellow board members. Speaking at the trial of his former boss Bernard Ebbers, Scott "
business,3,5,"Glaxo aims high after profit fall GlaxoSmithKline saw its profits fall 9% last year to Â£6.2bn ($11.5bn), but Europe's biggest drugmaker says a recovery during 2005 is on the way. Cheap copies of its drugs, particularly anti-depressants Pax"
business,3,5,"Japan bank shares up on link talk Shares of Sumitomo Mitsui Financial (SMFG), and Daiwa Securities jumped amid speculation that two of Japan's biggest financial companies will merge. Financial newspaper Nihon Keizai Shimbun claimed that the"
business,3,5,Car giant hit by Mercedes slump A slump in profitability at luxury car maker Mercedes has prompted a big drop in profits at parent DaimlerChrysler. The German-US carmaker saw fourth quarter operating profits fall to 785m euros ($1bn) from 2
business,3,5,Ericsson sees earnings improve Telecoms equipment supplier Ericsson has posted a rise in fourth quarter profits thanks to clients like Deutsche Telekom upgrade their networks. Operating profit in the three months to 31 December was 9.5bn kr
business,3,5,Bank opts to leave rates on hold The Bank of England has left interest rates on hold at 4.75% for a sixth month in a row. The Bank's Monetary Policy Committee (MPC) decided to take no action amid mixed signals from the economy. But some eco
business,3,5,Nigeria to boost cocoa production The government of Nigeria is hoping to triple cocoa production over the next three years with the launch of an ambitious development programme. Agriculture Minister Adamu Bello said the scheme aimed to boos
business,3,5,"US interest rates increased to 2% US interest rates are to rise for the fourth time in five months, in a widely anticipated move. The Federal Reserve has raised its key federal funds rate by a quarter percentage point to 2% in light of moun"
business,3,5,US bank in $515m SEC settlement Five Bank of America subsidiaries have agreed to pay a total of $515m (Â£277m) to settle an investigation into fraudulent trading share practices. The US Securities and Exchange Commission announced the settl
business,3,5,Train strike grips Buenos Aires A strike on the Buenos Aires underground has caused traffic chaos and large queues at bus stops in the Argentine capital. Tube workers walked out last week demanding a 53% pay rise and in protest against the 
business,3,5,"Bargain calls widen Softbank loss Japanese communications firm Softbank has widened losses after heavy spending on a new cut-rate phone service. The service, launched in December and dubbed ""Otoku"" or ""bargain"", has had almost 900,000 order"
business,3,5,WMC profits up amid bid criticism Australian mining firm WMC Resources has seen a fivefold rise in profits while continuing to be the target of a hostile takeover bid. WMC said it made net profits of 1.33bn Australian dollars ($1bn; Â£550m)
business,3,5,"Barclays profits hit record level Barclays, the UK's third-biggest bank, has seen annual pre-tax profits climb to record levels boosted by a sharp rise in business at its investment arm. Profits for the year to 31 December rose 20% to Â£4.6"
business,3,5,"Yukos owner sues Russia for $28bn The majority owner of embattled Russian oil firm Yukos has sued the Russian government for $28.3bn (Â£15.2bn). The Kremlin last year seized and sold Yukos' main production arm, Yugansk, to state-run oil gro"
business,3,5,Qantas sees profits fly to record Australian airline Qantas has posted a record fiscal first-half profit thanks to cost-cutting measures. Net profit in the six months ending 31 December rose 28% to A$458.4m ($357.6m; Â£191m) from a year ear
business,3,3,"Iraq to invite phone licence bids Iraq is to invite bids for two telephone licences, saying it wants to significantly boost nationwide coverage over the next decade. Bids have been invited from local, Arab and foreign companies, Iraq's Mini"
business,3,5,Aviation firms eye booming India India's defence minister has opened the country's Aero India 2005 air show with an invitation for global aerospace firms to outsource jobs to the nation. Pranab Mukherjee said such companies could take advan
business,3,5,"Russian oil merger excludes Yukos The merger of Russian gas giant Gazprom and oil firm Rosneft is to go ahead, but will not include Yugansk, which was controversially bought last year. The merger, backed by Russian authorities, will allow f"
business,3,5,"Brazil buy boosts Belgium's Inbev Belgian brewing giant Inbev has seen its profits soar thanks to its acquisition of Brazil's biggest beer firm Ambev last year. Inbev, which makes Stella Artois, said pre-tax profits for 2004 rose 56% to 1.1"
business,1,2,"Salary scandal in Cameroon Cameroon says widespread corruption in its finance ministry has cost it 1bn CFA francs ($2m; Â£1m) a month. About 500 officials are accused of either awarding themselves extra money or claiming salaries for ""non-e"
business,3,5,"US adds more jobs than expected The US economy added 337,000 jobs in October - a seven-month high and far more than Wall Street expectations. In a welcome economic boost for newly re-elected President George W Bush, the Labor Department fig"
business,3,5,Feta cheese battle reaches court A row over whether only Greece should be allowed to label its cheese feta has reached the European Court of Justice. The Danish and German governments are challenging a European Commission ruling which said 
business,3,5,"Ukraine revisits state sell-offs Ukraine is preparing what could be a wholesale review of the privatisation of thousands of businesses by the previous administration. The new President, Viktor Yushchenko, has said a ""limited"" list of compan"
business,3,5,Bank set to leave rates on hold UK interest rates are set to remain on hold at 4.75% following the latest meeting of the Bank of England. The Bank's rate-setting committee has put up rates five times in the past year but rates have been on 
business,3,5,Winter freeze keeps oil above $50 Oil prices carried on rising on Wednesday after cold weather on both sides of the North Atlantic pushed US crude prices to four-month highs. Freezing temperatures and heavy snowfalls took crude oil prices p
business,3,5,"German jobless rate at new record More than 5.2 million Germans were out of work in February, new figures show. The figure of 5.216 million people, or 12.6% of the working-age population, is the highest jobless rate in Europe's biggest econ"
business,3,5,"Ore costs hit global steel firms Shares in steel firms have dropped worldwide amid concerns that higher iron ore costs will hit profit growth. Shares in Germany's ThyssenKrupp, the UK's Corus and France's Arcleor fell while Japan's Nippon S"
business,3,5,"BMW reveals new models pipeline BMW is preparing to enter the market for car-style people carriers, the firm's chief has told BBC News. Speaking at a BMW event ahead of the Geneva motor show, Helmut Panke predicted demand for such crossover"
business,3,5,Asian banks halt dollar's slide The dollar regained some lost ground against most major currencies on Wednesday after South Korea and Japan denied they were planning a sell-off. The dollar suffered its biggest one-day fall in four months on
business,3,5,"Weak dollar trims Cadbury profits The world's biggest confectionery firm, Cadbury Schweppes, has reported a modest rise in profits after the weak dollar took a bite out of its results. Underlying pre-tax profits rose 1% to Â£933m ($1.78bn) "
business,3,5,Oil prices fall back from highs Oil prices retreated from four-month highs in early trading on Tuesday after producers' cartel Opec said it was now unlikely to cut production. Following the comments by acting Opec secretary general Adnan Sh
business,3,5,"Winn-Dixie files for bankruptcy US supermarket group Winn-Dixie has filed for bankruptcy protection after succumbing to stiff competition in a market dominated by Wal-Mart. Winn-Dixie, once among the most profitable of US grocers, said Chap"
business,3,5,Why few targets are better than many The economic targets set out at the Lisbon summit of European Union leaders in 2000 were meant to help Europe leapfrog its way past the United States to become the world's leading economy by 2010. But th
business,3,5,"Malaysia lifts Islamic bank limit Malaysia's central bank is to relax restrictions on foreign ownership to encourage Islamic banking. Banks in Malaysia will now be able to sell up to 49% of their Islamic banking units, while the limit on ot"
business,3,5,"Alfa Romeos 'to get GM engines' Fiat is to stop making six-cylinder petrol engines for its sporty Alfa Romeo subsidiary, unions at the Italian carmaker have said. The unions claim Fiat is to close the Fiat Powertrain plant at Arese near Mil"
business,3,5,"Saab to build Cadillacs in Sweden General Motors, the world's largest car maker, has confirmed that it will build a new medium-sized Cadillac BLS at its loss-making Saab factory in Sweden. The car, unveiled at the Geneva motor show, is inte"
business,3,5,"Shares hit by MS drug suspension Shares in Elan and Biogen Idec plunged on Monday as the firms suspended sales of new multiple sclerosis drug Tysabri after a patient's death in the US. On the New York Stock Exchange, shares in Ireland-based"
business,3,5,"Bank voted 8-1 for no rate change The decision to keep interest rates on hold at 4.75% earlier this month was passed 8-1 by the Bank of England's rate-setting body, minutes have shown. One member of the Bank's Monetary Policy Committee (MPC"
business,3,5,Crude oil prices back above $50 Cold weather across parts of the United States and much of Europe has pushed US crude oil prices above $50 a barrel for the first time in almost three months. Freezing temperatures and heavy snowfall have inc
business,3,5,"House prices show slight increase Prices of homes in the UK rose a seasonally adjusted 0.5% in February, says the Nationwide building society. The figure means the annual rate of increase in the UK is down to 10.2%, the lowest rate since Ju"
business,3,2,"Golden rule boost for Chancellor Chancellor Gordon Brown has been given a Â£2.1bn boost in his attempts to meet his golden economic rule, which allows him to borrow only for investment. The extra leeway came after the Office for National St"
business,3,5,"Macy's owner buys rival for $11bn US retail giant Federated Department Stores is to buy rival May Department Stores for $11bn (Â£5.7bn). The deal will bring together famous stores like Macy's, Bloomingdale's and Marshall Field's, creating t"
business,3,5,"Industrial revival hope for Japan Japanese industry is growing faster than expected, boosting hopes that the country's retreat back into recession is over. Industrial output rose 2.1% - adjusted for the time of year - in January from a mont"
business,3,5,"Khodorkovsky ally denies charges A close associate of former Yukos boss Mikhail Khodorkovsky has told a court that fraud charges levelled against him are ""false"". Platon Lebedev has been on trial alongside Mr Khodorkovsky since June in a ca"
business,3,5,"Qatar and Shell in $6bn gas deal Shell has signed a $6bn (Â£3.12bn) deal with the Middle Eastern sheikhdom of Qatar to supply liquid natural gas (LNG) to North America and Europe. The UK-Dutch group will own 30% of the project, with Qatar's"
business,3,5,India unveils anti-poverty budget India is to boost spending on primary schools and health in a budget flagged as a boost for the ordinary citizen. India's defence budget has also been raised 7.8% to 830bn rupees ($19bn). The priority for F
business,3,5,"GM pays $2bn to evade Fiat buyout General Motors of the US is to pay Fiat 1.55bn euros ($2bn; Â£1.1bn) to get out of a deal which could have forced it to buy the Italian car maker outright. Fiat had sold GM a stake in 2000, as part of a par"
business,3,5,"Ex-Boeing director gets jail term An ex-chief financial officer at Boeing has received a four-month jail sentence and a fine of $250,000 (Â£131,961) for illegally hiring a top Air Force aide. Michael Sears admitted his guilt in breaking con"
business,3,5,"Verizon 'seals takeover of MCI' Verizon has won a takeover battle for US phone firm MCI with a bid worth $6.8bn (Â£3.6bn), reports say. The two firms are expected to seal the deal on Monday morning, according to news agency reports, despite"
business,3,5,"US data sparks inflation worries Wholesale prices in the US rose at the fastest rate in more than six years in January, according to government data. New figures show the Labor Department producer price index (PPI) rose by 0.3% - in line wi"
business,3,5,Yukos sues four firms for $20bn Russian oil firm Yukos has sued four companies for their role in last year's forced state auction of its key oil production unit Yuganskneftegas. Yukos is claiming more than $20bn (Â£11bn) in damages after Yu
business,3,5,"Consumer spending lifts US growth US economic growth accelerated in the third quarter, helped by strong consumer spending, official figures have shown. The economy expanded at an annual rate of 3.7% in the July to September period, the Comm"
business,1,2,"Crossrail link 'to get go-ahead' The Â£10bn Crossrail transport plan, backed by business groups, is to get the go-ahead this month, according to The Mail on Sunday. It says the UK Treasury has allocated Â£7.5bn ($13.99bn) for the project an"
business,3,5,"Hariri killing hits Beirut shares Shares in Solidere, the Lebanese company founded by assassinated former prime minister Rafik Hariri, fell 15% in renewed trading in Beirut. The real estate firm, which dominates Lebanon's stock exchange, en"
business,3,5,"Small firms 'hit by rising costs' Rising fuel and materials costs are hitting confidence among the UK's small manufacturers despite a rise in output, business lobby group the CBI says. A CBI quarterly survey found output had risen by the fa"
business,3,5,"Buyers snap up Jet Airways' shares Investors have snapped up shares in Jet Airways, India's biggest airline, following the launch of its much anticipated initial public offer (IPO). The IPO for 17.3 million shares was fully sold within 10 m"
business,3,5,"House prices suffer festive fall UK house prices fell 0.7% in December, according to figures from the Office of the Deputy Prime Minister. Nationally, house prices rose at an annual rate of 10.7% in December, less than the 13.7% rise the pr"
business,3,5,"Deutsche Boerse boosts dividend Deutsche Boerse, the German stock exchange that is trying to buy its London rival, has said it will boost its 2004 dividend payment by 27%. Analysts said that the move is aimed at winning over investors oppos"
business,3,5,"Newest EU members underpin growth The European Union's newest members will bolster Europe's economic growth in 2005, according to a new report. The eight central European states which joined the EU last year will see 4.6% growth, the United"
business,3,5,"Brewers' profits lose their fizz Heineken and Carlsberg, two of the world's largest brewers, have reported falling profits after beer sales in western Europe fell flat. Dutch firm Heineken saw its annual profits drop 33% and warned that ear"
business,3,5,"Yangtze Electric's profits double Yangtze Electric Power, the operator of China's Three Gorges Dam, has said its profits more than doubled in 2004. The firm has benefited from increased demand for electricity at a time when power shortages "
business,3,5,"French consumer spending rising French consumers increased their spending by 1.5% in January, a figure which bodes well for the country's economic growth, figures revealed. The National Statistic Institute (INSEE) added that consumer spendi"
business,3,5,GSK aims to stop Aids profiteers One of the world's largest manufacturers of HIV/Aids drugs has launched an initiative to combat the smuggling of cheaper pills - supplied to poorer African countries - back into Europe for resale at far high
business,3,5,"Optimism remains over UK housing The UK property market remains robust despite the recent slowdown, according to mortgage lender Bradford & Bingley and housebuilder George Wimpey. B&B said the buy-to-let market - in which the bank is a majo"
business,3,5,"Russia WTO talks 'make progress' Talks on Russia's proposed membership of the World Trade Organisation (WTO) have been ""making good progress"" say those behind the negotiations. But the chairman of the working party, Ambassador Stefan Johann"
business,5,5,"Irish duo could block Man Utd bid Irishmen JP McManus and John Magnier, who own a 29% stake in Manchester United, will reportedly reject any formal Â£800m offer for the club. The Sunday Times and The Sunday Telegraph say they will oppose an"
business,3,5,Dollar drops on reserves concerns The US dollar has dropped against major currencies on concerns that central banks may cut the amount of dollars they hold in their foreign reserves. Comments by South Korea's central bank at the end of last
business,3,5,"India and Russia in energy talks India and Russia are to work together in a series of energy deals, part of a pact which could see India invest up to $20bn in oil and gas projects. On the agenda are oil and gas extraction as well as transpo"
business,3,5,"Weak data buffets French economy A batch of downbeat government data has cast doubt over the French economy's future prospects. Official figures showed on Friday that unemployment was unchanged at 9.9% last month, while consumer confidence "
business,3,5,"Business fears over sluggish EU economy As European leaders gather in Rome on Friday to sign the new EU constitution, many companies will be focusing on matters much closer to home - namely how to stay in business. Lille is a popular touris"
business,3,5,"M&S cuts prices by average of 24% Marks & Spencer has cut prices in London and the regions by an average of 24%, according to research from a City investment bank. Dresdner Kleinwort Wasserstein said: ""In spite of the snow in the UK, it sti"
business,3,5,US bank 'loses' customer details The Bank of America has revealed it has lost computer tapes containing account details of more than one million customers who are US federal employees. Several members of the US Senate are among those affect
business,3,5,"Huge rush for Jet Airways shares Indian airline Jet Airways' initial public offering was oversubscribed 16.2 times, bankers said on Friday. Over 85% of the bids were at the higher end of the price range of 1,050-1,125 rupees ($24-$26). Jet "
business,3,5,Bank payout to Pinochet victims A US bank has said it will donate more than $8m to victims of former Chilean military ruler Augusto Pinochet's regime under a Madrid court settlement. Riggs Bank will put money in a special fund to be managed
business,3,5,"Qwest may spark MCI bidding war US phone company Qwest has said it will table a new offer for MCI after losing out to larger rival Verizon, setting the scene for a possible bidding war. MCI accepted a $6.75bn (Â£3.6bn) buyout from telecoms "
business,3,5,Fiat chief takes steering wheel The chief executive of the Fiat conglomerate has taken day-to-day control of its struggling car business in an effort to turn it around. Sergio Marchionne has replaced Herbert Demel as chief executive of Fiat
business,3,5,"Consumers drive French economy France's economic growth accelerated in the last three months of 2004, driven by consumer spending, a report shows. Gross domestic product (GDP) rose by 0.8% in the fourth quarter compared with the previous th"
business,3,5,US regulator to rule on pain drug US food and drug regulators will decide on Friday whether to recommend the sale of painkillers that have been linked to a high risk of heart attack and stroke. The Food and Drug Administration (FDA) advisor
business,3,5,"Yukos bankruptcy 'not US matter' Russian authorities do not have to abide by any US court decisions taken with regard to troubled oil giant Yukos, a Houston court has been told. Legal expert William Butler said there was no treaty between t"
business,3,5,"Borussia Dortmund near bust German football club and former European champion Borussia Dortmund has warned it will go bankrupt if rescue talks with creditors fail. The company's shares tumbled after it said it has ""entered a life-threatenin"
business,3,5,"'Post-Christmas lull' in lending UK mortgage lending showed a ""post-Christmas lull"" in January, indicating a slowing housing market, lenders have said. Both the Council of Mortgage Lenders (CML) and Building Society Association (BSA) said l"
business,3,5,"UK 'risks breaking golden rule' The UK government will have to raise taxes or rein in spending if it wants to avoid breaking its ""golden rule"", a report suggests. The rule states that the government can borrow cash only to invest, and not t"
business,3,5,Worldcom director ends evidence The former chief financial officer at US telecoms firm WorldCom has finished giving evidence at the trial of his ex-boss Bernie Ebbers. Scott Sullivan admitted to jurors he was willing to commit fraud to meet
business,3,5,"Ukraine steel sell-off 'illegal' The controversial sell-off of a Ukrainian steel mill to a relative of the former president was illegal, a court has ruled. The mill, Krivorizhstal, was sold in June 2004 for $800m (Â£424m) - well below other"
business,3,5,"Cairn shares up on new oil find Shares in Cairn Energy have jumped 6% after the firm said an Indian oilfield was larger than previously thought. Cairn said drilling to the north-west of its development site in Rajasthan had produced ""very s"
business,1,5,"Georgia plans hidden asset pardon Georgia is offering a one-off 'tax amnesty' to people who hid their earnings under the regime of former president Eduard Shevardnadze. The country's new president, Mikhail Saakashvili, has said that anyone "
business,3,5,"Cuba winds back economic clock Fidel Castro's decision to ban all cash transactions in US dollars in Cuba has once more turned the spotlight on Cuba's ailing economy. All conversions between the US dollar and Cuba's ""convertible"" peso will "
business,3,5,"Novartis hits acquisition trail Swiss drugmaker Novartis has announced 5.65bn euros ($7.4bn; Â£3.9bn) of purchases to make its Sandoz unit the world's biggest generic drug producer. Novartis, which last month forecast record sales for 2005,"
business,3,5,"MCI shareholder sues to stop bid A shareholder in US phone firm MCI has taken legal action to halt a $6.75bn (Â£3.6bn) buyout by telecoms giant Verizon, hoping to get a better deal. The lawsuit was filed on Friday after Qwest Communications"
business,3,5,"'Standoff' on Deutsche's LSE bid Deutsche Boerse investors unhappy with its London Stock Exchange bid will have no chance to throw out the exchange's management until May, Reuters says. The Sunday Times reported that hedge funds TCI and Att"
business,3,5,"Bush to outline 'toughest' budget President Bush is to send his toughest budget proposals to date to the US Congress, seeking large cuts in domestic spending to lower the deficit. About 150 federal programs could be cut or axed altogether a"
business,2,3,Orange colour clash set for court A row over the colour orange could hit the courts after mobile phone giant Orange launched action against a new mobile venture from Easyjet's founder. Orange said it was starting proceedings against the Eas
business,3,5,"Standard Life cuts policy bonuses Standard Life, Europe's largest mutual life insurer, has cut bonuses for with-profit policyholders. Annual bonus rates on its with-profits life policies were cut from 2.5% to 2%, while bonuses on pension po"
business,3,5,EMI shares hit by profit warning Shares in music giant EMI have sunk by more than 16% after the firm issued a profit warning following disappointing sales and delays to two album releases. EMI said music sales for the year to March will fal
business,3,5,"China's Shanda buys stake in Sina Chinese online game operator Shanda Interactive Entertainment has bought a 20% stake in Sina, the country's biggest internet portal firm. The move may be a precursor to a full takeover, with analysts saying"
business,5,5,Mixed reaction to Man Utd offer Shares in Manchester United were up over 5% by noon on Monday following a new offer from Malcolm Glazer. The board of Man Utd is expected to meet early this week to discuss the latest proposal from the US tyc
business,3,5,"Gold falls on IMF sale concerns The price of gold has fallen after the International Monetary Fund (IMF) said it will look at ways of using its gold reserves to provide debt relief. By revaluing its holdings, the IMF may be able to sell bil"
business,2,3,Electronics firms eye plasma deal Consumer electronics giants Hitachi and Matshushita Electric are joining forces to share and develop technology for flat screen televisions. The tie-up comes as the world's top producers are having to conte
business,3,5,"MG Rover China tie-up 'delayed' MG Rover's proposed tie-up with China's top carmaker has been delayed due to concerns by Chinese regulators, according to the Financial Times. The paper said Chinese officials had been irritated by Rover's di"
business,3,5,"US bank boss hails 'genius' Smith US Federal Reserve chairman Alan Greenspan has given a speech at a Scottish church in honour of the pioneering economist, Adam Smith. He delivered the 14th Adam Smith Lecture in Kirkcaldy, Fife. The Adam Sm"
business,3,5,"Economy 'strong' in election year UK businesses are set to prosper during the next few months - but this could trigger more interest rate rises, according to a report. Optimism is at its highest since 1997 and business will reap the benefit"
business,3,5,"SEC to rethink post-Enron rules The US stock market watchdog's chairman has said he is willing to soften tough new US corporate governance rules to ease the burden on foreign firms. In a speech at the London School of Economics, William Don"
business,3,5,"Nissan names successor to Ghosn Nissan has named a lifetime employee to run its operations after Carlos Ghosn, its highly successful boss, takes charge at Renault. As chief operating officer, Toshiyuki Shiga will run Nissan on a daily basis"
business,3,5,"Ukraine trims privatisation check Ukraine is to review ""dozens"" of state asset sales as the country's new administration tackles corruption. The figure announced by President Viktor Yushchenko is less than the 3,000 cases mentioned last wee"
business,3,5,"Absa and Barclays talks continue South Africa biggest retail bank Absa has said it is still in talks with UK bank Barclays over the sale of majority stake in the group. In November, Absa said it was close to striking a deal with Barclays. B"
business,3,5,"Rescue hope for Borussia Dortmund Shares in struggling German football club Borussia Dortmund slipped on Monday despite the club agreeing a rescue plan with creditors on Friday. The club, which has posted record losses and racked up debts, "
business,3,5,Standard Life concern at LSE bid Standard Life is the latest shareholder in Deutsche Boerse to express concern at the German stock market operator's plans to buy the London Stock Exchange. It said Deutsche Boerse had to show why its planned
business,3,5,"BP surges ahead on high oil price Oil giant BP has announced a 26% rise in annual profits to $16.2bn (Â£8.7bn) on the back of record oil prices. Last week, rival Shell reported an annual profit of $17.5bn - a record profit for a UK-listed c"
business,3,5,Oil companies get Russian setback International oil and mining companies have reacted cautiously to Russia's decision to bar foreign firms from natural resource tenders in 2005. US oil giant Exxon said it did not plan to take part in a new 
business,3,5,Gaming firm to sell UK dog tracks Six UK greyhound tracks have been put up for sale by gaming group Wembley as part of a move which will lead to the break-up of the group. Wembley announced the planned sale as it revealed it was to offload 
business,3,5,"Man Utd to open books to Glazer Manchester United's board has agreed to give US tycoon Malcolm Glazer access to its books. Earlier this month, Mr Glazer presented the board with detailed proposals on an offer to buy the football club. In a "
business,3,5,"Sales 'fail to boost High Street' The January sales have failed to help the UK High Street recover from a poor Christmas season, a survey has found. Stores received a boost from bargain hunters but trading then reverted to December levels, "
business,4,3,"McDonald's to sponsor MTV show McDonald's, the world's largest restaurant chain, is to sponsor a programme on music channel MTV as part of its latest youth market promotion. The show Advance Warning highlights new talent and MTV reckons it "
business,1,5,Call to save manufacturing jobs The Trades Union Congress (TUC) is calling on the government to stem job losses in manufacturing firms by reviewing the help it gives companies. The TUC said in its submission before the Budget that action is
business,3,5,"Tsunami 'to hit Sri Lanka banks' Sri Lanka's banks face hard times following December's tsunami disaster, officials have warned. The Sri Lanka Banks Association said the waves which killed more than 30,000 people also washed away huge amoun"
business,3,5,"Shares rise on new Man Utd offer Shares in Manchester United closed up 4.75% on Monday following a new offer from US tycoon Malcolm Glazer. The board of the football club is expected to meet early this week to discuss the latest proposal, w"
business,3,5,Yukos drops banks from court bid Russian oil company Yukos has dropped the threat of legal action against five banks it had accused of involvement in the sale of its key Yugansk unit. State-owned Rosneft bought the unit for $9.3bn (Â£5bn) a
business,3,5,Venezuela reviews foreign deals Venezuela is to review all foreign investment in its mining industries in an effort to strengthen its indigenous industrial output. President Hugo Chavez has ordered all existing contracts with foreign firms 
business,3,5,"Lloyd's of London head chides FSA The head of Lloyd's of London, the insurance market, has criticised Britain's financial watchdog, the Financial Services Authority (FSA). In a speech on Monday, Mr Prettejohn urged the FSA to force brokers "
business,3,5,"Bat spit drug firm goes to market A German firm whose main product is derived from the saliva of the vampire bat is looking to raise more than 70m euros ($91m; Â£49m) on the stock market. The firm, Paion, said that it hoped to sell 5 millio"
business,3,3,"Vodafone appoints new Japan boss Vodafone has drafted in its UK chief executive William Morrow to take charge of its troubled Japanese operation. Mr Morrow will succeed Shiro Tsuda as president of Vodafone KK, Japan's number three mobile op"
business,1,5,"Pension hitch for long-living men Male life expectancy is much higher than originally estimated, leading pension researchers have said. The Pensions Policy Institute (PPI) said life expectancy for unskilled and professional men has been und"
business,2,3,"Card fraudsters 'targeting web' New safeguards on credit and debit card payments in shops has led fraudsters to focus on internet and phone payments, an anti-fraud agency has said. Anti-fraud consultancy Retail Decisions says 'card-not-pres"
business,3,5,"Britannia members' Â£42m windfall More than 800,000 Britannia Building Society members are to receive a profit share worth on average Â£52 each. Members of the UK's second largest building society will share Â£42m, with 100,000 receiving a "
business,3,5,"Firms pump billions into pensions Employers have spent billions of pounds propping up their final salary pensions over the past year, research suggests. A survey of 280 schemes by Incomes Data Services' (IDS) said employer contributions had"
business,3,5,"UK homes hit Â£3.3 trillion total The value of the UK's housing stock reached the Â£3.3 trillion mark in 2004 - triple the value 10 years earlier, a report indicates. Research from Halifax, the country's biggest mortgage lender, suggests th"
business,3,5,"Economy 'strong' in election year UK businesses are set to prosper during the next few months - but this could trigger more interest rate rises, according to a report. Optimism is at its highest since 1997 and business will reap the benefit"
business,3,5,G7 backs Africa debt relief plan G7 finance ministers have backed plans to write off up to 100% of the debts of some of the world's poorest countries. UK chancellor Gordon Brown said the London meeting of the world's seven richest nations w
business,3,5,"Q&A: Malcolm Glazer and Man Utd The battle for control of Manchester United has taken another turn after the club confirmed it had received a fresh takeover approach from US business tycoon Malcolm Glazer. No formal offer has been made yet,"
business,2,3,"Making your office work for you Our mission to brighten up your working lives continues - and this time, we're taking a long hard look at your offices. Over the next few months, our panel of experts will be listening to your gripes about wh"
business,3,5,"Market unfazed by Aurora setback As the Aurora limped back to its dock on 20 January, a blizzard of photos and interviews seemed to add up to an unambiguous tale of woe. The ship had another slice of bad luck to add to its history of health"
business,3,5,"The 'ticking budget' facing the US The budget proposals laid out by the administration of US President George W Bush are highly controversial. The Washington-based Economic Policy Institute, which tends to be critical of the President, look"
business,3,5,"Ebbers 'aware' of WorldCom fraud Former WorldCom boss Bernie Ebbers was directly involved in the $11bn financial fraud at the firm, his closest associate has told a US court. Giving evidence in the criminal trial of Mr Ebbers, ex-finance ch"
business,3,5,Renault boss hails 'great year' Strong sales outside western Europe helped Renault boost its profits by more than 40% in 2004 although the firm warned of lower margins this year. France's second largest carmaker enjoyed a healthy 43% rise i
business,3,5,"Survey confirms property slowdown Government figures have confirmed a widely reported slowdown of the UK's housing market in late 2004. House prices were 11.8% higher on the year in the last quarter of 2004, down from 16.3% in the July-to-S"
business,3,5,"Bush budget seeks deep cutbacks President Bush has presented his 2006 budget, cutting domestic spending in a bid to lower a record deficit projected to peak at $427bn (Â£230bn) this year. The $2.58 trillion (Â£1.38 trillion) budget submitte"
business,3,5,Profits stall at China's Lenovo Profits at Chinese computer firm Lenovo have stood still amid slowing demand at home and stiffening competition. The firm is in the international spotlight after last year signing a deal to buy the PC divisio
business,3,5,MCI shares climb on takeover bid Shares in US phone company MCI have risen on speculation that it is in takeover talks. The Wall Street Journal reported on Thursday that Qwest has bid $6.3bn (Â£3.4bn) for MCI. Other firms have also expresse
business,2,3,BT offers equal access to rivals BT has moved to pre-empt a possible break-up of its business by offering to cut wholesale broadband prices and open its network to rivals. The move comes after telecom regulator Ofcom said in November that t
business,3,5,"Jobs growth still slow in the US The US created fewer jobs than expected in January, but a fall in jobseekers pushed the unemployment rate to its lowest level in three years. According to Labor Department figures, US firms added only 146,00"
business,2,3,"News Corp eyes video games market News Corp, the media company controlled by Australian billionaire Rupert Murdoch, is eyeing a move into the video games market. According to the Financial Times, chief operating officer Peter Chernin said t"
business,1,2,"Call to overhaul UK state pension The UK pension system has been branded inadequate and too complex by a leading retirement think-tank. The Pensions Policy Institute (PPI) said replacing the state pension with a ""citizen's pension"" would he"
business,3,5,"Singapore growth at 8.1% in 2004 Singapore's economy grew by 8.1% in 2004, its best performance since 2000, figures from the trade ministry show. The advance, the second-fastest in Asia after China, was led by growth of 13.1% in the key man"
business,3,5,"Turkey knocks six zeros off lira Turkey is to relaunch its currency on Saturday, knocking six zeros off the lira in the hope of boosting trade and powering its growing economy. The change will see the end of such dizzyingly-high denominatio"
business,3,5,"S Korea spending boost to economy South Korea will boost state spending next year in an effort to create jobs and kick start its sputtering economy. It has earmarked 100 trillion won ($96bn) for the first six months of 2005, 60% of its tota"
business,3,5,"Latin America sees strong growth Latin America's economy grew by 5.5% in 2004, its best performance since 1980, while exports registered their best performance in two decades. The United Nations' Economic Commission for Latin America and th"
business,3,5,"Asia shares defy post-quake gloom Indonesian, Indian and Hong Kong stock markets reached record highs. Investors seemed to feel that some of the worst-affected areas were so under-developed that the tragedy would have little impact on Asia'"
business,3,5,"Booming markets shed few tears The market, former British government minister Michael Heseltine once said, has no morality. And indeed, stock exchange traders around Asia have wasted little time regretting the victims of this week's disaste"
business,3,5,"Asian quake hits European shares Shares in Europe's leading reinsurers and travel firms have fallen as the scale of the damage wrought by tsunamis across south Asia has become apparent. More than 23,000 people have been killed following a m"
business,3,5,"Split-caps pay Â£194m compensation Investors who lost money following the split-capital investment trust scandal are to receive Â£194m compensation, the UK's financial watchdog has announced. Eighteen investment firms involved in the sale o"
business,3,5,French suitor holds LSE meeting European stock market Euronext has met with the London Stock Exchange (LSE) amid speculation that it may be ready to launch a cash bid. Euronext chief Jean-Francois Theodore held talks with LSE boss Clara Fur
business,3,5,"Troubled Marsh under SEC scrutiny The US stock market regulator is investigating troubled insurance broker Marsh & McLennan's shareholder transactions, the firm has said. The Securities and Exchange Commission has asked for information abou"
business,3,5,"Could Yukos be a blessing in disguise? Other things being equal, the notion of entrepreneurs languishing in jail while their companies are sold off for a song ought to be bad for business. But in the looking-glass world of modern Russia, th"
business,3,5,Nasdaq planning $100m share sale The owner of the technology-dominated Nasdaq stock index plans to sell shares to the public and list itself on the market it operates. According to a registration document filed with the Securities and Excha
business,3,5,"Giving financial gifts to children Your child or grandchild may want the latest toy this Christmas, but how about giving them a present that will help their financial future? Gifts of the financial variety might have a longer lasting impact"
business,3,5,"Air China in $1bn London listing China's national airline is to make its overseas stock market debut with a dual listing in London and Hong Kong, the London Stock Exchange (LSE) has said. Air China plans to raise $1bn (Â£514m) from the flot"
business,3,5,"Oil prices reach three-month low Oil prices have fallen heavily for a second day, closing at three-month lows after news that US crude stocks have improved ahead of winter. London Brent crude closed at $40.15 on Thursday - a drop of 5.1% - "
business,3,5,"Arsenal 'may seek full share listing' Arsenal vice-chairman David Dein has said the club may consider seeking a full listing for its shares on the London Stock Exchange. Speaking at the Soccerex football business forum in Dubai, he said a f"
business,3,5,Markets signal Brazilian recovery The Brazilian stock market has risen to a record high as investors display growing confidence in the durability of the country's economic recovery. The main Bovespa index on the Sao Paolo Stock Exchange clo
business,3,5,Markets fall on weak dollar fears Rising oil prices and the sinking dollar hit shares on Monday after a finance ministers' meeting and stern words from Fed chief Alan Greenspan. The London FTSE fell 0.8% while Tokyo's Nikkei 225 dropped 2.1
business,3,5,"Google shares fall as staff sell Shares in Google have fallen 6.7% after employees and early investors in the web search took advantage of the first chance to sell their holdings. Restrictions were imposed ahead of its flotation in August, "
business,3,5,"Five million Germans out of work Germany's unemployment figure rose above the psychologically important level of five million last month. On Wednesday, the German Federal Labour Agency said the jobless total had reached 5.037 million in Jan"
business,3,5,"India power shares jump on debut Shares in India's largest power producer, National Thermal Power Corp (NTPC) have risen 13% on their stock market debut. The government's partial sell-off of NTPC is part of a controversial programme to priv"
business,3,5,"Turkey turns on the economic charm Three years after a gruelling economic crisis, Turkey has dressed its economy to impress. As part of a charm offensive - ahead of 17 December, when the European Union will decide whether to start entry tal"
business,3,5,"SBC plans post-takeover job cuts US phone company SBC Communications said it expects to cut around 12,800 jobs following its $16bn (Â£8.5bn) takeover of former parent AT&T. SBC said 5,125 positions would go as a result of network efficienci"
business,3,5,"German bidder in talks with LSE Deutsche Boerse bosses have held ""constructive, professional and friendly"" talks with the London Stock Exchange (LSE), its chief has said. Werner Seifert met LSE chief executive Clara Furse amid rumours the G"
business,3,5,Amex shares up on spin-off news Shares in American Express surged more than 8% on Tuesday after it said it was to spin off its less profitable financial advisory subsidiary. The US credit card to travel services giant said off-loading Ameri
business,3,5,"Axa Sun Life cuts bonus payments Life insurer Axa Sun Life has lowered annual bonus payouts for up to 50,000 with-profits investors. Regular annual bonus rates on former Axa Equity & Law with-profits policies are to be cut from 2% to 1% for"
business,3,5,"Chinese dam firm 'defies Beijing' The China Three Gorges Project Corp is refusing to obey a government order to stop construction of one of its giant dams, the Chinese state press has said. The builder of the Three Gorges Dam is continuing "
business,3,5,"Stock market eyes Japan recovery Japanese shares have ended the year at their highest level since 13 July amidst hopes of an economic recovery during 2005. The Nikkei index of leading shares gained 7.6% during the year to close at 11,488.76"
business,1,5,"Iraqi voters turn to economic issues Beyond the desperate security situation in Iraq lies an economy in tatters. A vicious cycle of unemployment, poor social services and poverty has been made worse by a lack of investment. So there is much"
business,3,5,"EU 'too slow' on economic reforms Most EU countries have failed to put in place policies aimed at making Europe the world's most competitive economy by the end of the decade, a report says. The study, undertaken by the European Commission, "
business,3,5,"China continues breakneck growth China's economy has expanded by a breakneck 9.5% during 2004, faster than predicted and well above 2003's 9.1%. The news may mean more limits on investment and lending as Beijing tries to take the economy of"
business,3,5,"Japan's ageing workforce: built to last In his twenties he battled tuberculosis for eight years, then went on to run his own clothing business before marrying in his late thirties. And the 101-year-old Torao Toshitsune has eaten raw fish pr"
business,3,5,"GE sees 'excellent' world economy US behemoth General Electric has posted an 18% jump in quarterly sales, and in profits, and declared itself ""in great shape"". ""We are benefiting from our growth initiatives and an excellent global economy,"""
business,3,5,"UK economy facing 'major risks' The UK manufacturing sector will continue to face ""serious challenges"" over the next two years, the British Chamber of Commerce (BCC) has said. The group's quarterly survey of companies found exports had pick"
business,3,5,"Bank holds interest rate at 4.75% The Bank of England has left interest rates on hold again at 4.75%, in a widely-predicted move. Rates went up five times from November 2003 - as the bank sought to cool the housing market and consumer debt "
business,3,5,Tobacco giants hail court ruling US tobacco companies have welcomed an appeal court's decision to reject the government's $280bn (Â£155bn) claim for alleged deceit about smoking dangers. Tobacco stocks rose sharply on Wall Street after the 
business,3,5,"Steady job growth continues in US The US created fewer jobs than expected in December, but analysts said that the dip in hiring was not enough to derail the world's biggest economy. According to Labor Department figures, 157,000 new jobs we"
business,3,5,"Glazer makes new Man Utd approach Malcolm Glazer has made a fresh approach to buy Manchester United, which could lead to a bid valuing the Premiership club at Â£800m. The US tycoon, who has been wooing the club for the last 12 months, has a"
business,3,5,"Wall Street cheers Bush victory The US stock market has closed higher in response to George W Bush's victory in the presidential elections. The benchmark Dow Jones share index closed more than 1% higher at 10,137, while the Nasdaq rose 0.9%"
business,3,5,"Business confidence dips in Japan Business confidence among Japanese manufacturers has weakened for the first time since March 2003, the quarterly Tankan survey has found. Slower economic growth, rising oil prices, a stronger yen and weaker"
business,3,5,"Millions 'to lose textile jobs' Millions of the world's poorest textile trade workers will lose their jobs under new trade rules to be introduced in the new year, a charity has warned. The World Trade Organisation (WTO) is to end its Multi-"
business,3,5,"Dutch bank to lay off 2,850 staff ABN Amro, the Netherlands' largest bank, is to cut 2,850 jobs as a result of falling profits. The cuts - amounting to 3% of the bank's workforce - will result in a one-off charge of 790m euros ($1.1bn). Abo"
business,3,5,"Fannie Mae 'should restate books' US mortgage company Fannie Mae should restate its earnings, a move that is likely to put a billion-dollar dent in its accounts, watchdogs have said. The Securities & Exchange Commission accused Fannie Mae o"
business,3,5,US to rule on Yukos refuge call Yukos has said a US bankruptcy court will decide whether to block Russia's impending auction of its main production arm on Thursday. The Russian oil firm has filed for bankruptcy protection in the US in an at
business,3,5,J&J agrees $25bn Guidant deal Pharmaceutical giant Johnson & Johnson has agreed to buy medical technology firm Guidant for $25.4bn (Â£13bn). Guidant is a key producer of equipment that combats heart problems such as implant defibrillators a
business,3,5,"Libya takes $1bn in unfrozen funds Libya has withdrawn $1bn in assets from the US, assets which had previously been frozen for almost 20 years, the Libyan central bank has said. The move came after the US lifted a trade ban to reward Tripol"
business,3,5,Cactus diet deal for Phytopharm A slimming aid made from a southern African cactus is set to be developed by UK firm Phytopharm and Unilever. Anglo-Dutch food giant Unilever will help the pharmaceutical firm develop the snacks containing Ho
business,3,5,Brazil plays down Varig rescue The Brazilian government has played down claims that it could step in to save the country's biggest airline. Brazil's airport authority chief Carlos Wilson had claimed the government was on the brink of steppi
business,3,5,"Bombardier chief to leave company Shares in train and plane-making giant Bombardier have fallen to a 10-year low following the departure of its chief executive and two members of the board. Paul Tellier, who was also Bombardier's president,"
business,3,5,"Brazil approves bankruptcy reform A major reform of Brazil's bankruptcy laws has been approved by the country's Congress, in a move which it is hoped will cut the cost of borrowing. The bill, proposed in 1993, has finally been approved by t"
business,3,5,"Retail sales show festive fervour UK retail sales were better than expected in November as Christmas shoppers began their seasonal flock to the High Street, figures show. The Office for National Statistics (ONS) said retail sales rose 0.6% "
business,3,5,"Cairn shares slump on oil setback Shares in Cairn Energy, a UK oil firm, have closed down 18% after a disappointing drilling update and a warning over possible tax demands. The company said tests had shown no significant finds in one of its"
business,3,5,"French boss to leave EADS The French co-head of European defence and aerospace group EADS Philippe Camus is to leave his post. Mr Camus said in a statement that he has accepted the invitation to return full-time to the Lagardere group, whic"
business,3,5,AstraZeneca hit by drug failure Shares in Anglo-Swedish drug have closed down 8% in UK trade after the failure of its Iressa drug in a major clinical trial. The lung cancer drug did not significantly prolong survival in patients with the di
business,3,5,"Strong quarterly growth for Nike Nike has reported its best second-quarter earnings, helped by strong demand for its athletic shoes and Converse sneakers. The global sports giant said it posted a profit of $261.9m (Â£135.6m), for the three "
business,3,5,"Stormy year for property insurers A string of storms, typhoons and earthquakes has made 2004 the most expensive year on record for property insurers, according to Swiss Re. The world's second biggest insurer said disasters around the globe "
business,3,5,Parmalat sues 45 banks over crash Parmalat has sued 45 banks as it tries to reclaim money paid to banks before the scandal-hit Italian dairy company went bust last year. The firm collapsed with debts of about 14bn euros ($19bn; Â£10bn) and 
business,3,5,Irish company hit by Iraqi report Shares in Irish oil company Petrel Resources have lost more than 50% of their value on a report that the firm has failed to win a contract in Iraq. Reuters news agency reported that Iraq's Oil Ministry has 
business,3,5,"Yukos unit fetches $9bn at auction A little-known Russian company has bought the main production unit of oil giant Yukos at auction in Moscow. Baikal Finance Group outbid favourite Gazprom, the state-controlled gas monopoly, to buy Yuganskn"
business,3,5,"S&N extends Indian beer venture The UK's biggest brewer, Scottish and Newcastle (S&N), is to buy 37.5% of India's United Breweries in a deal worth 4.66bn rupees ($106m:Â£54.6m). S&N will buy a 17.5% equity stake in United, maker of the well"
business,3,5,"Euronext 'poised to make LSE bid' Pan-European group Euronext is poised to launch a bid for the London Stock Exchange, UK media reports say. Last week, the LSE rejected a takeover proposal from German rival Deutsche Boerse - the 530 pence-a"
business,3,5,"Christmas shoppers flock to tills Shops all over the UK reported strong sales on the last Saturday before Christmas with some claiming record-breaking numbers of festive shoppers. A spokesman for Manchester's Trafford Centre said it was ""th"
business,3,5,"Mystery surrounds new Yukos owner The fate of Russia's Yuganskneftegas - the oil firm sold to a little-known buyer on Sunday - is the subject of frantic speculation in Moscow. Baikal Finance Group emerged as the auction winner, agreeing to "
business,3,5,"Euronext joins bid battle for LSE Pan-European stock market Euronext has approached the London Stock Exchange (LSE) about a possible takeover bid. ""The approach is at an early stage and therefore does not require a response at this point,"" "
business,3,5,Iraq and Afghanistan in WTO talks The World Trade Organisation (WTO) is to hold membership talks with both Iraq and Afghanistan. But Iran's bid to join the trade body has been refused after the US blocked its application for the 21st time. 
business,3,5,"Diageo to buy US wine firm Diageo, the world's biggest spirits company, has agreed to buy Californian wine company Chalone for $260m (Â£134m) in an all-cash deal. Although Diageo's best-known brands include Smirnoff vodka and Guinness stout"
business,3,5,"Tokyo says deflation 'controlled' The Japanese government has forecast that the country's economic growth will slow to 1.6% in the next fiscal year starting in April 2005. While it predicts this fall from the current 2.1% level, it said it "
business,3,5,"No seasonal lift for house market A swathe of figures have provided further evidence of a slowdown in the UK property market. The Council of Mortgage Lenders (CML), British Bankers Association (BBA) and Building Societies Association (BSA) "
business,3,5,"Yukos seeks court action on sale Yukos will return to a US court on Wednesday to seek sanctions against Baikal Finance Group, the little-known firm which has bought its main asset. Yukos has said it will sue Baikal and others involved in th"
business,3,5,"Indy buys into India paper Irish publishing group Independent News & Media is buying up a 26% stake in Indian newspaper company Jagran in a deal worth 25m euros ($34.1m). Jagran publishes India's top-selling daily newspaper, the Hindi-langu"
business,3,5,"Senior Fannie Mae bosses resign The two most senior executives at US mortgage giant Fannie Mae have resigned after accounting irregularities were uncovered at the company. Chief executive Franklin Raines, a former senior official in the Cli"
business,3,5,Cannabis hopes for drug firm A prescription cannabis drug made by UK biotech firm GW Pharmaceuticals is set to be approved in Canada. The drug is used to treat the central nervous system and alleviate the symptoms of multiple sclerosis (MS)
business,3,5,"Bush to get 'tough' on deficit US president George W Bush has pledged to introduce a ""tough"" federal budget next February in a bid to halve the country's deficit in five years. The US budget and its trade deficit are both deep in the red, h"
business,3,5,"House prices drop as sales slow House prices fell further in November and property sale times lengthened as rate rises took their toll, the Royal Institute of Chartered Surveyors found. A total of 48% of chartered surveyor estate agents rep"
business,3,5,"Fresh hope after Argentine crisis Three years after Argentina was hit by a deadly economic crisis, there is fresh hope. The country's economy is set to grow about 8% this year after seeing 9% growth last year, a sharp turnaround from 2002 w"
business,3,5,Disney settles disclosure charges Walt Disney has settled charges from US federal regulators that it failed to disclose how family members of directors were employed by the company. The media giant was not fined by the Securities and Exchan
business,3,5,"Putin backs state grab for Yukos Russia's president has defended the purchase of Yukos' key production unit by state-owned oil firm Rosneft, saying it followed free market principles. Vladimir Putin said it was quite within the rights of a "
business,3,5,"Troubled Marsh under SEC scrutiny The US stock market regulator is investigating troubled insurance broker Marsh & McLennan's shareholder transactions, the firm has said. The Securities and Exchange Commission has asked for information abou"
business,3,5,"US firm pulls out of Iraq A US company has pulled out of a major contract to rebuild Iraq's transport system after attacks on reconstruction efforts, Pentagon officials have said. Contrack International, of Arlington, Virginia, heads a coal"
business,3,5,Boeing secures giant Japan order Boeing is to supply Japan Airlines with up to 50 of its forthcoming 7E7 planes in a deal that could be worth as much as $6bn (Â£3.1bn) for the US giant. Japan Airlines has made a firm order for 30 of the air
business,3,5,Banker loses sexism claim A former executive at the London offices of Merrill Lynch has lost her Â£7.5m ($14.6m) sex discrimination case against the US investment bank. An employment tribunal dismissed Stephanie Villalba's allegations of se
business,3,5,Building giant in asbestos payout Australian building products group James Hardie has agreed to pay $1.1bn (Â£568m) to victims of asbestos-related diseases. The landmark deal could see thousands of people suffering from lung diseases - caus
business,3,5,"Police detain Chinese milk bosses Chinese police have detained three top executives at milk firm Yili, with reports suggesting that they are being investigated for embezzlement. Yili - full name Inner Mongolia Yili Industrial - confirmed it"
business,3,5,India's Deccan seals $1.8bn deal Air Deccan has ordered 30 Airbus A320 planes in a $1.8bn (Â£931m) deal as India's first low-cost airline expands in the fast-growing domestic market. Air Deccan was set up last year and wants to lure travell
business,3,5,"Venezuela and China sign oil deal Venezuelan president Hugo Chavez has offered China wide-ranging access to the country's oil reserves. The offer, made as part of a trade deal between the two countries, will allow China to operate oil field"
business,3,5,Jarvis sells Tube stake to Spain Shares in engineering group Jarvis have soared more than 16% on news that it is offloading its stake in London underground consortium Tube Lines. The sale of the 33% stake to Spain's Ferrovial for Â£146m ($2
business,3,5,"Honda wins China copyright ruling Japan's Honda has won a copyright case in Beijing, further evidence that China is taking a tougher line on protecting intellectual property rights. A court ruled that Chongqing Lifan Industry Group must sto"
business,3,5,Air Jamaica back in state control The Jamaican government is regaining control of Air Jamaica in an bid to help the ailing company out of its financial difficulties. The firm has failed to make money since the state sold a majority stake to
business,3,5,"Battered dollar hits another low The dollar has fallen to a new record low against the euro after data fuelled fresh concerns about the US economy. The greenback hit $1.3516 in thin New York trade, before rallying to $1.3509. The dollar has"
business,3,5,"Quake's economic costs emerging Asian governments and international agencies are reeling at the potential economic devastation left by the Asian tsunami and floods. World Bank president James Wolfensohn has said his agency is ""only beginnin"
business,3,5,"Disaster claims 'less than $10bn' Insurers have sought to calm fears that they face huge losses after an earthquake and giant waves killed at least 38,000 people in southern Asia. Munich Re and Swiss Re, the world's two biggest reinsurers, "
business,3,5,"India-Pakistan peace boosts trade Calmer relations between India and Pakistan are paying economic dividends, with new figures showing bilateral trade up threefold in the summer. The value of trade in April-July rose to $186.3m (Â£97m) from "
business,3,5,US to probe airline travel chaos The US government is to investigate two airlines- US Airways and Delta Air Lines' Comair subsidiary - after travel chaos over the Christmas weekend. Staff calling in sick at US Airways and computer failures 
business,3,5,S Korean lender faces liquidation Creditors of South Korea's top credit card firm have said they will put the company into liquidation if its ex-parent firm fails to back a bail-out. LG Card's creditors have given LG group until Wednesday t
business,3,5,"Dollar hits new low versus euro The US dollar has continued its record-breaking slide and has tumbled to a new low against the euro. Investors are betting that the European Central Bank (ECB) will not do anything to weaken the euro, while t"
business,3,5,"Mild winter drives US oil down 6% US oil prices have fallen by 6%, driven down by forecasts of a mild winter in the densely populated northeast. Light crude oil futures fell $2.86 to $41.32 a barrel on the New York Mercantile Exchange (Nyme"
business,3,5,"Share boost for feud-hit Reliance The board of Indian conglomerate Reliance has agreed a share buy-back, to counter the effects of a power struggle in the controlling family. The buy-back is a victory for chairman Mukesh Ambani, whose idea "
business,3,5,"Giant waves damage S Asia economy Governments, aid agencies, insurers and travel firms are among those counting the cost of the massive earthquake and waves that hammered southern Asia. The worst-hit areas are Sri Lanka, India, Indonesia an"
business,3,5,"Asia shares defy post-quake gloom Thailand has become the first of the 10 southern Asian nations battered by giant waves at the weekend to cut its economic forecast. Thailand's economy is now expected to grow by 5.7% in 2005, rather than 6%"
business,3,5,"Israeli economy picking up pace Israel's economy is forecast to grow by 4.2% in 2004 as it continues to emerge from a three-year recession. The main driver of the faster-than-expected expansion has been exports, with tourism seeing a strong"
business,3,5,"S Korea spending boost to economy South Korea will boost state spending next year in an effort to create jobs and kick start its sputtering economy. It has earmarked 100 trillion won ($96bn) for the first six months of 2005, 60% of its tota"
business,1,2,"Soros group warns of Kazakh close The Open Society Institute (OSI), financed by billionaire George Soros, has accused Kazakhstan officials of trying to close down its local office. A demand for unpaid taxes and fines of $600,000 (Â£425,000)"
business,3,5,"Deutsche attacks Yukos case German investment bank Deutsche Bank has challenged the right of Yukos to claim bankruptcy protection in the US. In a court filing on Tuesday, it said the Russian oil giant has few Texas ties beyond bank accounts"
business,3,5,GM in crunch talks on Fiat future Fiat will meet car giant General Motors (GM) on Tuesday in an attempt to reach agreement over the future of the Italian firm's loss-making auto group. Fiat claims that GM is legally obliged to buy the 90% o
business,3,5,"Record year for Chilean copper Chile's copper industry has registered record earnings of $14.2bn in 2004, the governmental Chilean Copper Commission (Cochilco) has reported. Strong demand from China's fast-growing economy and high prices ha"
business,3,5,"US consumer confidence up Consumers' confidence in the state of the US economy is at its highest for five months and they are optimistic about 2005, an influential survey says. The feel-good factor among US consumers rose in December for th"
business,3,5,"Cash gives way to flexible friend Spending on credit and debit cards has overtaken cash spending in the UK for the first time. The moment that plastic finally toppled cash happened at 10.38am on Wednesday, according to the Association for P"
business,3,5,"Go-ahead for Balkan oil pipeline Albania, Bulgaria and Macedonia has given the go ahead for the construction of a $1.2bn oil pipeline that will pass through the Balkan peninsula. The project aims to allow alternative ports for the shipping "
business,3,5,Durex maker SSL awaits firm bid UK condom maker SSL International has refused to comment on reports it may be subject to a takeover early in 2005. A Financial Times report said business intelligence firm GPW was understood to be starting du
business,3,5,Nasdaq planning $100m-share sale The owner of the technology-dominated Nasdaq stock index plans to sell shares to the public and list itself on the market it operates. According to a registration document filed with the Securities and Excha
business,3,5,WMC says Xstrata bid is too low Australian mining firm WMC Resources has said it is worth up to 30% more than a hostile 7.4bn Australian dollar ($5.8bn; Â£3bn) bid by rival Xstrata. There is now pressure on Swiss-based Xstrata to increase i
business,3,5,"Takeover offer for Sunderland FC Bob Murray, chairman of Sunderland FC, has launched a Â£1.5m ($2.8m) bid for the club after buying broadcaster BSkyB's stake in the business. Mr Murray is already Sunderland's leading shareholder, holding a "
business,3,5,"Warning over US pensions deficit Taxpayers may have to bail out the US agency that protects workers' pension funds, leading economists have warned. With the Pension Benefit Guaranty Corporation (PBGC) some Â£23bn (Â£12m) in deficit, the Fin"
business,3,5,"Beer giant swallows Russian firm Brewing giant Inbev has agreed to buy Alfa-Eco's stake in Sun Interbrew, Russia's second-largest brewer, for up to 259.7m euros ($353.3m; Â£183.75m). Alfa-Eco, the venture capital arm of Russian conglomerate"
business,3,5,"US manufacturing expands US industrial production increased in December, according to the latest survey from the Institute for Supply Management (ISM). Its index of national manufacturing activity rose to 58.6 last month from 57.8 in Novemb"
business,3,5,"Singapore growth at 8.1% in 2004 Singapore's economy grew by 8.1% in 2004, its best performance since 2000, figures from the trade ministry show. The advance, the second-fastest in Asia after China, was led by growth of 13.1% in the key man"
business,3,5,"Madagascar completes currency switch Madagascar has completed the replacement of its Malagasy franc with a new currency, the ariary. From Monday, all prices and contracts will have to be quoted in the ariary, which was trading at 1,893 to t"
business,3,5,"Quiksilver moves for Rossignol Shares of Skis Rossignol, the world's largest ski-maker, have jumped as much as 15% on speculation that it will be bought by US surfwear firm Quiksilver. The owners of Rossignol, the Boix-Vives family, are sai"
business,3,5,Dollar hovers around record lows The US dollar hovered close to record lows against the euro on Friday as concern grows about the size of the US budget deficit. Analysts predict that the dollar will remain weak in 2005 as investors worry ab
business,3,5,S Korean credit card firm rescued South Korea's largest credit card firm has averted liquidation following a one trillion won ($960m; Â£499m) bail-out. LG Card had been threatened with collapse because of its huge debts but the firm's credi
business,3,5,"Dollar slides ahead of New Year The US dollar has hit a new record low against the euro and analysts predict that more declines are likely in 2005. Disappointing economic reports dented the currency, which had been rallying after European p"
business,3,5,"VW considers opening Indian plant Volkswagen is considering building a car factory in India, but said it had yet to make a final decision. The German giant said it was studying the possibility of opening an assembly plant in the country, bu"
business,3,5,Ukraine strikes Turkmen gas deal Ukraine has agreed to pay 30% more for natural gas supplied by Turkmenistan. The deal was sealed three days after Turkmenistan cut off gas supplies in a price dispute that threatened the Ukrainian economy. S
business,3,5,"Reliance unit loses Anil Ambani Anil Ambani, the younger of the two brothers in charge of India's largest private company, has resigned from running its petrochemicals subsidiary. The move is likely to be seen as the latest twist in a feud "
business,3,5,"India opens skies to competition India will allow domestic commercial airlines to fly long haul international routes, a move it hopes will stoke competition and drive down prices. However, only state controlled carriers will be able to fly "
business,3,5,"Oil rebounds from weather effect Oil prices recovered in Asian trade on Tuesday, after falling in New York on milder winter weather across the US. With winter temperatures staying relatively high in the northern US, a barrel of light crude "
business,1,2,"Ban on forced retirement under 65 Employers will no longer be able to force workers to retire before 65, unless they can justify it. The government has announced that firms will be barred from 2006 from imposing arbitrary retirement ages. U"
business,3,5,"Fed warns of more US rate rises The US looks set for a continued boost to interest rates in 2005, according to the Federal Reserve. Minutes of the December meeting which pushed rates up to 2.25% showed that policy-makers at the Fed are worr"
business,3,5,"Weak end-of-year sales hit Next Next has said its annual profit will be Â£5m lower than previously expected because its end-of-year clearance sale has proved disappointing. ""Clearance rates in our end-of-season sale have been below our expe"
business,3,5,"Tate & Lyle boss bags top award Tate & Lyle's chief executive has been named European Businessman of the Year by a leading business magazine. Iain Ferguson was awarded the title by US publication Forbes for returning one of the UK's ""venera"
business,3,5,Krispy Kreme shares hit Shares in Krispy Kreme Doughnuts have taken a dunking on Wall Street after the firm revealed it would have to restate its 2004 financial reports. The company warned the move would cut its profits by $3.8m to $4.9m (Â
business,3,5,Germany nears 1990 jobless level German unemployment rose for the 11th consecutive month in December - making the year's average jobless total the highest since reunification. The seasonally adjusted jobless total rose a higher than expecte
business,3,5,"Venezuela identifies 'idle' farms Venezuelan authorities have identified more than 500 farms, including 56 large estates, as idle as it continues with its controversial land reform policy. Under a 2001 land law, the government can tax or se"
business,3,5,Egypt to sell off state-owned bank The Egyptian government is reportedly planning to privatise one of the country's big public banks. An Investment Ministry official has told the Reuters news agency that the Bank of Alexandria will be sold 
business,3,5,"Wal-Mart to pay $14m in gun suit The world's largest retailer, Wal-Mart, has agreed to pay a total of $14.5m (Â£7.74m) to settle a lawsuit over gun sales violations in California. The lawsuit alleged Wal-Mart committed thousands of gun sale"
business,3,5,Yukos heading back to US courts Russian oil and gas company Yukos is due in a US court on Thursday as it continues to fight for its survival. The firm is in the process of being broken up by Russian authorities in order to pay a $27bn (Â£14
business,3,5,"Deutsche Boerse set to 'woo' LSE Bosses of Deutsche Boerse and the London Stock Exchange are to meet amid talk that a takeover bid for the LSE will be raised to Â£1.5bn ($2.9bn). Last month, the German exchange tabled a 530 pence-per-share "
business,3,5,Laura Ashley chief stepping down Laura Ashley is parting company with its chief executive Ainum Mohd-Saaid. The clothing and home furnishing retailer said Ms Mohd-Saaid had resigned for personal reasons. Her departure will come into effect 
business,3,5,"US Airways staff agree to pay cut A union representing 5,200 flight attendants at bankrupt US Airways have agreed to a new contract that cuts pay by nearly 10%. The deal will help the carrier, trying to survive by cutting costs by nearly $1"
business,3,5,"Delta cuts fares in survival plan Delta Air Lines is cutting domestic fares by as much as 50% as part of a plan to ensure its financial survival. Other US carriers, including United, have sought bankruptcy protection, amid high fuel costs a"
business,3,5,"Profits jump at China's top bank Industrial and Commercial Bank (ICBC), China's biggest lender, has seen an 18% jump in profits during 2004. The increase in earnings has allowed the firm to write off bad loans and pave the way for a state b"
business,3,5,"Green reports shun supply chain Nearly 20% more UK top 250 firms produced non-financial reports on social and environment issues than last year. But of the 145 companies reporting, 76% didn't examine their supply chains, says the annual Dir"
business,3,5,"Tsunami to cost Sri Lanka $1.3bn Sri Lanka faces a $1.3bn (Â£691m) bill in 2005 for reconstruction after the tsunami which killed more than 30,000 of its people, its central bank says. This estimate is preliminary, bank governor Sunil Mendi"
business,3,5,"Indian oil firm eyes Yukos assets India's biggest oil exploration firm, Oil & Natural Gas Corp (ONGC), says it is in talks to buy the former assets of troubled Russian crude producer Yukos. ""We are in touch with the concerned Russian entiti"
business,3,5,"Monsanto fined $1.5m for bribery The US agrochemical giant Monsanto has agreed to pay a $1.5m (Â£799,000) fine for bribing an Indonesian official. Monsanto admitted one of its employees paid the senior official two years ago in a bid to avo"
business,3,5,Marsh executive in guilty plea An executive at US insurance firm Marsh & McLennan has pleaded guilty to criminal charges in connection with an ongoing fraud and bid-rigging probe. New York Attorney General Elliot Spitzer said senior vice pr
business,3,5,US interest rate rise expected US interest rates are expected to rise for the fifth time since June following the US Federal Reserve's latest rate-setting meeting later on Tuesday. Borrowing costs are tipped to rise by a quarter of a percen
business,3,5,"WorldCom bosses' $54m payout Ten former directors at WorldCom have agreed to pay $54m (Â£28.85m), including $18m from their own pockets, to settle a class action lawsuit, reports say. James Wareham, a lawyer representing one of the director"
business,3,5,"Continental 'may run out of cash' Shares in Continental Airlines have tumbled after the firm warned it could run out of cash. In a filing to US regulators the airline warned of ""inadequate liquidity"" if it fails to reduce wage costs by $500"
business,3,5,"House prices rebound says Halifax UK house prices increased by 1.1% in December, the first monthly rise since September, the Halifax has said. The UK's biggest mortgage lender said prices rose 15.1% over the whole of 2004, but by only 2.8% "
business,3,5,Mixed Christmas for US retailers US retailers posted mixed results for December - with luxury retailers faring well while many others were forced to slash prices to lift sales. Upscale department store Nordstrom said same store sales were 9
business,3,5,"India's Deccan gets more planes Air Deccan has signed a deal to acquire 36 planes from Avions de Transport Regional (ATR). The value of the deal has not been revealed, because of a confidentiality clause in the agreement. But Air Deccan's m"
business,3,5,"South African car demand surges Car manufacturers with plants in South Africa, including BMW, General Motors, Toyota and Volkswagen, have seen a surge in demand during 2004. New vehicle sales jumped 22% to 449,603 from a year earlier, the N"
business,3,5,UK bank seals South Korean deal UK-based bank Standard Chartered said it would spend $3.3bn (Â£1.8bn) to buy one of South Korea's main retail banks. Standard Chartered said acquiring Korea First Bank (KFB) fulfilled a strategic objective of
business,3,5,"DaimlerChrysler's 2004 sales rise US-German carmaker DaimlerChrysler has sold 2.1% more cars in 2004 than in the previous year, as solid Chrysler sales offset a weak showing for Mercedes. Sales totalled 3.9 million units worldwide during 20"
business,3,5,"Tsunami cost hits Jakarta shares The stock market in Jakarta has seen its biggest slide in a month, after the country doubled the likely cost of rebuilding from the Asian tsunami. The fall came as Indonesia said it expected debt repayments "
business,3,5,"Iran budget seeks state sell-offs Iran's president, Mohammad Khatami, has unveiled a budget designed to expand public spending by 30% but loosen the Islamic republic's dependence on oil. The budget for the fiscal year starting on 21 March c"
business,3,5,EC calls truce in deficit battle The European Commission (EC) has called a truce in its battle with France and Germany over breaching deficit limits. The move came after France and Germany vowed to run their budget deficits below the EU cap
business,3,5,"Enron bosses in $168m payout Eighteen former Enron directors have agreed a $168m (Â£89m) settlement deal in a shareholder lawsuit over the collapse of the energy firm. Leading plaintiff, the University of California, announced the news, add"
business,3,5,"UK house prices dip in November UK house prices dipped slightly in November, the Office of the Deputy Prime Minister (ODPM) has said. The average house price fell marginally to Â£180,226, from Â£180,444 in October. Recent evidence has sugge"
business,3,5,"Steady job growth continues in US The US created fewer jobs than expected in December, but analysts said that the dip in hiring was not enough to derail the world's biggest economy. According to Labor Department figures, 157,000 new jobs we"
business,3,5,Barclays shares up on merger talk Shares in UK banking group Barclays have risen on Monday following a weekend press report that it had held merger talks with US bank Wells Fargo. A tie-up between Barclays and California-based Wells Fargo w
business,3,5,US firm 'bids for Lacroix label' A US firm has said it is in final negotiations with luxury goods group LVMH to buy the loss-making Christian Lacroix haute-couture house. Paris-based LVMH has been selling non-core businesses and focusing on
business,3,5,"$1m payoff for former Shell boss Shell is to pay $1m (Â£522,000) to the ex-finance chief who stepped down from her post in April 2004 after the firm over-stated its reserves. Judy Boynton finally left the firm on 31 December, having spent t"
business,3,5,India and Iran in gas export deal India has signed a $40bn (Â£21bn) deal to import millions of tonnes of liquefied natural gas from Iran. Firms led by the Oil & Natural Gas Corporation (ONGC) will also assist in the development of Iranian o
business,3,5,"LSE 'sets date for takeover deal' The London Stock Exchange (LSE) is planning to announce a preferred takeover by the end of the month, newspaper reports claim. The Sunday Telegraph said the LSE's plan was further evidence it wants to retai"
business,3,5,"News Corp makes $5.4bn Fox offer News Corporation is seeking to buy out minority investors in Fox Entertainment Group, its broadcasting subsidiary, for about $5.4bn (Â£3.7bn). The media giant, run by Rupert Murdoch, owns 82% of the shares i"
business,3,5,"Israel looks to US for bank chief Israel has asked a US banker and former International Monetary Fund director to run its central bank. Stanley Fischer, vice chairman of banking giant Citigroup, has agreed to take the Bank of Israel job sub"
business,3,5,"EU-US seeking deal on air dispute The EU and US have agreed to begin talks on ending subsidies given to aircraft makers, EU Trade Commissioner Peter Mandelson has announced. Both sides hope to reach a negotiated deal over state aid received"
business,3,5,"Nortel in $300m profit revision Telecoms equipment maker Nortel Networks has sharply revised downwards its profits for the 2003 fiscal year. In a long-awaited filing, Nortel said it had made $434m (Â£231m), compared to the previously report"
business,3,5,"Minister hits out at Yukos sale Russia's renationalisation of its energy industry needs to be reversed, a senior government figure has warned. Economy minister German Gref told the Kommersant newspaper that direct state involvement in oil w"
business,3,5,Chinese exports rise 25% in 2004 Exports from China leapt during 2004 over the previous year as the country continued to show breakneck growth. The spurt put China's trade surplus - a sore point with some of its trading partners - at a six-
business,3,5,"Karachi stocks hit historic high The Karachi Stock Exchange (KSE) has recorded its largest single day gain, surging 3.5% to a new high. The index rose 225.79 points in four hours of furious trading, with many investors optimistic that polit"
business,3,5,"US trade gap ballooned in October The US trade deficit widened by more than expected in October, hitting record levels after higher oil prices raised import costs, figures have shown The trade shortfall was $55.5bn (Â£29bn), up 9% from Sept"
business,3,5,"US prepares for hybrid onslaught Sales of hybrid cars in the US are set to double in 2005, research suggests. Research group JD Power estimates sales will hit 200,000 in 2005, despite higher prices and customer scepticism. Carmakers are sta"
business,3,5,"Mitsubishi in Peugeot link talks Trouble-hit Mitsubishi Motors is in talks with French carmaker PSA Peugeot Citroen about a possible alliance. On Tuesday Mitsubishi, the only major Japanese car firm in the red, confirmed earlier reports of "
business,3,5,BA to suspend two Saudi services British Airways is to halt its flights from London Heathrow to Jeddah and Riyadh in Saudi Arabia from 27 March. The airline said the decision was a commercial one due to reduced passenger demand for the serv
business,3,5,"Cairn Energy in Indian gas find Shares in Cairn Energy rose 3.8% to 1,088 pence on Tuesday after the UK firm announced a fresh gas discovery in northern India. The firm, which last year made a number of other new finds in the Rajasthan area"
business,3,5,"Asia quake increases poverty risk Nearly two million people across Asia could be thrown into poverty because of the Indian Ocean tsunami, the Asian Development Bank (ADB) has said. In its first overview of the disaster, the ADB said the imp"
business,3,5,"Fosters buys stake in winemaker Australian brewer Fosters has bought a large stake in Australian winemaker Southcorp, sparking rumours of a possible takeover. Fosters bought 18.8% of Southcorp, the global winemaker behind the Penfolds, Lind"
business,3,5,ECB holds rates amid growth fears The European Central Bank has left its key interest rate unchanged at 2% for the 19th month in succession. Borrowing costs have remained on hold amid concerns about the strength of economic growth in the 12
business,3,5,"China bans new tobacco factories The world's biggest tobacco consumer, China, has said it will not allow any new tobacco factories to be built. China already has more than enough cigarette-making capacity, according to a spokesman for the t"
business,3,5,"UK interest rates held at 4.75% The Bank of England has left interest rates on hold again at 4.75%, in a widely-predicted move. Rates went up five times from November 2003 - as the bank sought to cool the housing market and consumer debt - "
business,3,5,"German economy rebounds Germany's economy, the biggest among the 12 countries sharing the euro, grew at its fastest rate in four years during 2004, driven by strong exports. Gross domestic product (GDP) rose by 1.7% last year, the statistic"
business,3,5,"US trade deficit widens sharply The gap between US exports and imports has widened to more than $60bn (Â£31.7bn), an all-time record. Figures from the Commerce Department for November showed exports down 2.3% to $95.6bn, while imports grew "
business,3,5,"Trade gap narrows as exports rise The UK's trade gap narrowed in November, helped by a 7.5% rise in exports outside the European Union. According to the Office for National Statistics, the difference between what the UK exported and importe"
business,3,5,"Lesotho textile workers lose jobs Six foreign-owned textile factories have closed in Lesotho, leaving 6,650 garment workers jobless, union officers told the AP news agency. Factory Workers Union secretary general Billy Macaefa blamed the cl"
business,3,5,Kraft cuts snack ads for children Kraft plans to cut back on advertising of products like Oreo cookies and sugary Kool-Aid drinks as part of an effort to promote healthy eating. The largest US food maker will also add a label to its more nu
business,3,5,Khodorkovsky quits Yukos shares Jailed tycoon Mikhail Khodorkovsky has transferred his controlling stake in oil giant Yukos to a business partner. Mr Khodorkovsky handed over his entire 59.5% stake in holding company Group Menatep - which c
business,3,5,"Executive trio leave Aer Lingus Three senior executives of Ireland's state-owned airline, Aer Lingus, are set to leave early on 28 January after accusations of a conflict of interest. The trio are chief executive Willie Walsh, chief financi"
business,3,5,"US in EU tariff chaos trade row The US has asked the World Trade Organisation to investigate European Union customs tariffs, which it says are inconsistent and hamper trade. The EU's own institutions have noted the uneven way EU customs rul"
business,2,3,"News Corp eyes video games market News Corp, the media company controlled by Australian billionaire Rupert Murdoch, is eyeing a move into the video games market. According to the Financial Times, chief operating officer Peter Chernin said t"
business,3,5,"US Ahold suppliers face charges US prosecutors have charged nine food suppliers with helping Dutch retailer Ahold inflate earnings by more than $800m (Â£428m). The charges have been brought against individuals as well as companies, alleging"
business,1,5,"Wal-Mart fights back at accusers Two big US names have launched advertising campaigns to ""set the record straight"" about their products and corporate behaviour. The world's biggest retailer Wal-Mart took out more than 100 full page adverts "
business,3,5,"US retail sales surge in December US retail sales ended the year on a high note with solid gains in December, boosted by strong car sales. Seasonally adjusted sales rose 1.2% in the month, compared to 0.1% a month earlier, boosted by a surg"
business,3,5,"Winemaker rejects Foster's offer Australian winemaker Southcorp has rejected a takeover offer worth 3.1bn Australian dollars ($2.3bn; Â£1.8bn) from brewing giant Foster's Group. Southcorp, whose brands include Penfolds, Rosemount and Lindem"
business,3,5,"McDonald's boss Bell dies aged 44 Charlie Bell, the straight-talking former head of fast-food giant McDonald's, has died of cancer aged 44. Mr Bell was diagnosed with colorectal cancer in May last year, a month after taking over the top job"
business,3,5,"US industrial output growth eases US industrial production continued to rise in November, albeit at a slower pace than the previous month. The US Federal Reserve said output from factories, mines and utilities rose 0.3% - in line with forec"
business,3,5,"LSE doubts boost bidders' shares Shares in Deutsche Boerse have risen more than 3% after a shareholder fund voiced opposition to the firm's planned takeover of the London Stock Exchange. TCI, which claims to represent owners of 5% of Deutsc"
business,3,5,"Qantas considers offshore option Australian airline Qantas could transfer as many as 7,000 jobs out of its home country as it seeks to save costs, according to newspaper reports. Chief executive Geoff Dixon was quoted by The Australian news"
business,3,5,Gazprom 'in $36m back-tax claim' The nuclear unit of Russian energy giant Gazprom is reportedly facing a 1bn rouble ($35.7m; Â£19.1m) back-tax claim for the 2001-2003 period. Vedomosti newspaper reported that Russian authorities made the de
business,3,5,Germany calls for EU reform German Chancellor Gerhard Schroeder has called for radical reform of the EU's stability pact to grant countries more flexibility over their budget deficits. Mr Schroeder said existing fiscal rules should be loose
business,3,5,Parmalat founder offers apology The founder and former boss of Parmalat has apologised to investors who lost money as a result of the Italian dairy firm's collapse. Calisto Tanzi said he would co-operate fully with prosecutors investigating
business,3,5,"'Golden economic period' to end Ten years of ""golden"" economic performance may come to an end in 2005 with growth slowing markedly, City consultancy Deloitte has warned. The UK economy could suffer a backlash from the slowdown in the housin"
business,3,5,"Jobs go at Oracle after takeover Oracle has announced it is cutting about 5,000 jobs following the completion of its $10.3bn takeover of its smaller rival Peoplesoft last week. The company said it would retain more than 90% of Peoplesoft pr"
business,3,5,"Beijingers fume over parking fees Choking traffic jams in Beijing are prompting officials to look at reorganising car parking charges. Car ownership has risen fast in recent years, and there are now two and a half million cars on the city's"
business,3,5,"GM issues 2005 profits warning General Motors has warned that it expects earnings this year be lower than in 2004. The world's biggest car maker is grappling with losses in its European business, and weak US sales. GM said higher healthcare"
business,3,5,"US economy still growing says Fed Most areas of the US saw their economy continue to expand in December and early January, the US Federal Reserve said in its latest Beige Book report. Of the 12 US regions it identifies for the study, 11 sho"
business,3,5,"Wall Street cool to eBay's profit Shares in online auction house eBay fell 9.8% in after-hours trade on Wednesday, after its quarterly profits failed to meet market expectations. Despite seeing net profits rise by 44% to $205.4m (Â£110m) du"
business,3,5,"WorldCom trial starts in New York The trial of Bernie Ebbers, former chief executive of bankrupt US phone company WorldCom, has started in New York with the selection of the jury. Mr Ebbers, 63, is accused of being the mastermind behind an "
business,3,5,High fuel costs hit US airlines Two of the largest airlines in the US - American and Southwest - have blamed record fuel prices for their disappointing quarterly results. American Airlines' parent AMR reported a loss of $387m (Â£206m) for t
business,3,5,"European losses hit GM's profits General Motors (GM) saw its net profits fall 37% in the last quarter of 2004, as it continued to be hit by losses at its European operations. The US giant earned $630m (Â£481.5m) in the October-to-December p"
business,3,5,EU to probe Alitalia 'state aid' The European Commission has officially launched an in-depth investigation into whether Italian airline Alitalia is receiving illegal state aid. Commission officials are to look at Rome's provision of a 400m 
business,3,5,"IMF agrees fresh Turkey funding Turkey has agreed a draft proposal with the International Monetary Fund to borrow $10bn (Â£5.19bn), extending its ongoing financial support until 2007. Turkey's current $18.6bn loan agreement with the IMF exp"
business,3,5,"Saudi investor picks up the Savoy London's famous Savoy hotel has been sold to a group combining Saudi billionaire investor Prince Alwaleed bin Talal and a unit of HBOS bank. Financial details of the deal, which includes the nearby Simpson'"
business,3,5,Tsunami slows Sri Lanka's growth Sri Lanka's president has launched a reconstruction drive worth $3.5bn (Â£1.8bn) by appealing for peace and national unity. President Kumaratunga said it was now important to find a peaceful solution to year
business,3,5,"China suspends 26 power projects China has ordered a halt to construction work on 26 big power stations, including two at the Three Gorges Dam, on environmental grounds. The move is a surprising one because China is struggling to increase e"
business,3,5,Two Nigerian banks set to merge Nigerian banks United Bank of Africa and Standard Trust Bank have agreed plans to merge and create the biggest bank in West Africa. The deal is also in line with a 2004 directive from the Nigerian central ban
business,3,5,Virgin Blue shares plummet 20% Shares in Australian budget airline Virgin Blue plunged 20% after it warned of a steep fall in full year profits. Virgin Blue said profits after tax for the year to March would be between 10% to 15% lower than
business,3,5,"Watchdog probes Vivendi bond sale French stock market regulator AMF has filed complaints against media giant Vivendi Universal, its boss and another top executive. It believes the prospectus for a bond issue was unclear and that executives "
business,3,5,"Saudi NCCI's shares soar Shares in Saudi Arabia's National Company for Cooperative Insurance (NCCI) soared on their first day of trading in Riyadh. They were trading 84% above the offer price on Monday, changing hands at 372 riyals ($99; Â£"
business,3,5,JP Morgan admits US slavery links Thousands of slaves were accepted as collateral for loans by two banks that later became part of JP Morgan Chase. The admission is part of an apology sent to JP Morgan staff after the bank researched its li
business,3,5,"Egypt and Israel seal trade deal In a sign of a thaw in relations between Egypt and Israel, the two countries have signed a trade protocol with the US, allowing Egyptian goods made in partnership with Israeli firms free access to American m"
business,3,5,"Ford gains from finance not cars Ford, the US car company, reported higher fourth quarter and full-year profits on Thursday boosted by a buoyant period for its car loans unit. Net income for 2004 was $3.5bn (Â£1.87bn) - up nearly $3bn from "
business,3,5,"Wipro beats forecasts once again Wipro, India's third-biggest software firm, has reported a 60% rise in profit, topping market expectations. Net income in the last quarter was 4.3bn rupees ($98m; Â£52m), against 2.7bn a year earlier. Profit"
business,3,5,"Christmas sales worst since 1981 UK retail sales fell in December, failing to meet expectations and making it by some counts the worst Christmas since 1981. Retail sales dropped by 1% on the month in December, after a 0.6% rise in November,"
business,3,5,"Businesses fail to plan for HIV Companies fail to draw up plans to cope with HIV/Aids until it affects 20% of people in a country, new research says. The finding comes in a report published on Thursday by the World Economic Forum, Harvard a"
business,3,5,"Ailing EuroDisney vows turnaround EuroDisney, the European home of Mickey Mouse and friends, has said it will sell 253m euros (Â£175m; $328m) of new shares as it looks to avoid insolvency. The sale is the last part of a plan to restructure "
business,1,5,"UK young top Euro earnings league British children enjoy the highest average annual income in Europe - more than double that of Spanish or Italian youngsters, a report suggests. Children in the UK between the ages of 10 and 17 had an annual"
business,3,5,"Swiss cement firm in buying spree Swiss cement firm Holcim has bid $800m (Â£429m) to buy two Indian cement firms and a holding company in the country. It plans to buy Associated Cement Companies (ACC), Ambuja Cement Eastern and the holding "
business,3,5,"India's Reliance family feud heats up The ongoing public spat between the two heirs of India's biggest conglomerate, Reliance Group, has spilled over to the board meeting of a leading company within the group. Anil Ambani, vice-chairman of "
business,1,2,"World leaders gather to face uncertainty More than 2,000 business and political leaders from around the globe are arriving in the Swiss mountain resort Davos for the annual World Economic Forum (WEF). For five days, they will discuss issues"
business,3,5,"US budget deficit to reach $368bn The US budget deficit is set to hit a worse-than-expected $368bn (Â£197bn) this year, officials said on Tuesday. The cost of military operations still needs to be factored in, with analysts saying the defic"
business,3,5,Criminal probe on Citigroup deals Traders at US banking giant Citigroup are facing a criminal investigation in Germany over a controversial bond deal. The deal saw the sale of 11bn euros ($14.4bn; Â£7.6bn) of government bonds in a few minut
business,3,5,"Brazil jobless rate hits new low Brazil's unemployment rate fell to its lowest level in three years in December, according to the government. The Brazilian Institute for Geography and Statistics (IBGE) said it fell to 9.6% in December from "
business,3,5,"Indonesia 'declines debt freeze' Indonesia no longer needs the debt freeze offered by the Paris Club group of creditors, Economics Minister Aburizal Bakrie has reportedly said. Indonesia, which originally accepted the debt moratorium offer,"
business,3,5,"Parmalat bank barred from suing Bank of America has been banned from suing Parmalat, the food group which went bust in 2003 after an accounting scandal. The bank - along with investors, auditors and the group's managers - wants damages for "
business,3,5,"China continues rapid growth China's economy has expanded by a breakneck 9.5% during 2004, faster than predicted and well above 2003's 9.1%. The news may mean more limits on investment and lending as Beijing tries to take the economy off th"
business,3,5,"SEC to rethink post-Enron rules The US stock market watchdog's chairman has said he is willing to soften tough new US corporate governance rules to ease the burden on foreign firms. In a speech at the London School of Economics, William Don"
business,3,5,BBC poll indicates economic gloom Citizens in a majority of nations surveyed in a BBC World Service poll believe the world economy is worsening. Most respondents also said their national economy was getting worse. But when asked about their
business,3,5,Europe asks Asia for euro help European leaders say Asian states must let their currencies rise against the US dollar to ease pressure on the euro. The European single currency has shot up to successive all-time highs against the dollar ove
business,3,5,"FBI agent colludes with analyst A former FBI agent and an internet stock picker have been found guilty of using confidential US government information to manipulate stock prices. A New York court ruled that former FBI man Jeffrey Royer, 41,"
business,3,5,Millions go missing at China bank Two senior officials at one of China's top commercial banks have reportedly disappeared after funds worth up to $120m (Â£64m) went missing. The pair both worked at Bank of China in the northern city of Harb
business,3,5,China Aviation seeks rescue deal Scandal-hit jet fuel supplier China Aviation Oil has offered to repay its creditors $220m (Â£117m) of the $550m it lost on trading in oil futures. The firm said it hoped to pay $100m now and another $120m ov
business,3,5,"Low-cost airlines hit Eurotunnel Channel Tunnel operator Eurotunnel has seen sales fall in the face of the upsurge in European low-cost airlines. The firm said sales were down 4% in 2004 to 789m euros ($1.03bn; Â£548m). ""The impact of the d"
business,3,5,"Water firm Suez in Argentina row A conflict between the Argentine State and water firm Aguas Argentinas, controlled by France's Suez, is casting doubt on the firm's future. The firm, which serves the province of Buenos Aires, wants a tariff"
business,3,5,"Algeria hit by further gas riots Algeria suffered a weekend of violent protests against government plans to raise gas prices, local press reports. Demonstrators in a number of regions blocked roads, attacked public buildings and overturned "
business,3,5,India's Maruti sees profits jump India's biggest carmaker Maruti has reported a sharp increase in quarterly profit after a booming economy and low interest rates boosted demand. Net profit surged 70% to 2.39bn rupees ($54.98m; Â£29.32m) in 
business,3,2,"Aids and climate top Davos agenda Climate change and the fight against Aids are leading the list of concerns for the first day of the World Economic Forum in the Swiss resort of Davos. Some 2,000 business and political leaders from around t"
business,3,5,"China now top trader with Japan China overtook the US to become Japan's biggest trading partner in 2004, according to numbers released by Japan's Finance Ministry on Wednesday. China accounted for 20.1% of Japan's trade in 2004, compared wi"
business,3,5,"Trial begins of Spain's top banker The trial of Emilio Botin, the chairman of Spain's most powerful bank, Santander Central Hispano, has started in Madrid. Mr Botin is accused of misusing the bank's funds after he approved the payment of 16"
business,3,5,"UK economy ends year with spurt The UK economy grew by an estimated 3.1% in 2004 after accelerating in the last quarter of the year, says the Office for National Statistics (ONS). The figure is in line with Treasury and Bank of England fore"
business,3,5,"HealthSouth ex-boss goes on trial The former head of US medical services firm HealthSouth overstated earnings and assets to boost the company's share price, it was claimed in court. Richard Scrushy, 52, is accused of ""directing"" a $2.7bn (Â"
business,3,5,"Euro firms miss out on optimism More than 90% of large companies around the world are highly optimistic about their economic prospects, a survey of 1,300 bosses suggests. Their biggest worries are not terror threats, but over-regulation, lo"
business,3,5,Lacroix label bought by US firm Luxury goods group LVMH has sold its loss-making Christian Lacroix clothing label to a US investment group. The Paris-based firm has been shedding non-core businesses and focusing on its most profitable brand
entertainment,2,4,Gallery unveils interactive tree A Christmas tree that can receive text messages has been unveiled at London's Tate Britain art gallery. The spruce has an antenna which can receive Bluetooth texts sent by visitors to the Tate. The messages 
entertainment,4,4,Jarre joins fairytale celebration French musician Jean-Michel Jarre is to perform at a concert in Copenhagen to mark the bicentennial of the birth of writer Hans Christian Andersen. Denmark is holding a three-day celebration of the life of 
entertainment,4,4,"Musical treatment for Capra film The classic film It's A Wonderful Life is to be turned into a musical by the producer of the controversial hit show Jerry Springer - The Opera. Frank Capra's 1946 movie starring James Stewart, is being turne"
entertainment,4,4,"Richard and Judy choose top books The 10 authors shortlisted for a Richard and Judy book award in 2005 are hoping for a boost in sales following the success of this year's winner. The TV couple's interest in the book world coined the term """
entertainment,4,4,"Poppins musical gets flying start The stage adaptation of children's film Mary Poppins has had its opening night in London's West End. Sir Cameron Mackintosh's lavish production, which has cost Â£9m to bring to the stage, was given a 10-min"
entertainment,4,4,"Bennett play takes theatre prizes The History Boys by Alan Bennett has been named best new play in the Critics' Circle Theatre Awards. Set in a grammar school, the play also earned a best actor prize for star Richard Griffiths as teacher He"
entertainment,4,4,"Levy tipped for Whitbread prize Novelist Andrea Levy is favourite to win the main Whitbread Prize book of the year award, after winning novel of the year with her book Small Island. The book has already won the Orange Prize for fiction, and"
entertainment,4,4,"West End to honour finest shows The West End is honouring its finest stars and shows at the Evening Standard Theatre Awards in London on Monday. The Producers, starring Nathan Lane and Lee Evans, is up for best musical at the ceremony at th"
entertainment,4,4,"Da Vinci Code is 'lousy history' The plot of an international bestseller that thousands of readers are likely to receive as a Christmas present is 'laughable', a clergyman has said. The Da Vinci Code claims Jesus was not crucified, but marr"
entertainment,1,2,"Uganda bans Vagina Monologues Uganda's authorities have banned the play The Vagina Monologues, due to open in the capital, Kampala this weekend. The Ugandan Media Council said the performance would not be put on as it promoted and glorified"
entertainment,4,4,Artists' secret postcards on sale Postcards by artists including Damien Hirst and Tracey Emin have sold just hours after the opening of the Royal Academy of Arts annual Secrets sale. The identity of the artist remains unknown until each wor
entertainment,4,4,"Neeson in bid to revive theatre Hollywood film star Liam Neeson has held a dinner party in New York to promote Belfast's Lyric Theatre. The Ballymena-born actor said that the theatre on Ridgeway Street was in a ""very dilapidated condition""."
entertainment,4,4,Levy takes Whitbread novel prize Orange Prize winner Andrea Levy has seen her book Small Island win the Whitbread Novel of the Year Award. She is now favourite to win the overall prize after beating Booker winner Alan Hollinghurst's The Lin
entertainment,4,4,"Adventure tale tops awards Young book fans have voted Fergus Crane, a story about a boy who is taken on an adventure by a flying horse, the winner of two Smarties Book Prizes. Paul Stewart and Chris Riddell's book came top in the category f"
entertainment,4,4,"Mutant book wins Guardian prize A book about the evolution of mutants and the science of abnormality has won the Guardian First Book Award 2004. Armand Marie Leroi, a lecturer at London's Imperial College, scooped the Â£10,000 prize for Mut"
entertainment,4,4,"Arthur Hailey: King of the bestsellers Novelist Arthur Hailey, who has died at the age of 84, was known for his bestselling page-turners exploring the inner workings of various industries, from the hotels to high finance. Born in Luton, Bed"
entertainment,4,4,Spark heads world Booker list Dame Muriel Spark is among three British authors who have made the shortlist for the inaugural international Booker Prize. Doris Lessing and Ian McEwan have also been nominated. McEwan and Margaret Atwood are t
entertainment,4,5,Versace art portfolio up for sale The art collection of murdered fashion designer Gianni Versace could fetch up to Â£9m ($17m) when it is auctioned in New York and London later this year. Among the pictures for sale are works by Roy Lichten
entertainment,4,4,"Slater to star in Broadway play Actor Christian Slater is stepping into the role of Tom in the Broadway revival of The Glass Menagerie. Slater, 35, is replacing actor Dallas Roberts in the Tennessee Williams drama, which opens next month. N"
entertainment,4,4,Public show for Reynolds portrait Sir Joshua Reynolds' Portrait of Omai will get a public airing following fears it would stay hidden because of an export wrangle. The Tate Gallery unsuccessfully tried to buy the picture from its anonymous 
entertainment,4,4,"Obituary: Dame Alicia Markova Dame Alicia Markova, who has died in Bath aged 94, was the UK's first prima ballerina of the modern age, and, in her heyday, the greatest in the western world. She was born Lilian Alicia Marks in London in 1910"
entertainment,4,3,"Fears raised over ballet future Fewer children in the UK are following in the dainty footsteps of dancers like Darcey Bussell, and carving out potential careers as ballet dancers. New research from the Royal Academy of Dance (RAD) has found"
entertainment,4,4,"Famed music director Viotti dies Conductor Marcello Viotti, director of Venice's famous La Fenice Theatre, has died in Germany at 50. Viotti, director of La Fenice since 2002, conducted at renowned opera houses worldwide including Milan's L"
entertainment,4,4,"Paraguay novel wins US book prize A novel set in 19th century Paraguay has won the $10,000 (Â£5,390) fiction prize at the US National Book Awards. Lily Tuck's The News From Paraguay is a fictionalised tale about Paraguayan leader Francisco "
entertainment,4,4,New Harry Potter tops book chart Harry Potter and the Half-Blood Prince has topped Amazon's book chart less than 24 hours after its release date - 16 July - was announced. Thousands of customers placed pre-orders on the amazon.co.uk website
entertainment,3,5,"UK's National Gallery in the pink The National Gallery, home to some of the UK's greatest artworks, has seen a big jump in visitor numbers. Five million visitors made the London gallery - which houses treasures like Raphael's Madonna of the"
entertainment,4,4,Lit Idol begins search for author The second Pop Idol-style search for literary talent has begun with the help of the brother of Simon Cowell. Writer Tony Cowell is among the judges who will hear aspiring writers read their work aloud. The 
entertainment,4,4,"Potter director signs Warner deal Harry Potter director Alfonso Cuaron has signed a three-year deal with Hollywood studio Warner Brothers, according to Variety trade magazine. The Mexican film-maker, who directed Harry Potter and the Prison"
entertainment,4,4,"Baghdad Blogger on big screen A film based on the internet musings of the ""Baghdad Blogger"" has been shown at the Rotterdam Film Festival. The film has been directed by the man who calls himself Salam Pax, the author of the weblog about Ira"
entertainment,4,4,"US critics laud comedy Sideways Road trip comedy Sideways has had more praise heaped on it by two US critics' associations, adding to honours it has already picked up. The Chicago Film Critics Association (CFCA) named it winner in five cate"
entertainment,4,4,"Dirty Den's demise seen by 14m More than 14 million people saw ""Dirty"" Den Watts killed off on Friday, marking EastEnders' 20th anniversary, according to unofficial figures. Den's death came 16 years after he was supposedly shot in 1989. Bu"
entertainment,4,4,"Redford's vision of Sundance Despite sporting a corduroy cap pulled low over his face plus a pair of dark glasses, Robert Redford cuts an unmistakable figure through the star-struck crowds at Sundance. It's a rare downtown appearance for th"
entertainment,4,4,"DVD review: Harry Potter and the Prisoner of Azkaban This third Harry Potter film brought a change of director and a dramatic visual shake-up that really shines on DVD. Gone are the warm, bright colours found in the two earlier films, Alfon"
entertainment,4,4,Vera Drake scoops film award Oscar hopefuls Mike Leigh and Imelda Staunton were both winners at the 2004 Evening Standard British Film Awards. Vera Drake - Leigh's 1950s drama about a backstreet abortionist - was named best film and Staunto
entertainment,4,4,"Hundreds vie for best film Oscar A total of 267 films are eligible for the best film Oscar but only five will be chosen to go forward as nominees. The Academy of Motion Picture, Arts and Sciences has sent out the first ballot papers with th"
entertainment,4,4,Hanks greeted at wintry premiere Hollywood star Tom Hanks was in London's Leicester Square for the UK premiere of Polar Express. The West End landmark was turned into a festive landscape complete with snow and carol singers to celebrate the
entertainment,4,4,Film row over Pirates 'cannibals' Plans to portray Dominica's Carib Indians as cannibals in the sequel to hit film Pirates of the Caribbean have been criticised by the group's chief. Carib Chief Charles Williams said talks with Disney's pro
entertainment,4,4,Stars gear up for Bafta ceremony Film stars from across the globe are preparing to walk the red carpet at this year's Bafta award ceremony. The 2005 Orange British Academy Film Awards are being held at The Odeon in London's Leicester Square
entertainment,4,4,Aviator 'creator' in Oscars snub The man who said he got Oscar-nominated movie The Aviator off the ground and signed up Leonardo DiCaprio has been shut out of the Academy Awards race. Charles Evans Jr battled over his role with the people w
entertainment,4,4,"Wine comedy up for six film gongs Sideways, a wine-tasting comedy starring Paul Giamatti, is up for six Independent Spirit Awards, the art-house version of the Oscars. The awards are held on 26 February, the day before the Oscars. Spanish d"
entertainment,4,4,No ads for Passion Oscar campaign Producer Mel Gibson will not be using paid advertisements to promote The Passion of the Christ to voters in next year's Academy Awards. Gibson and his Icon Productions partner Bruce Davey said they would no
entertainment,4,4,"Berlin honours S Korean director South Korean film director Im Kwon-Taek has received an honorary Golden Bear at the Berlin Film Festival. Im, who has made more than 100 films in a 40-year career, was hailed for his ""remarkable visual beaut"
entertainment,4,4,"Stars pay tribute to actor Davis Hollywood stars including Spike Lee, Burt Reynolds and Oscar nominee Alan Alda have paid tribute to actor Ossie Davis at a funeral in New York. Veteran star Ossie Davis, a well-known civil rights activist, d"
entertainment,4,4,"US actor Ossie Davis found dead US actor Ossie Davis has been found dead at the age of 87. Davis, who was married to actress Ruby Dee, was found dead on Friday in his hotel room in Miami Beach, Florida, where he was making a film. Davis, wh"
entertainment,4,4,"Jugnot 'tops French actor league' Actor Gerard Jugnot - star of the Oscar-nominated film The Chorus - has beaten Gerard Depardieu to become France's best-paid actor of 2004. Jugnot made 5.45m Euros (Â£3.77m) last year, according to a table "
entertainment,4,4,"Howl helps boost Japan's cinemas Japan's box office received a 3.8% boost last year, with ticket sales worth 211bn yen (Â£1.08bn). The surge was led by animated movie Howl's Moving Castle, which took 20bn yen (Â£102m) to become the biggest "
entertainment,4,4,Berlin applauds Hotel Rwanda Political thriller Hotel Rwanda was given a rousing reception by spectators at the Berlin Film Festival on Saturday. The movie's star Don Cheadle also received a standing ovation when he stepped onto the stage a
entertainment,4,4,'Landmark movies' of 2004 hailed US film professionals have declared Fahrenheit 9/11 and The Passion of the Christ as two of the most significant cultural milestones of 2004. The American Film Institute (AFI) hailed Mel Gibson's biblical ep
entertainment,4,4,De Niro film leads US box office Film star Robert De Niro has returned to the top of the North American box office with his film Hide and Seek. The thriller shot straight to the number one spot after taking $22m (Â£11.7m) at the box office.
entertainment,4,4,Willis sues over movie 'injury' Actor Bruce Willis is suing Revolution Studios over an injury he said he suffered while making Tears of the Sun. Willis is seeking medical expenses after he said he was hit in the head by a firework during th
entertainment,4,4,"Foxx and Swank win US awards Jamie Foxx and Hilary Swank have won the Screen Actors Guild Awards for best male and female film actors, boosting their Oscars hopes this month. Foxx's portrayal of late soul-singer Ray Charles in Ray had alrea"
entertainment,4,4,Spike Lee backs student directors Film-maker Spike Lee says black representation is stronger than ever in cinema and TV but the true power in entertainment lies behind the camera. The She Hate Me director urged students at his old Atlanta u
entertainment,4,4,"Horror film heads US box office A low-budget horror film produced by Evil Dead director Sam Raimi has topped the North American box office. Boogeyman, which focuses on a man who returns to his childhood home to confront his traumatic past, "
entertainment,4,4,"Mumbai bombs movie postponed The release of a film about the Mumbai (Bombay) blasts in 1993 has been postponed following protests by those on trial for the bombings. Investigating the blasts which killed more than 250 people and wounded 1,0"
entertainment,4,4,"DVD review: I, Robot Only one man recognises that robots are a threat to humanity - but that's fine because it only takes one man to save the day in the thriller I, Robot. Will Smith co-stars alongside more CGI robots than you can count and"
entertainment,4,4,Brando 'rejected Godfather role' Late film star Marlon Brando is said to have repeatedly turned down his Oscar-winning role in The Godfather. The actor's friend Budd Schulberg told Vanity Fair magazine that Brando's assistant suggested he r
entertainment,4,4,"Dutch watch Van Gogh's last film The last film to be made by the slain Dutch director Theo van Gogh, called 06/05, has been premiered in The Hague. Members of Van Gogh's family and celebrities attended the screening of 06/05, based on the m"
entertainment,4,4,"Berlin hails European cinema Organisers say this year's Berlin Film Festival, which opens on Thursday with period epic Man to Man, will celebrate a revitalised European cinema. Of the 21 films in competition for the Golden and Silver Bear a"
entertainment,4,4,"Sky takes over Oscar night mantle Sky has signed a major new deal to broadcast this year's Academy Awards, taking over from three years of live Oscar coverage on the BBC. Sky said it was ""honoured to have won exclusive broadcasting rights"" "
entertainment,4,4,"Snicket tops US box office chart The film adaptation of Lemony Snicket novels has topped the North America box office chart, displacing Ocean's 12. A Series of Unfortunate Events, starring Jim Carrey, took $30.2m (Â£15.5m) in its debut week"
entertainment,4,4,Director Nair's Vanity project Indian film director Mira Nair has said she was thrilled to be given the chance to make William Makepeace Thackeray's novel Vanity Fair - as the book has been a favourite through her life. The book is one of t
entertainment,4,4,"Spirit awards hail Sideways The comedy Sideways has dominated this year's Independent Spirit Awards, winning all six of the awards for which it was nominated. It was named best film while Alexander Payne won best director and best screenpla"
entertainment,4,4,"Tautou film tops Cesar prize nods French film A Very Long Engagement has received 12 nominations for France's Cesar film awards, despite a recent ruling it was ""not French enough"". The World War I romantic drama starring Audrey Tautou, was "
entertainment,4,4,"Hollywood ready for Oscars night Hollywood is preparing for the biggest night in the film world's calendar, the 77th Academy Awards, on Sunday. A host of stars are expected to grace the red carpet outside Los Angeles' Kodak Theatre, includi"
entertainment,4,4,"Animation charms Japan box office Oscar-winning director Hayao Miyazaki's latest film has set a new Japanese box office record, with 1.5bn yen ($14.3m) in two days, according to reports. Howl's Moving Castle is the follow-up to Miyazaki's S"
entertainment,4,4,"US box office set for record high Ticket sales at the US box office are predicted to break records this year, with figures expected to reach $9.4 billion, beating 2002's all-time high. Overall figures could be dampened by the lack of a Chri"
entertainment,4,4,"Low-budget film wins Cesar A film that follows a group of alienated youth in a Paris suburb as they prepare to perform an 18th Century play has won France's top cinema award. L'Esquive earned a Cesar prize for its director, Tunisian-born Ab"
entertainment,4,4,"Tautou 'to star in Da Vinci film' French actress Audrey Tautou, star of hit film Amelie, will play the female lead in the film adaptation of The Da Vinci Code, it has been reported. The movie version of Dan Brown's best-selling novel is bei"
entertainment,4,4,"Foxx and Swank take actors awards Jamie Foxx and Hilary Swank have won the Screen Actors Guild Awards for best male and female film actors, boosting their Oscars hopes this month. Foxx's portrayal of late soul-singer Ray Charles in Ray had "
entertainment,4,4,"Children vote Shrek 2 best film Young UK film fans voted animated Hollywood hit Shrek 2 best film at the children's Bafta awards on Sunday. More than 6,000 children voted in the only category chosen by fans. Harry Potter and the Prisoner of"
entertainment,4,4,"UK debut for Kevin Spacey movie Hollywood stars Kevin Spacey and Kate Bosworth attended the British premiere of new film, Beyond the Sea, in London's Leicester Square on Thursday. Spacey, 45, wrote, directed and starred in the film, inspire"
entertainment,4,4,"Box office blow for Alexander Director Oliver Stone's historical epic Alexander has failed in its bid to conquer the box office, entering the US film charts at number six. The swords and sandals blockbuster, rumoured to have cost more than "
entertainment,4,4,Ray DVD beats box office takings Oscar-nominated film biopic Ray has surpassed its US box office takings with a combined tally of $80m (Â£43m) from DVD and video sales and rentals. Ray's success on DVD outstripped its $74m (Â£40m) US box of
entertainment,4,4,"Ocean's Twelve raids box office Ocean's Twelve, the crime caper sequel starring George Clooney, Brad Pitt and Julia Roberts, has gone straight to number one in the US box office chart. It took $40.8m (Â£21m) in weekend ticket sales, accordi"
entertainment,4,4,Indie film nominations announced Mike Leigh's award-winning abortion drama Vera Drake has scooped seven nominations at this year's British Independent Film Awards. But the Venice winner faces stiff competition from Shane Meadows' critically
entertainment,4,4,"Fockers fuel festive film chart Comedy Meet The Fockers topped the festive box office in North America, setting a new record for Christmas Day. The sequel took $44.7m (Â£23.2m) between 24 and 26 December, according to studio estimates. It t"
entertainment,4,4,DVD review: Spider-Man 2 It's a universal rule that a film can either be a superhero special effects extravaganza or it can be good. But Spider-Man 2 breaks that rule in two. It's not fantastically deep but you get quickly drawn into the ta
entertainment,4,4,"Baby becomes new Oscar favourite Clint Eastwood's boxing drama Million Dollar Baby has become the new favourite to win best picture at the Oscars on Sunday. According to pundits, the film has overtaken previous favourite The Aviator, with E"
entertainment,4,4,Russian film wins BBC world prize Russian drama The Return (Vozvrashchenie) has been named winner of the BBC Four World Cinema Award. The film tells the story of two adolescent boys who are subjected to a harsh regime when their strict fath
entertainment,4,4,"US TV cuts nudity from BBC film A US TV network is editing BBC Films' Dirty War to avoid showing the front of a nude woman being scrubbed down after a fictional chemical attack. It is not worth showing ""non-essential"" nude scenes when indec"
entertainment,4,4,"Oscars race enters final furlong The race for the Oscars entered its final stages as the deadline for voters to choose their winners passed. The 5,808 Academy voters had until Tuesday afternoon to return their ballots - any late submissions"
entertainment,4,4,Aviator 'creator' in Oscars snub The man who said he got Oscar-nominated movie The Aviator off the ground and signed up Leonardo DiCaprio has been shut out of the Academy Awards race. Charles Evans Jr battled over his role with the people w
entertainment,4,4,"Cage film's third week at US top Nicolas Cage movie National Treasure has topped the US and Canada box office for the third week in a row. National Treasure made $17.1m (Â£8.8m) in ticket sales from Friday to Sunday, according to studio est"
entertainment,4,4,"Oscar nominees gear up for lunch Leonardo DiCaprio, Jamie Foxx and Hilary Swank are among those due to attend this year's Oscar nominees luncheon on Monday. They will join more than 100 nominees from the 24 Oscar categories at the annual ev"
entertainment,1,4,Church anger over Bollywood film Roman Catholic organisations in India have demanded the withdrawal of a film that depicts a priest having an affair with a girl half his age. Indian television channels are now refusing to run the promotiona
entertainment,4,4,Bookmakers back Aviator for Oscar The Aviator has been tipped by UK bookmakers as the favourite to win the best film award at this year's Oscars. Ray star Jamie Foxx is clear favourite in the best actor category while Million Dollar Baby's 
entertainment,4,4,"Global release for Japan hit film Oscar-winning animator Hayao Miyazaki's latest film, Howl's Moving Castle, is to be released in 50 countries around the world, its distributor has said. Howl's Moving Castle set a Japanese box office record"
entertainment,4,4,"Ocean's Twelve raids box office Ocean's Twelve, the crime caper sequel starring George Clooney, Brad Pitt and Julia Roberts, has gone straight to number one in the US box office chart. It took $40.8m (Â£21m) in weekend ticket sales, accordi"
entertainment,4,4,"Oscar nominee Dan O'Herlihy dies Irish actor Dan O'Herlihy, who was nominated for best actor at the 1955 Oscars, has died at the age of 85. O'Herlihy, whose Oscar nomination was for Luis Bunuel's The Adventures of Robinson Crusoe, died at h"
entertainment,4,4,"Berlin cheers for anti-Nazi film A German movie about an anti-Nazi resistance heroine has drawn loud applause at Berlin Film Festival. Sophie Scholl - The Final Days portrays the final days of the member of the White Rose movement. Scholl, "
entertainment,4,4,Wine comedy wins critics' award Quirky comedy Sideways was named the best film of the year by the Los Angeles Film Critics Association. The US movie also picked up four other accolades including best director for Alexander Payne and support
entertainment,4,4,"Actor Foxx sees Globe nominations US actor Jamie Foxx has been given two nominations for Golden Globe awards, with Meryl Streep, Morgan Freeman and Cate Blanchett also up for prizes. The stars were shortlisted on Monday for supporting roles"
entertainment,4,4,"Godzilla gets Hollywood fame star Movie monster Godzilla has received a star on Hollywood's Walk of Fame, honouring both his 50th birthday and the launch of his 28th film. An actor dressed as the giant creature breathed smoke over photograp"
entertainment,4,4,"God cut from Dark Materials film The director and screenwriter of the film adaptation of Philip Pullman's His Dark Materials is to remove references to God and the church in the movie. Chris Weitz, director of About a Boy, said the changes "
entertainment,4,4,"Aviator wins top Globes accolades The Aviator has been named best film at the Golden Globe Awards, with its star Leonardo DiCaprio named best actor. Hollywood veteran Clint Eastwood took the best director prize for Million Dollar Baby while"
entertainment,4,4,Singer's film to show at festival A documentary which takes a candid look at the life of chart-topping singer George Michael will be shown at this year's Berlin Film Festival. A Different Story will screen in the Panorama section of the fes
entertainment,4,4,"Surprise win for anti-Bush film Michael Moore's anti-Bush documentary Fahrenheit 9/11 has won best film at the US People's Choice Awards, voted for by the US public. Mel Gibson's The Passion of the Christ won best drama, despite both films "
entertainment,4,4,"Da Vinci film to star Tom Hanks Actor Tom Hanks and director Ron Howard are reuniting for The Da Vinci Code, an adaptation of the international best-selling novel by Dan Brown. Distributor Sony Pictures said production will begin next year,"
entertainment,4,4,"Controversial film tops festival A controversial film starring Hollywood actor Kevin Bacon as a convicted paedophile won top honours at the London Film Festival on Thursday. The Woodsman won the Satyajit Ray Award, named after the Indian di"
entertainment,4,4,"Fockers retain film chart crown Comedy Meet The Fockers has held on to the number one spot at the North American box office for a second week. It took $42.8m (Â£23.7m) at the weekend, making its overall takings more than $163m (Â£90m) in 12"
entertainment,4,4,"Sundance to honour foreign films International films will be given the same prominence as US films at next year's Sundance Film Festival, with movies dominated by the theme of war. The independent film festival will feature two new internat"
entertainment,4,4,"Day-Lewis set for Berlin honour Actor Daniel Day-Lewis is to be presented with an award for his career in film at the Berlin Film Festival. The 47-year-old, whose credits include his Oscar-winning performance in My Left Foot, will be presen"
entertainment,2,3,"Downloads enter US singles chart Digital music downloads are being included in the main US singles chart for the first time. Billboard's Hot 100 chart now incorporates data from sales of music downloads, previously only assigned to a separa"
entertainment,4,4,"Glasgow hosts tsunami benefit gig The top names in Scottish music are taking part in a benefit concert in aid of the victims of the Asian tsunami. All 10,000 tickets for Saturday's concert, featuring Franz Ferdinand, Belle and Sebastian and"
entertainment,4,4,"Pop band Busted to 'take a break' Chart-topping pop band Busted have confirmed that they plan to ""take a break"", following rumours that they were on the verge of splitting. A statement from the band's record company Universal said frontman "
entertainment,4,4,"Streets have 'album of the year' The Streets, aka British rapper and songwriter, Mike Skinner have topped a poll to find the year's best album. A Grand Don't Come for Free beat Keane's Hope and Fears in second place with Franz Ferdinand's s"
entertainment,4,4,"Manics in charge of BBC 6 Music The Manic Street Preachers are to take over the helm of BBC digital radio station 6 Music for a week in December. The Welsh band, whose hits include Design For Life and If You Tolerate This, have already chos"
entertainment,1,2,"Media seek Jackson 'juror' notes Reporters covering singer Michael Jackson's trial in California have asked to see questionnaires completed by potential jurors. Lawyers for news organisations said it was ""really vital"" for the responses of "
entertainment,4,4,"Band Aid retains number one spot The charity single by Band Aid 20 has held on the chart top spot for a second week, strengthening its chances of becoming the Christmas number one. Do They Know It's Christmas, featuring artists including Ch"
entertainment,4,5,"Rap boss arrested over drug find Rap mogul Marion ""Suge"" Knight has been arrested for violating his parole after he was allegedly found with marijuana. He was arrested in Barstow, California, on Saturday following an alleged traffic offence"
entertainment,4,4,"Elton plays Paris charity concert Sir Elton John has performed at a special concert in Paris to raise money for the victims of the Asian tsunami. The British singer played to a 2,700-strong audience on Sunday at the French capital's Bastill"
entertainment,4,4,"Elvis set to top UK singles chart Rock 'n' roll legend Elvis is set to top the UK singles chart on Sunday, 27 years after his death. The re-release of hit song Jailhouse Rock was out-selling X Factor winner Steve Brockstein's cover of Again"
entertainment,4,3,"Wal-Mart is sued over rude lyrics The parents of a 13-year-old girl are suing US supermarket giant Wal-Mart over a CD by rock group Evanescence that contains swear words. The lawsuit, filed in Washington County, alleges Wal-Mart deceived cu"
entertainment,1,4,"Pete Doherty misses bail deadline Singer Pete Doherty will have to spend the weekend in jail because he could not come up with Â£150,000 bond money for his bail on time. The former Libertines singer had been granted bail with curfew restric"
entertainment,4,4,Rapper Snoop Dogg sued for 'rape' US rapper Snoop Dogg has been sued for $25m (Â£13m) by a make-up artist who claimed he and his entourage drugged and raped her two years ago. The woman said she was assaulted after a recording of the Jimmy 
entertainment,4,4,"Legendary music studio to close The New York music studio where John Lennon spent his final hours is to close next month. The Hit Factory, which opened 37 years ago, has played host to some of the biggest stars in music, including Paul Simo"
entertainment,4,4,"Rapper Jay-Z becomes label boss Rap star Jay-Z is to become a record company executive after being put in charge of one of hip-hop's most influential labels, Def Jam. Jay-Z, who said he would make no more music after 2003's The Black Album,"
entertainment,5,4,"REM concerts blighted by illness US rock band REM have been forced to cancel concerts after bass player Mike Mills was taken to hospital suffering from ""severe flu-like symptoms"". The band were forced to cut short Monday night's show in She"
entertainment,4,4,"Ring of Fire hit co-writer dies Merle Kilgore, co-writer of the country hit Ring of Fire, has died of congestive heart failure aged 70. He started out as a singer and songwriter before going into music management, looking after country star"
entertainment,4,1,"'My memories of Marley...' To mark the 60th anniversary of the birth of reggae star Bob Marley, Rob Partridge - Marley's former head of press at Island Records - remembers the man behind the legend. Partridge worked with Marley from 1977 un"
entertainment,4,4,"Belle named 'best Scottish band' Belle & Sebastian have been named the best Scottish band of all time after a three month-long public poll. The group beat Travis and Idlewild into second and third place respectively. Franz Ferdinand, who re"
entertainment,4,4,"Dance music not dead says Fatboy DJ Norman Cook - aka Fatboy Slim - has said that dance music is not dead, but has admitted it is currently going through a ""fallow patch"". The commercial failure of the latest albums by Britain's two biggest"
entertainment,4,4,Label withdraws McFadden's video The new video of former Westlife singer Brian McFadden has been pulled after a Dublin school complained about being associated with his song Irish Son. St Fintian's High School says it is clearly identified 
entertainment,4,4,"Byrds producer Melcher dies at 62 Record producer Terry Melcher, who was behind hits by the Byrds, Ry Cooder and the Beach Boys, has died aged 62. The son of actress Doris Day, he helped write Kokomo for the Beach Boys, which was used in th"
entertainment,4,4,"Snow Patrol feted at Irish awards Snow Patrol were the big winners in Ireland's top music honours, the Meteor Awards, picking up accolades for best Irish band and album on Thursday. The Belfast-born, Glasgow-based band collected the prizes "
entertainment,4,4,"Doves soar to UK album summit Manchester rock band Doves have entered the UK album chart at number one with their new release, Some Cities. The trio replace flamboyant US act Scissor Sisters at the top. The album follows single Black and Wh"
entertainment,2,3,"Downloads enter US singles chart Digital music downloads are being included in the main US singles chart for the first time. Billboard's Hot 100 chart now incorporates data from sales of music downloads, previously only assigned to a separa"
entertainment,4,4,"Top gig award for Scissor Sisters New York band Scissor Sisters have won a gig of the year award for their performance at this year's V Festival. The award was voted for by listeners of Virgin Radio, which compiled a top 10 which was mostly"
entertainment,4,4,"Brits return Keane to number one Brits success has helped return Keane's award-winning album Hopes and Fears back to the top of the UK album chart. The debut album, which took the best British album title at the Brits on Tuesday, moved up s"
entertainment,4,4,Charity single for quake relief Singers including Sir Cliff Richard and Boy George are recording a charity single to help raise funds for victims of the Asian tsunami. They hope the song will raise more than Â£2m for the relief fund. The so
entertainment,1,3,"Franz man seeks government help Franz Ferdinand frontman Alex Kapranos has called for more government help for musicians, while taking part in an Edinburgh Lectures discussion. ""For any cultural output to thrive there needs to be some kind "
entertainment,4,4,Hard act to follow for OutKast US rap duo OutKast's trio of trophies at the MTV Europe Awards crowns a year of huge success for the band. The latest triumph adds to the three Grammys and four American MTV gongs won earlier in this year. And
entertainment,4,4,Sir Paul rocks Super Bowl crowds Sir Paul McCartney wowed fans with a live mini-concert at American football's Super Bowl - and avoided any Janet Jackson-style controversies. The 62-year-old sang Hey Jude and other Beatles songs in a 12-min
entertainment,4,4,"Rock group Korn's guitarist quits The guitarist with US rock band Korn has quit the music business, saying he made the decision after experiencing a religious awakening. Brian 'Head' Welch told a radio station in California that his bandmat"
entertainment,4,4,"Vibe awards back despite violence The US Vibe awards will be held again next year despite a stabbing which happened during the ceremony. Vibe magazine president Kenard Gibbs said the attack earlier this month in Santa Monica was ""sickening"""
entertainment,4,4,"'Christmas song formula' unveiled A formula for the ultimate Christmas single has been revealed by chart bible British Hit Singles and Albums. The recipe includes a reference to Father Christmas, sleigh bells, a children's choir and a chari"
entertainment,2,3,"Glastonbury fans to get ID cards Fans who buy tickets for this year's Glastonbury festival will be issued with photo ID cards in an attempt to beat touts, it has been confirmed. The cards will include a photograph of the ticket-holder plus "
entertainment,4,4,Queen recruit singer for new tour The remaining members of rock band Queen are to go on tour next year with former Free and Bad Company singer Paul Rodgers taking Freddie Mercury's place. Guitarist Brian May has said he expects to be on the
entertainment,4,4,"U2 to play at Grammy awards show Irish rock band U2 are to play live at the Grammy Awards presentation in the US next month, organisers have said. Other acts to play include soul singer Alicia Keys, country singer Tim McGraw and punk band G"
entertainment,4,4,"Rock band U2 break ticket record U2 have smashed Irish box office records with ticket sales for their Dublin concerts, after more than 150,000 were sold within 50 minutes. Tickets for the two concerts at the city's Croke Park stadium were r"
entertainment,4,4,"Police praise 'courageous' Ozzy Rock star Ozzy Osbourne has been praised by police for ""very courageously"" tackling a burglar who stole jewellery from his house. The singer grabbed an intruder who then jumped 30ft (10m) from a first floor w"
entertainment,4,4,"New York rockers top talent poll New York electro-rock group The Bravery have come top of the BBC News website's Sound of 2005 poll to find the music scene's most promising new act. The Bravery, who have been compared to The Cure and New Or"
entertainment,4,4,"Blair buys copies of new Band Aid Prime Minister Tony Blair purchased two copies of the charity single Band Aid 20 in Edinburgh on Friday. Staff were surprised when the Prime Minister walked into HMV at 0900 GMT, accompanied by aides and lo"
entertainment,4,4,"Eminem beats Elvis to number one Rapper Eminem has denied Elvis his fourth number one of the year, after his song, Like Toy Soldiers, stormed to the top of the singles charts. The track claimed the top spot ahead of The King's latest re-rel"
entertainment,4,4,Sir Paul rocks Super Bowl crowds Sir Paul McCartney wowed fans with a live mini-concert at American football's Super Bowl - and avoided any Janet Jackson-style controversies. The 62-year-old sang Hey Jude and other Beatles songs in a 12-min
entertainment,4,4,"J-Lo and husband plan debut duet Singers Jennifer Lopez and husband Marc Anthony, a Latin pop star, are to perform a duet at this month's Grammy Awards in Los Angeles. Anthony became Lopez's third husband in June 2004. He won a Grammy in 19"
entertainment,4,3,Beastie Boys win sampling battle US rappers Beastie Boys have won their long-running battle over the use of a sample in their song Pass the Mic. The punk-rappers used three notes of music from flautist James Newton's Choir in their track fr
entertainment,2,3,"Pupils to get anti-piracy lessons Lessons on music piracy and copyright issues are to be taught to secondary school pupils in the UK. The lessons, aimed at 11 to 14-year-olds, will introduce them to copyright - including the issues of downl"
entertainment,1,4,"Spector facing more legal action Music producer Phil Spector is facing legal action from the mother of the actress he has been accused of killing. Donna Clarkson, whose daughter Lana was found dead in Mr Spector's home in February 2003, is "
entertainment,4,4,"Usher leads Billboard nominations R&B singer Usher is leading the race for the Billboard awards with nominations in 13 categories, including best male. Alicia Keys has 12 nominations for the awards, which will be held on 8 December at the M"
entertainment,4,4,"Eminem secret gig venue revealed Rapper Eminem is to play an intimate gig in London on Saturday, following a show on the River Thames on Friday. The US star will play just two songs at a night showcasing his label Shady Records at the Islin"
entertainment,4,3,"Beatles suits sell for $110,000 Four suits worn by the Beatles on their Please Please Me album cover have sold for $110,00 (Â£59,000) at a US auction. But some of Elvis Presley's earliest recordings - including takes of All Shook Up - faile"
entertainment,4,4,"OutKast win at MTV Europe Awards US hip-hop duo OutKast have capped a year of award glory with three prizes at the MTV Europe Music Awards in Rome. They won best group, best video and best song for hit Hey Ya! after getting five nominations"
entertainment,4,5,"Oasis star fined for German brawl Oasis singer Liam Gallagher has been fined 50,000 euros (Â£35,000) after a fight in a German hotel two years ago. Gallagher was arrested along with drummer Alan White and three other members of the band's e"
entertainment,4,4,"Disputed Nirvana box set on sale A box set featuring 68 unreleased Nirvana tracks has gone on sale in the US, after years of legal wrangles. With the Lights Out was intended to be released in 2001, to mark the 10th anniversary of the album "
entertainment,4,4,"Usher leads Soul Train shortlist Chart-topping R&B star Usher is leading the field at this year's Soul Train Awards, with five nominations. The singer, whose album Confessions has sold close to eight million copies in the US alone, is alrea"
entertainment,4,4,"US charity anthem is re-released We Are The World, the American charity anthem inspired by the success of Band Aid, has been re-issued to raise money for Aids research and tsunami victims. More than 40 stars sang as group USA For Africa, in"
entertainment,4,4,Queen recruit singer for new tour The remaining members of rock band Queen are to go on tour next year with former Free and Bad Company singer Paul Rodgers taking Freddie Mercury's place. Guitarist Brian May has said he expects to be on the
entertainment,4,4,Band Aid 20 single storms to No 1 The new version of the Band Aid song Do They Know It's Christmas? has gone straight in at number one in the UK singles chart. The charity record is also tipped to be this year's Christmas number one. It fea
entertainment,4,3,"iTunes now selling Band Aid song Ipod owners can now download the Band Aid single from iTunes after Apple reached agreement with the charity. Apple had been unwilling to raise the cost of the single in line with other download services, sai"
entertainment,4,4,Court halts Mark Morrison album Premiership footballer and record company boss Kevin Campbell has gained a court injunction stopping R&B singer Mark Morrison from releasing an album. The Everton striker signed Morrison to his fledging 2 Wik
entertainment,4,4,"Prince crowned 'top music earner' Prince earned more than any other pop star in 2004, beating artists such Madonna and Elton John in US magazine Rolling Stone's annual list. The singer banked $56.5m (Â£30.4m) from concerts, album and publis"
entertainment,4,3,Early Elvis recordings go on sale Some of Elvis Presley's earliest recordings - including takes of All Shook Up - are going under the hammer on Sunday at a Los Angeles auction. The six unedited reel-to-reel tapes - which were owned by the e
entertainment,4,4,"Parker's saxophone heads auction A saxophone belonging to legendary jazz musician Charlie Parker is expected to fetch up to $1m (Â£535,000) at an auction of jazz memorabilia next month. The sale, at Guernsey's Auction House in New York, wil"
entertainment,4,4,"Comic Morris returns with sitcom Comedian Chris Morris, who created controversial TV show Brass Eye, is to return to screens with a new sitcom about a spoof London media worker. Morris will direct and co-write Nathan Barley - a character fr"
entertainment,1,4,TV station refuses adoption show A TV station in the US has refused to show a controversial new series where adopted children try and pick their birth father - and win a cash prize. The WRAZ-TV Fox affiliate in North Carolina was the only o
entertainment,4,4,"A-listers flock to Gervais sitcom Hollywood actors Samuel L Jackson and Ben Stiller have signed up for Ricky Gervais' new sitcom, the comedian has told BBC News. He said they had both seen the scripts and had agreed to appear in an episode "
entertainment,1,3,"Campaigners attack MTV 'sleaze' MTV has been criticised for ""incessant sleaze"" by television indecency campaigners in the US. The Parents Television Council (PTC), which monitors violence and sex on TV, said the cable music channel offered "
entertainment,4,4,"US actor 'found with gun residue' Actor Robert Blake had gunshot residue on his hands and clothes the night his wife was shot dead, a court has heard. But it may not have come from the shot that killed Bonny Lee Bakley in 2001, Mr Blake's m"
entertainment,4,4,"EastEnders 'is set for US remake' Plans to create a US soap based on the BBC's EastEnders have reportedly been drawn up by the Fox TV network. EastEnders' head writer Tony Jordan and music mogul Simon Fuller are involved in the project, acc"
entertainment,3,3,"US 'to raise TV indecency fines' US politicians are proposing a tough new law aimed at cracking down on indecency and bad language on US TV. Fines of up to $500,000 (Â£266,582) could be imposed each time broadcasters transmit nudity or prof"
entertainment,4,4,Eurovision 'greats' to do battle Stars of the Eurovision Song Contest from the show's 50-year history are to compete against each other to celebrate the contest's anniversary. Viewers will choose 14 past songs to be performed by the origina
entertainment,1,3,"UK TV channel rapped for CSI ad TV channel Five has been criticised for sending ""offensive"" and ""threatening"" advertising material to viewers for a new show about murder scene scientists. Five mailed thousands of fake dossiers including pho"
entertainment,4,1,"X Factor show gets second series TV talent show The X Factor is to return for a second series after being recommissioned by ITV. Judges Simon Cowell, Louis Walsh and Sharon Osbourne are in discussions to sign up for the new series. The fina"
entertainment,4,4,"Alicia Keys to open US Super Bowl R&B star Alicia Keys is to open February's Super Bowl singing a song only previously performed there by Ray Charles and Vicki Carr. Keys, who will sing America the Beautiful, will be accompanied by 150 stud"
entertainment,4,4,"'Comeback' show for Friends star Friends actress Lisa Kudrow is to play the lead role in a new series about a one-time sitcom star, according to the Hollywood reporter. Thirteen episodes of Comeback have been commissioned by cable channel H"
entertainment,4,4,"Hillbillies singer Scoggins dies Country and Western musician Jerry Scoggins has died in Los Angeles at the age of 93, his family has said. Scoggins was best remembered for singing the theme tune to popular US TV show The Beverly Hillbillie"
entertainment,4,5,"Branson show flops on US screens Entrepreneur Sir Richard Branson's US TV show, The Rebel Billionaire, is proving a flop in the ratings. The programme suffered poor viewing figures on its debut on the Fox network three weeks ago, and has lo"
entertainment,4,5,Housewives lift Channel 4 ratings The debut of US television hit Desperate Housewives has helped lift Channel 4's January audience share by 12% compared to last year. Other successes such as Celebrity Big Brother and The Simpsons have enabl
entertainment,4,4,"McCririck out of Big Brother show Racing pundit John McCririck has become the latest contestant to be evicted from Celebrity Big Brother. He was nominated to leave the Channel 4 show by fellow housemates, alongside Happy Mondays dancer Bez."
entertainment,4,5,"Chris Evans back on the market Broadcaster Chris Evans has begun selling thousands of his possessions from a stall in Camden Market, London. Evans perched on a stool as shoppers wandered around the open-fronted shop packed with his furnitur"
entertainment,4,4,"Top stars join US tsunami TV show Brad Pitt, Robert De Niro and Hugh Grant have been added to the line-up for a two-hour US TV special to raise money for victims of the Asian tsunami. Andy Garcia, Lucy Liu, Natalie Portman and Jay Leno are "
entertainment,4,4,"Star Trek fans fight to save show Star Trek fans have taken out a full-page ad in the Los Angeles Times in an attempt to persuade TV executives not to scrap Star Trek: Enterprise. Made by the UPN TV network, the latest spin-off from the hit"
entertainment,4,3,"Top of the Pops leaves BBC One The BBC's flagship pop music programme Top of the Pops is to move from BBC One on Fridays to Sundays on BBC Two. The new programme will combine with archive show TOTP2, mixing new music with footage of classic"
entertainment,4,4,"Oscar host Rock to keep it clean Oscar host Chris Rock said he will steer clear of bad language when he fronts the awards on 27 February. The comedian, who recently got into trouble for poking fun at the ceremony, is renowned for his heavy "
entertainment,4,4,"Johnny and Denise lose Passport Johnny Vaughan and Denise Van Outen's Saturday night entertainment show Passport to Paradise will not return to screens, the BBC has said. The ex-Big Breakfast presenters were recruited to host the BBC One fa"
entertainment,4,4,"Double eviction from Big Brother Model Caprice and Holby City actor Jeremy Edwards have both left the Celebrity Big Brother house in a surprise double eviction on Friday. Caprice, who left in the scheduled fourth eviction having gained just"
entertainment,4,4,Celebrities get their skates on Former England footballer Paul Gascoigne will join EastEnders' actress Scarlett Johnson on BBC One's Strictly Ice Dancing. The one-off Christmas special will also star television presenter Carol Smillie and J
entertainment,4,4,"Holmes wins '2004 top TV moment' Sprinter Kelly Holmes' Olympic victory has been named the top television moment of 2004 in a BBC poll. Holmes' 800m gold medal victory beat favourite moments from drama, comedy and factual programmes, as vot"
entertainment,4,4,"Veteran comic Cyril Fletcher dies Veteran comedian and broadcaster Cyril Fletcher has died aged 91 at his home in Guernsey. Fletcher will be remembered for his ""odd odes"" and amusing misprints on TV show That's Life in the 1970s and 80s, as"
entertainment,4,4,"Little Britain vies for TV trophy BBC hits Little Britain and Strictly Come Dancing are among numerous British shows nominated for the prestigious Golden Rose television awards. Homegrown reality programmes dominated that category, includin"
entertainment,1,3,"Springer criticises Opera musical Talk show host Jerry Springer, whose programme inspired the controversial opera shown by the BBC, has said he would not have written it himself. The BBC received 47,000 complaints before the musical was bro"
entertainment,1,3,"CSI shows give 'unrealistic view' People have unrealistic expectations of forensic science thanks to the success of the CSI TV shows, real experts say. Evidence submitted to forensic labs has shot up as a result of the programmes, at a time"
entertainment,1,4,"Ethnic producers 'face barriers' Minority ethnic led (Mel) production companies face barriers in succeeding in the film and television industries, research has suggested. The study, commissioned by Pact and the UK Film Council, included int"
entertainment,4,4,US TV special for tsunami relief A US television network will screen a celebrity TV special to benefit the tsunami relief effort in South Asia. NBC will encourage viewer donations during an hour-long show featuring musical performances on 1
entertainment,4,4,"Gervais writing Simpsons episode The Office's Ricky Gervais is writing an episode of hit US cartoon The Simpsons, following an invitation from its creator Matt Groening. Gervais has already begun writing the script but is keeping its subjec"
entertainment,5,3,"John Peel replacement show begins The permanent replacement for late DJ John Peel's BBC Radio 1 show goes on air on Tuesday, with three hosts chosen to fill the legendary presenter's slot. Rock DJ Huw Stephens will go on air in the 2300 slo"
entertainment,4,4,"Brookside actress Keaveney dies Actress Anna Keaveney, who appeared in Brookside, My Family and A Touch of Frost, has died of lung cancer aged 55. Keaveney, who played Brookside's Marie Jackson when the Channel 4 soap began in 1982, died on"
entertainment,3,3,&#163;1.8m indecency fine for Viacom Media giant Viacom has paid out $3.5m (Â£1.8m) to end investigations into indecency in its US radio and TV shows. The settlement to the Federal Communications Commission (FCC) ends a long-running saga da
entertainment,4,4,"Celebrities get to stay in jungle All four contestants still remain in I'm A Celebrity ... Get Me Out Of Here as no evictions were made on the television show on Saturday. Contestants Paul Burrell, Joe Pasquale, Janet Street-Porter and Fran"
entertainment,4,4,Triple triumph for Little Britain Top TV cult hit Little Britain has triumphed over The Office at the 15th annual British Comedy Awards. The BBC show beat The Office Christmas Special in the best TV comedy category and took the people's cho
entertainment,1,3,"BBC 'should allow more scrutiny' MPs have urged the BBC to give watchdogs more freedom to scrutinise how Â£2bn in licence fee money is spent. The Public Accounts Committee called for the National Audit Office to be given a ""free hand"" to in"
entertainment,1,4,"Greer attacks 'bully' Big Brother Germaine Greer has criticised Celebrity Big Brother's ""bullying"" of housemates after quitting the reality TV show. She said ""superior"" bullying tactics, like making housemates cold and hungry, could encoura"
entertainment,1,2,No charges against TV's Cosby US comedian Bill Cosby will not face charges stemming from an allegation of sexual misconduct. Authorities in Philadelphia said they found insufficient evidence to support the woman's allegations regarding an a
entertainment,4,3,"Wife Swap makers sue US 'copycat' The British producers of US Wife Swap are taking legal action against a show they claim is ""a blatant and wholescale copycat"" of their programme. RDF Media, which makes the show for US network ABC, has file"
entertainment,4,4,"Show over for MTV's The Osbournes Rock star Ozzy Osbourne has said his family will not make any more episodes of reality TV show The Osbournes. ""At the end of it I didn't like having cameras around the house all the time,"" the Black Sabbath"
entertainment,4,4,Jungle TV show ratings drop by 4m The finale of ITV1's I'm a Celebrity... Get Me Out of Here drew an average of 10.9m viewers - about four million fewer than the previous series. The fourth series of the show peaked on Monday at 11.9m and 4
entertainment,4,4,"Duran Duran show set for US TV Chart stars Duran Duran are to appear in a VH1 special in the US including interviews and concert footage. The show airs on Tuesday and will feature a studio performance, behind the scenes footage and fan inte"
entertainment,4,3,US show sued for rat-eating stunt A US TV network is being sued for $2.5m (Â£1.3m) by a viewer who says he was disgusted by watching contestants eat dead rats in a stunt show. Austin Aitken is taking action against NBC over its programme Fe
entertainment,1,2,"Muslim group attacks TV drama 24 A British Muslim group has criticised the new series of US drama 24, which is about to be aired on Sky One, claiming it portrays Islam unfairly. The Muslim Council of Britain has complained to broadcasting w"
entertainment,4,4,"Brookside creator's Channel 4 bid The creator of defunct TV soap Brookside has written to the culture minister to offer to buy Channel 4. Phil Redmond, now chairman of Mersey TV, told Tessa Jowell he would run it with its current remit inta"
entertainment,4,4,"Little Britain two top comic list Little Britain stars Matt Lucas and David Walliams have been named the most powerful people in TV comedy, in a poll by listings magazine Radio Times. The duo kept Phoenix Nights creator Peter Kay at number "
entertainment,1,3,"TV show unites Angolan families Angolan families who are attempting to track each other down, after being separated by nearly 30 years of war, are succeeding thanks to a hugely popular TV show. Meeting Point has become one of TV Angola's mo"
entertainment,4,4,"Volcano drama erupts on BBC One Supervolcano, a docu-drama about a volcanic eruption in Yellowstone National Park in the US, is among the highlights on the BBC One this winter. The Â£178m winter schedule also includes the return of Doctor W"
entertainment,4,4,"South Bank Awards honour hit soap Coronation Street has become the first soap to triumph at the South Bank Show Awards, which traditionally reward highbrow and groundbreaking culture. The soap beat fellow ITV1 show Filthy Love and Channel 4"
entertainment,4,5,Housewives lift Channel 4 ratings The debut of US television hit Desperate Housewives has helped lift Channel 4's January audience share by 12% compared to last year. Other successes such as Celebrity Big Brother and The Simpsons have enabl
entertainment,4,4,"Baywatch dubbed 'worst TV import' Surf show Baywatch has won the title of worst TV import of all time in a poll of UK television executives. The programme, which starred David Hasselhoff and Pamela Anderson during its 12-year run, was shown"
entertainment,3,3,Stern dropped from radio stations Controversial DJ Howard Stern has been dropped from four US radio stations because he keeps promoting his move to a network broadcasting on satellite. Cidatel Broadcasting said Stern had transformed his sho
entertainment,4,4,US TV host Clark suffers stroke Veteran US television host Dick Clark is in hospital in Los Angeles after suffering a mild stroke. The 75-year-old presented long-running show American Bandstand from 1956-87 and has since hosted game shows a
entertainment,4,4,"New media battle for Bafta awards The BBC leads the nominations for the Bafta Interactive Awards, including one for the Radio Times website and one for Sport Interactive's Euro 2004 coverage. The awards, which were started in 1997, recognis"
entertainment,4,4,"Bets off after Big Brother 'leak' A bookmaker has stopped taking bets on Celebrity Big Brother after claiming ""sensitive information"" about the Channel 4 show had been leaked. William Hill made the move after four people tried to place bets"
entertainment,4,4,"School tribute for TV host Carson More than 1,000 people turned out on Sunday to pay tribute to late US TV presenter Johnny Carson in the Nebraska town where he grew up. Carson, who hosted the Tonight Show for 30 years, died on 23 January f"
entertainment,4,4,Singer Ferguson 'facing eviction' Three Degrees star Sheila Ferguson is the favourite to be evicted from ITV's I'm A Celebrity... Get Me Out Of Here on Monday. Bookmakers Ladbrokes says the singer has even odds of being the first contestant
entertainment,4,4,"Farrell due to make US TV debut Actor Colin Farrell is to make his debut on US television in medical sitcom Scrubs, according to Hollywood newspaper Daily Variety. The film star, who recently played the title role in historical blockbuster "
entertainment,4,4,"Stallone evicted from Big Brother Jackie Stallone, mother of actor Sylvester, has become the first star to be evicted from Celebrity Big Brother. She and John McCririck faced the public vote on Friday - 67% of people voted to keep the racin"
entertainment,4,4,"Fox 'too reliant on reality TV' The head of US TV network Fox has admitted the broadcaster had relied too heavily on reality TV shows such as the poor-rating Who's Your Daddy. Chief executive Gail Berman said ""in the case of this fall we dr"
entertainment,4,4,"George Michael to perform for BBC George Michael is to perform live at London's Abbey Road studios as part of a BBC Radio 2 special next month. The session, which will broadcast on 18 December, will also see him talk about how his biggest h"
entertainment,4,4,"Joy Division story to become film The life of late Joy Division singer Ian Curtis is to be made into a film, it has been announced. The Manchester-based production is called Touching From A Distance, after a book by Curtis's widow Deborah w"
entertainment,4,4,"New York rockers top talent poll New York electro-rock group The Bravery have come top of the BBC News website's Sound of 2005 poll to find the music scene's most promising new act. The Bravery, who have been compared to The Cure and New Or"
entertainment,4,4,Aaliyah claim dismissed by court Late R&B star Aaliyah's record company has failed in an attempt to sue the video producer who booked the ill-fated flight on which she died in 2001. A New York appeals court has told Blackground Records that
entertainment,4,3,"Three DJs replace Peel radio show The late John Peel's BBC Radio 1 show is to be succeeded in February by three shows hosted by three DJs focusing on diverse, non-commercial music. Huw Stephens, Ras Kwame and Rob Da Bank will each host the "
entertainment,4,4,Connick Jr to lead Broadway show Singer and actor Harry Connick Jr is to star in a Broadway revival of 1950s hit musical The Pajama Game. He will play the supervisor of a US pyjama factory who has a romance with a union activist during labo
entertainment,4,4,"Elvis fans hold birthday bash Elvis fans around the world have been marking the legendary singer's 70th birthday on Saturday. A three-day Elvis convention took place in Blackpool, England, over the weekend with the aim of finding the best E"
entertainment,4,4,"Elvis regains top chart position Elvis Presley has scored his 19th number one single in the UK charts with the re-release of Jailhouse Rock, 27 years after his death. Elvis knocked X Factor winner Steve Brookstein down into second place aft"
entertainment,4,4,"Pop band Busted to 'take a break' Chart-topping pop band Busted have confirmed that they plan to ""take a break"", following rumours that they were on the verge of splitting. A statement from the band's record company Universal said frontman "
entertainment,4,4,"Franz Ferdinand's art school lesson Scottish rock band Franz Ferdinand, who shot to prominence in 2004, have won two Brit Awards. With their self-titled debut, Franz Ferdinand have achieved what most rock bands crave - high credibility and "
entertainment,4,4,"Singer Knight backs anti-gun song R&B star Beverley Knight said she sang on an anti-gun single after being ""haunted"" by the fatal 2003 shooting of two teenage girls in Birmingham. Knight and drum 'n' bass star Roni Size have released No Mor"
entertainment,4,4,"Portishead back after eight years Cult British group Portishead have revealed they are writing their third album, their first in eight years. Founding member Geoff Barrow told BBC 6 Music the record was well on the way to being completed. """
entertainment,4,4,"Fightstar take to the stage Charlie Simpson took his new band Fightstar to the stage on Friday night, just hours after officially announcing his departure from pop band Busted. He was greeted by a sell-out crowd at the University of Warwick"
entertainment,4,4,"Elvis 'set for chart hat-trick' The late US legend Elvis Presley is likely to score his third UK number one single in three weeks on Sunday, according to early sales figures. The king of rock 'n' roll has already had consecutive chart-toppe"
entertainment,4,4,"Youssou N'Dour wins music prize Senegalese musician Youssou N'Dour has been named a winner of a BBC Radio 3 World Music Award. His album Egypt won the critics' award for album of the year, while the best newcomer accolade went to Argentine "
entertainment,4,4,"TOTP turns to Elvis impersonator Top of the Pops has turned to the star of Elvis Presley musical Jailhouse Rock after the late rock legend scooped the UK's 1,000th number one single. Mario Kombou, who plays the Presley role on stage, will s"
entertainment,4,4,"Blue beat U2 to top France honour Irish band U2 have been honoured at France's biggest music awards, but were beaten to a prize by boy band Blue. U2 received a special achievement prize at the NRJ Music Awards, but Blue beat them to the int"
entertainment,4,4,"Ten-year tragedy of missing Manic Richey Edwards, guitarist and lyricist for The Manic Street Preachers, vanished 10 years ago, on 1 February 1995. His disappearance remains one of the most tragic mysteries in rock music. For his devoted fa"
entertainment,4,4,"Mogul Wilson backing UK rap band Tony Wilson, the music mogul who established the influential Factory Records in the 1980s, is to launch a new label - convinced he has discovered his ""third major band"". Factory were the label of both Joy Di"
entertainment,4,4,"Singer Sizzla jailed for swearing Reggae star Sizzla, whose UK tour was cancelled after protests at his ""anti-gay"" lyrics, has been jailed in Jamaica for swearing on stage. The singer must serve 15 days in prison after he consistently swore"
entertainment,4,4,Spears seeks aborted tour payment Singer Britney Spears is suing eight insurance companies that have refused to reimburse her for cancelling her 2004 world tour. The pop star cancelled her Onyx Hotel tour last June after suffering a knee in
entertainment,4,4,Deal to ban 'homophobic' reggae The reggae industry is to refuse to release or stage concerts featuring homophobic songs under a global deal struck with gay rights groups. A damaging campaign against stars such as Beenie Man and Sizzla has 
entertainment,4,4,"Soul sensation ready for awards South West teenage singing sensation, Joss Stone, has been nominated in three categories in Wednesday's Brit awards. The 17-year-old from a small east Devon village near Cullumpton, received nominations for B"
entertainment,4,4,"Prince crowned 'top music earner' Prince earned more than any other pop star in 2004, beating artists such Madonna and Elton John in US magazine Rolling Stone's annual list. The singer banked $56.5m (Â£30.4m) from concerts, album and publis"
entertainment,4,4,"Brit awards for Devon music acts Devon singer Joss Stone and rock band Muse won coveted Brit awards during the event's 25th anniversary. Seventeen-year-old Stone, from near Cullumpton, won two awards: best British female act, and best urban"
entertainment,4,4,"Rock star sued by ex-girlfriend Motley Crue guitarist Mick Mars is being sued by his ex-girlfriend for $10 million (Â£5.4 million), claiming he broke a promise to take care of her. The woman, Robin Mantooth, said Mars promised her repeatedl"
entertainment,4,4,"Scissor Sisters triumph at Brits US band Scissor Sisters led the winners at the UK music industry's Brit Awards, walking off with three prizes. The flamboyant act scored a hat-trick in the international categories, winning the best group, b"
entertainment,4,4,"Jamelia's return to the top R&B star Jamelia had three Brit nominations to go with her triple triumph at last year's Mobo awards. The Birmingham-born singer, full name Jamelia Davis, was signed to a record label at the age of 15 and release"
entertainment,4,4,"Cult band Kasabian surge forward Indie dance band Kasabian built up a cult following throughout 2004 to secure three Brit Award nominations. The four-piece Leicester band blends dark electronics with rock, earning Kasabian places on the bes"
entertainment,4,4,"Brits debate over 'urban' music Joss Stone, a 17-year-old soul singer from Devon, beat Dizzee Rascal, Jamelia, Lemar and The Streets to win best British urban act at the Brit Awards. Her victory has reignited the debate about what urban mus"
entertainment,1,2,Row threatens Hendrix museum plan Proposals to open a museum dedicated to Jimi Hendrix are flailing because of a row over the home of his late father. The run-down house in Seattle has already been moved wholesale once and local authorities
entertainment,4,4,"No jail for singer Courtney Love Singer Courtney Love has been spared jail for assault and drug offences, but must serve three years probation. She had back-to-back court appearances in two separate cases in Los Angeles, first pleading no c"
entertainment,4,4,Rapper Kanye West's shrewd soul US hip-hop star Kanye West - who leads the race for this year's Grammys with 10 nominations - rose to prominence by producing songs for artists such as Jay-Z and Alicia Keys. He then emerged from his behind-t
entertainment,4,4,"Singer Christina Aguilera to wed Pop star Christina Aguilera is to marry music executive Jordan Bratman, the singer's agent has confirmed. Bratman, 26, proposed to Grammy-winning singer Aguilera, 23, on holiday at an undisclosed location. T"
entertainment,4,4,"Brits return Keane to number one Brits success has helped return Keane's award-winning album Hopes and Fears back to the top of the UK album chart. The debut album, which took the best British album title at the Brits on Tuesday, moved up s"
entertainment,4,4,"U2's desire to be number one U2, who have won three prestigious Grammy Awards for their hit Vertigo, are stubbornly clinging to their status as one of the biggest bands in the world. The most popular groups in the history of rock all have s"
entertainment,4,4,"Lasting influence of legend Charles Ray Charles, who has won a string of posthumous Grammy Awards, belonged to a pioneering generation of artists that had a huge influence on the course of rock and pop music. His sound encompassed so many s"
entertainment,4,4,"Grammys honour soul star Charles The memory of soul legend Ray Charles dominated the music world's leading music ceremony on Sunday as he was given eight posthumous Grammy Awards. Charles, who died in 2004, got honours including record and "
entertainment,4,4,"Abba reunite for musical premiere The original stars of Swedish pop quartet Abba have reunited for the home premiere of hit musical Mamma Mia! which is based on the band's songs. It is the first time in almost 20 years that the four, Bjorn "
entertainment,2,3,Help for indies in download sales A campaign has been launched to help independent labels get their music online and benefit from the growing trend for downloading music. The British Phonographic Industry has identified a lack of independen
entertainment,4,4,"T in the Park sells out in days Tickets for Scotland's biggest music festival have sold out in record time, five months before the event is held. The 12th annual T in the Park festival, which takes place at Balado near Kinross in July, sold"
entertainment,4,4,Black Sabbath top rock album poll Black Sabbath have topped a list of the best British rock albums of all time. The band once fronted by Ozzy Osbourne led a poll of Kerrang! magazine readers with their 1970 self-titled debut. The band have 
entertainment,4,4,"Michael film signals 'retirement' Singer George Michael has said that a new film about his life is the start of a retirement from public view. The pop star said it would be a much more ""behind the scenes affair"", and called his own genre of"
entertainment,4,4,"Hendrix guitar fetches Â£100,000 A much-loved guitar belonging to Jimi Hendrix has been sold for Â£100,000 at an auction in London. The 1965 Fender Stratocaster was one of a number of guitars included in the sale dedicated to the rock legen"
entertainment,2,3,"German music in a 'zombie' state The German music business - the third largest in the world - is ""in the state of a zombie"" because it has failed to respond to the challenge posed by downloading and piracy, a leading industry figure has sai"
entertainment,4,4,"Musical treatment for Capra film The classic film It's A Wonderful Life is to be turned into a musical by the producer of the controversial hit show Jerry Springer - The Opera. Frank Capra's 1946 movie starring James Stewart, is being turne"
entertainment,4,4,"Famed music director Viotti dies Conductor Marcello Viotti, director of Venice's famous La Fenice Theatre, has died in Germany at 50. Viotti, director of La Fenice since 2002, conducted at renowned opera houses worldwide including Milan's L"
entertainment,4,4,TV presenter Deeley drops CD:UK Cat Deeley has resigned as host of ITV1's Saturday morning children's music show CD:UK after six years. The 28-year-old host who also presents Stars In Their Eyes said she wanted to concentrate on new televis
entertainment,4,4,"The Producers scoops stage awards The Producers has beaten Mary Poppins in the battle of the blockbuster West End musicals at the Olivier Awards. The Producers won three prizes at the UK's most prestigious annual theatre awards, while Mary "
entertainment,4,4,"Rocker Doherty in on-stage fight Rock singer Pete Doherty has been involved in a fight with his band's guitarist at their biggest gig to date. Babyshambles played for 5,000 fans at London's Brixton Academy on Tuesday. The former Libertines "
entertainment,4,4,"The Sound of Music is coming home The original stage production of The Sound of Music is to be performed for the first time in the Austrian capital, 40 years after the film was released. The first full-scale theatrical production of the mus"
entertainment,2,3,Download chart debut is delayed The inclusion of downloaded music in the official singles chart has been delayed for a month. The British Phonographic Industry (BPI) had planned to include download formats in the chart from 20 March. But th
entertainment,4,4,"Rapper films music video in jail A US rapper awaiting trial for murder has filmed part of a music video in jail, angering a sheriff who says he was tricked into letting TV crews in. C-Murder, a former member of rap group Tru, was filmed in "
entertainment,4,4,Music man to the Oscars Bill Conti's job of musical director of the Oscars show is not for the faint-hearted since conducting the orchestra is the ultimate plate-spinning assignment. This year marks Conti's 17th turn at the helm of the Acad
entertainment,4,4,"Church urges Nelly show boycott Church ministers are trying to prevent rapper Nelly performing in Arkansas, saying they do not want his ""vile and filthy lyrics"" in their town. More than 20 Jonesboro ministers urged music fans to boycott Nel"
entertainment,4,4,"Rap feud in 50 Cent's G-Unit crew US rap star 50 Cent has said he has thrown protege The Game out of his G-Unit gang in a feud that has apparently involved two shootings. In a radio interview on Monday, 50 Cent said the newcomer was disloya"
entertainment,4,4,"Prodigy join V Festival line-up Essex act Prodigy are to headline the second stage at this year's V Festival, joining main stage headliners Scissor Sisters and Franz Ferdinand. The event, which is in its 10th year, will be held at two venue"
entertainment,4,4,"DJ double act revamp chart show DJ duo JK and Joel are taking over BBC Radio 1's flagship chart show on Sunday, adding showbiz news, celebrity interviews and between-song banter. They hope to boost ratings for the long-running show, which h"
entertainment,4,4,"Rapper 50 Cent scores chart first Rapper 50 Cent has become the first solo artist to have three singles in the US top five in the same week. His track Candy Shop remained at the top of the charts, while Disco Inferno crept up from six to fi"
entertainment,4,4,"Goodrem wins top female MTV prize Pop singer Delta Goodrem has scooped one of the top individual prizes at the first Australian MTV Music Awards. The 21-year-old singer won the award for best female artist, with Australian Idol runner-up Sh"
entertainment,4,4,"REM announce new Glasgow concert US band REM have announced plans to perform for 10,000 Scottish fans in a rescheduled gig. The band will play in what has been dubbed Europe's biggest tent on Glasgow Green on Tuesday, 14 June. They were for"
entertainment,4,1,Rapper 50 Cent ends protege feud Rapper 50 Cent has ended his public feud with his protege The Game as the pair said they wanted to be good role models for their communities. The row blew up when 50 Cent threw The Game out of his G-Unit cre
entertainment,1,5,"Musicians to tackle US red tape Musicians' groups are to tackle US visa regulations which are blamed for hindering British acts' chances of succeeding across the Atlantic. A singer hoping to perform in the US can expect to pay $1,300 (Â£680"
entertainment,4,3,"Angels 'favourite funeral song' Angels by Robbie Williams is the song Britons would most like played at their funeral, a survey has suggested. While the melancholy hit topped the UK poll, Europeans favoured Queen's more upbeat anthem The Sh"
entertainment,4,4,"U2 stars enter rock Hall of Fame Singer Bruce Springsteen has inducted Irish rock band U2 into the Rock and Roll Hall of Fame, in New York. The lavish ceremony, celebrating the 50th anniversary of rock 'n' roll, also saw the induction of th"
entertainment,4,4,Tough schedule delays Elliot show Preview performances of the Â£3m musical Billy Elliot have been delayed to give the child actors a less arduous rehearsal schedule. Director Stephen Daldry made the decision to re-schedule the previews to p
entertainment,4,2,"Singer Ian Brown 'in gig arrest' Former Stone Roses singer Ian Brown was arrested after a fight during a concert in San Francisco on Tuesday, his spokesman has said. A fan jumped on stage and attacked the singer, who then became involved in"
entertainment,4,4,No UK premiere for Rings musical The producers behind the Lord of the Rings musical have abandoned plans to premiere the show in London because no suitable theatre was available. The Â£11.5m show will make its debut in Toronto in March 2006
entertainment,4,4,"Dame Julie pops in to see Poppins Mary Poppins star Dame Julie Andrews watched the hit stage version of her classic film at a charity performance in London's West End. It was the first time Dame Julie, who shot to fame as the nanny in the 1"
entertainment,4,4,"Snow Patrol bassist exits group Snow Patrol had ""no other course of action"" but to ask their co-founder and bassist to leave the band, lead singer Gary Lightbody has said. Mark McClelland had been in the band for more than 10 years since it"
entertainment,4,4,"Fockers keeps US box office lead Film comedy Meet The Fockers, sequel to Meet The Parents, has topped the US box office for a third week. The movie, which stars Ben Stiller, Robert De Niro, Dustin Hoffman and Barbra Streisand, took $28.5m ("
entertainment,4,4,Spider-Man creator wins profits Spider-Man creator Stan Lee is to get a multi-million dollar windfall after winning a court battle with comic book company Marvel. A judge has upheld Lee's demand for 10% of Marvel's profits from the hugely s
entertainment,4,4,"Fry set for role in Hitchhiker's Actor Stephen Fry is joining the cast of the forthcoming film adaptation of The Hitchhiker's Guide To The Galaxy. Fry will provide the voice of The Guide, an electronic book which accompanies the story's her"
entertainment,4,4,"Bollywood draws global stars British actress Antonia Bernath is making her debut in Kisna - the Warrior Poet, marking a growing trend for non-Indian stars to appear in Bollywood films. Directed by Bollywood veteran Subhash Ghai, the film is"
entertainment,4,4,"Hollywood hunts hits at Sundance The Sundance Film Festival, the movie industry's top destination for uncovering the next independent hits and new talent, opens on Thursday. The event will see screen executives decamp from Hollywood to Park"
entertainment,4,4,"Actress Roberts takes spider role Actress Julia Roberts will play the part of a spider in a new film version of children's classic Charlotte's Web. She will voice Charlotte, who teams up with a girl to save their friend Wilbur the pig, in t"
entertainment,4,4,"Film production 'falls' 40% in UK The number of British films produced in the UK fell 40% in 2004, with movies starring Johnny Depp and Jude Law among those affected, Screen Daily has said. Twenty-seven British films were made in the UK las"
entertainment,4,4,"Fantasy book wins Hollywood deal A British author has had the film rights to her children's bestseller snapped up for a seven-figure sum, with Ridley Scott set to direct. Michelle Paver's Wolf Brother, a fantasy set 6,000 years ago, is the "
entertainment,4,4,"The comic book genius of Stan Lee Stan Lee, the man responsible for a string of comic superheroes that have become household names, has won a court battle for a slice of the profits from the hit Spider-Man movies. Many marvel at the man who"
entertainment,4,4,"Bangkok film festival battles on Organisers of the third Bangkok International Film Festival have been determined to carry on with this year's event despite the ravages of the Asian tsunami disaster. The festivities have been scaled down, r"
entertainment,4,4,"Carry On star Patsy Rowlands dies Actress Patsy Rowlands, known to millions for her roles in the Carry On films, has died at the age of 71. Rowlands starred in nine of the popular Carry On films, alongside fellow regulars Sid James, Kenneth"
entertainment,4,4,"Tautou 'to star in Da Vinci film' French actress Audrey Tautou, star of hit film Amelie, will play the female lead in the film adaptation of The Da Vinci Code, it has been reported. The movie version of Dan Brown's best-selling novel is bei"
entertainment,4,4,"Double win for Sea Inside Spanish movie The Sea Inside has been named best picture and star Javier Bardem best actor at the Bangkok International Film Festival. Based on the true story of a paralysed man's battle to end his life, The Sea In"
entertainment,4,4,"BBC denies Blackadder TV comeback The BBC has said there are no plans in the pipeline for a new series of hit comedy Blackadder, which ended in 1989. Tony Robinson, who played the servant Baldrick, told ITV1's This Morning the show's star, "
entertainment,4,4,"Corbett attacks 'dumbed-down TV' Ronnie Corbett has joined fellow comedy stars Victoria Wood and David Jason in attacking the declining standards of British television programmes. Speaking to the Radio Times, the Two Ronnies star said there"
entertainment,4,4,"Smith loses US box office crown New comedy Diary of a Mad Black Woman has ended Will Smith's reign at the top of the North American box office. Based on a play by Tyler Perry, who also stars as a gun-toting grandmother, the film took $22.7m"
entertainment,4,4,BBC to pour Â£9m into new comedy The BBC is to invest Â£9m in developing new comedy and entertainment programmes outside London. The changes come as part of a shake-up of several departments to create shows that appeal to a wider range of p
entertainment,4,4,How the Academy Awards flourished The 77th annual Academy Awards are taking place on 27 February with the stars of the movie-making world once again holding their breath to discover who will be showered with the honours this year. But from 
entertainment,4,4,"Hoffman hits out over modern film Hollywood legend Dustin Hoffman has hit out at the quality of current films and theatre productions. The star of Rain Man and Tootsie said the film culture was ""in the craphouse"" at a press conference on Tu"
entertainment,4,4,"Johnny Depp: The acting outlaw Johnny Depp, whose latest role was Peter Pan creator JM Barrie in Finding Neverland, is celebrated as one of Hollywood's most maverick talents. Depp has become an unlikely major star, given his preference for "
entertainment,4,4,"Patti Smith to host arts festival Rock star Patti Smith has been made artistic director of this year's Meltdown festival, to be held at London's South Bank Centre in June. The punk pioneer follows Morrissey, David Bowie and Nick Cave in dir"
entertainment,4,4,"Roxy Music on Isle of Wight bill Roxy Music will appear at June's Isle of Wight music festival, along with Morrissey, Supergrass and Idlewild. REM have already been confirmed as headliners for the three-day event, which takes place from 10-"
entertainment,4,4,"Music mogul Fuller sells company Pop Idol supremo Simon Fuller has sold his 19 Entertainment company to an US entrepreneur in a $156m (Â£81.5m) deal. Robert Sillerman's Sports Entertainment Enterprises, which is to be renamed CFX, recently "
entertainment,4,4,"Johnny Cash manager Holiff dies The former manager of Johnny Cash, Saul Israel Holiff, has died at the age of 79, his family said. Mr Holiff, who was also a concert promoter, managed Cash's career between 1960 and 1973, quitting when he tho"
entertainment,3,3,"UK 'world's biggest music buyer' UK consumers are the biggest music buyers in the world, according to new figures released on Tuesday by the British Phonographic Industry (BPI). But global sales of recorded music were flat in 2004, with gro"
entertainment,4,4,"Pixies take on Reading and Leeds Pixies, Foo Fighters and Iron Maiden will headline this summer's Leeds and Reading festivals. The trio of rock heavyweights will top the bill for the three-day events at Bramham Park, near Wetherby, and at R"
entertainment,4,4,"Vera Drake leads UK Oscar hopes Mike Leigh's film Vera Drake will lead British hopes at this year's Academy Awards after getting three nominations. Imelda Staunton was nominated for best actress for her role in the abortion drama, while Lei"
entertainment,4,4,Moreno debut makes Oscar mark Catalina Sandino Moreno has joined a rare group of actresses who have been nominated for an Oscar for starring in a foreign language film. The Colombian-born actress was the final hope for director Joshua Marst
entertainment,4,4,"Bening makes awards breakthrough Film actress Annette Bening is up for an Oscar for her starring role in the award-winning film Being Julia. Bening, who was born in Texas in 1958, has gained prominence for a string of key roles. Although an"
entertainment,4,4,"Oscars steer clear of controversy The Oscars nominations list has left out some of the most controversial films of the past year in favour of safer, less contentious cinema. If best film nominees were drawn on the basis of column inches, tw"
entertainment,1,4,Kidman wins photographer battle Actress Nicole Kidman has won a restraining order against two paparazzi photographers who she claims left her fearful of leaving her Sydney mansion. The Oscar-winning star took action against Jamie Fawcett an
entertainment,4,4,Bookmakers back Aviator for Oscar The Aviator has been tipped by UK bookmakers as the favourite to win the best film award at this year's Oscars. Ray star Jamie Foxx is clear favourite in the best actor category while Million Dollar Baby's 
entertainment,4,4,Van Gogh festival film withdrawn Murdered director Theo van Gogh's controversial film Submission has been pulled from the Rotterdam Film Festival because of security fears. It was one of three of his works to be shown as part of a freedom o
entertainment,4,4,"Douglas set for Indian adventure Actor Michael Douglas is to co-produce and star in an adventure film about a diamond robbery set in India. The new picture is expected to be similar to Douglas's action films of the 1980s, Romancing The Ston"
entertainment,4,4,Russian film wins BBC world prize Russian drama The Return (Vozvrashchenie) has been named winner of the BBC Four World Cinema Award. The film tells the story of two adolescent boys who are subjected to a harsh regime when their strict fath
entertainment,4,4,"Incredibles win animation awards The Incredibles movie has beaten Shrek 2 to the main prizes at Hollywood's animation awards, the Annies. The superhero film was named best animated feature while Brad Bird won best director, writer and voice"
entertainment,4,4,"Actor Scott is new Bond favourite Bookmaker William Hill has stopped taking bets on who will be the next James Bond, following a succession of large wagers on actor Dougray Scott. The firm closed the book on Friday, saying ""insider informat"
entertainment,4,4,Singer's film to show at festival A documentary which takes a candid look at the life of chart-topping singer George Michael will be shown at this year's Berlin Film Festival. A Different Story will screen in the Panorama section of the fes
entertainment,4,4,De Niro film leads US box office Film star Robert De Niro has returned to the top of the North American box office with his film Hide and Seek. The thriller shot straight to the number one spot after taking $22m (Â£11.7m) at the box office.
entertainment,4,4,"Films on war triumph at Sundance A study of the United States at war in the past 50 years has picked up one of the main awards at the 2005 Sundance Film Festival in Utah, in the US. Why We Fight scooped the grand jury prize for documentarie"
entertainment,4,4,"Career honour for actor DiCaprio Actor Leonardo DiCaprio's ""exceptional career"" has been honoured at the Santa Barbara International Film Festival. The star was presented with the award by Martin Scorsese, who directed him in Oscar-nominate"
entertainment,4,4,"Howl helps boost Japan's cinemas Japan's box office received a 3.8% boost last year, with ticket sales worth 211bn yen (Â£1.08bn). The surge was led by animated movie Howl's Moving Castle, which took 20bn yen (Â£102m) to become the biggest "
entertainment,4,4,"Keanu Reeves given Hollywood star Actor Keanu Reeves, best known for his role in the Matrix movies, has been awarded a star on the prestigious Hollywood Walk of Fame. The 40-year-old attended the unveiling of the star with his mother, Patri"
entertainment,4,4,"De Niro completes box office coup Robert De Niro has completed a transatlantic box office double by topping the UK and US film charts with two different films at the same time. Comedy sequel Meet the Fockers, in which he stars with Ben Stil"
entertainment,4,4,"Day-Lewis set for Berlin honour Actor Daniel Day-Lewis is to be presented with an award for his career in film at the Berlin Film Festival. The 47-year-old, whose credits include his Oscar-winning performance in My Left Foot, will be presen"
entertainment,2,3,"US composer recreates Bach score A US musicologist has recreated a lost musical score by German composer Johann Sebastian Bach. The 1728 composition, called Wedding Cantata BWV 216, was found among the papers of Japanese pianist Chieko Hara"
entertainment,4,4,Applegate's Charity show closes US musical Sweet Charity has cancelled its run on Broadway after poor ticket sales for its early shows. Star Christina Applegate had to pull out of pre-Broadway performances earlier this month with a broken f
entertainment,4,4,"Ray Charles studio becomes museum A museum dedicated to the career of the late legendary singer Ray Charles is to open in his former recording studio in Los Angeles. His longtime publicist Jerry Digney said the museum would house ""archive m"
entertainment,4,4,"Britney attacks 'false tabloids' Pop star Britney Spears has attacked ""false"" and ""desperate"" US tabloid magazines, questioning their honesty after they reported she was pregnant. In a letter on her website, the singer named celebrity tablo"
entertainment,4,4,"Abba queen enters music rich list The woman behind the Abba musical Mamma Mia! has joined a list of British-based music millionaires. Producer Judy Craymer is the highest new entry in the Sunday Times' music rich list, with a Â£67m fortune."
entertainment,4,4,"Casino Royale is next Bond movie Casino Royale, author Ian Fleming's first James Bond book, is to be the next Bond film, with Goldeneye director Martin Campbell behind the camera. It will be the 21st James Bond film to hit the big screen, a"
entertainment,4,4,"Berlin celebrates European cinema Organisers say this year's Berlin Film Festival, which opens on Thursday with period epic Man to Man, will celebrate a revitalised European cinema. Of the 21 films in competition for the Golden and Silver B"
entertainment,1,4,India to deport Bollywood actress India has ordered the deportation of Iranian-born model and actress Negar Khan to Norway after saying she was working illegally on her visa. Khan has had raunchy roles in music videos and Bollywood films ov
entertainment,4,4,Ray DVD beats box office takings Oscar-nominated film biopic Ray has surpassed its US box office takings with a combined tally of $80m (Â£43m) from DVD and video sales and rentals. Ray's success on DVD outstripped its $74m (Â£40m) US box of
entertainment,3,4,"Women in film 'are earning less' Women in the UK film industry earn less than their male counterparts despite being better qualified, according to a study released on Wednesday. Only 16% of women earn more than Â£50,000, compared with 30% o"
entertainment,4,4,"Vera Drake's Bafta triumph hope At the Bafta film awards on Saturday night, there is the prospect that a home-grown movie could walk off with a clutch of trophies. Vera Drake, Mike Leigh's tale about a 1950s backstreet abortionist, is nomin"
entertainment,4,4,"Roundabout continues nostalgia trip The new big-screen version of The Magic Roundabout, released in the UK on Friday, is the latest attempt to turn children's television into box-office gold. Recent years have seen a less-than-successful ad"
entertainment,4,4,"Stars shine on Bafta red carpet Hollywood stars brought a touch of glamour to London on Saturday for the biggest night in the British film calendar. Cate Blanchett, Leonardo DiCaprio and Richard Gere were just some of the actors who attende"
entertainment,4,4,Bafta to hand out movie honours Movie stars from across the globe are attending this year's Bafta film award ceremony. British stars Imelda Staunton and Clive Owen are hoping for awards at the Odeon in London's Leicester Square. Hollywood s
entertainment,4,4,"Stars pay tribute to actor Davis Hollywood stars including Spike Lee, Burt Reynolds and Oscar nominee Alan Alda have paid tribute to actor Ossie Davis at a funeral in New York. Veteran star Ossie Davis, a well-known civil rights activist, d"
entertainment,4,4,"Aviator and Vera take Bafta glory Hollywood blockbuster The Aviator and low-budget British movie Vera Drake have shared the main honours at the 2005 Bafta film awards. The Aviator was declared best film, and its star Cate Blanchett won best"
entertainment,4,4,Film star Fox behind theatre bid Leading actor Edward Fox is one of the men behind plans to reopen a Swansea theatre thought to be Wales' oldest. The star of film and TV hits Day of the Jackal and Edward and Mrs Simpson has joined forces wi
entertainment,4,4,Shark Tale DVD is US best-seller Oscar-nominated animation Shark Tale has raked in $80m (Â£42.4m) in the first week of its US DVD release becoming the year's best-selling home video so far. The tally for its DVD and video sales soared past 
entertainment,4,4,Lopez misses UK charity premiere Jennifer Lopez cancelled an appearance at the UK charity premiere of her new movie saying she was too ill to fly. The actress and singer dropped out at the last minute and has now cancelled all European prom
entertainment,4,4,Super Size Me wins writers' award Super Size Me director Morgan Spurlock has won the Writers Guild of America's award for documentary feature writing. The Oscar-nominated film followed Spurlock as he ate only McDonald's fast food for an ent
entertainment,4,4,"Original Exorcist to be screened The original version of horror prequel Exorcist: The Beginning, dropped by producers over claims it was not scary enough, is to have its world premiere. The film, directed by Paul Schrader, will be screened "
entertainment,4,4,Oscar nominees lack pulling power This year's clutch of Oscar nominees have been the least popular for 20 years according to box office figures. In the US the five nominated for best film have been seen by 50% fewer people than movies in pr
entertainment,4,4,"Hitch holds on to US box office Will Smith's first romantic comedy, Hitch, has topped the North American box office for a second weekend. Smith plays a New York ""date doctor"" with love worries of his own in the movie, which took $31.8m (Â£1"
entertainment,4,4,Tarantino to direct CSI episode Film director Quentin Tarantino is to direct an episode of US television series CSI: Crime Scene Investigation. The Oscar-winning Pulp Fiction director has also written an original story for the season finale
entertainment,2,4,"Bollywood DVD fraudster is jailed A major distributor of pirated DVDs of Bollywood films has been sent to prison for three years. Jayanti Amarishi Buhecha from Cambridge was found guilty of two trademark offences last month, and sentenced a"
entertainment,4,4,"US 'afflicted' with awards fatigue The film world and media may be wild about the Oscars but cinema-goers and the TV-viewing public are sick of watching award ceremonies, according to some LA film critics. Bob Strauss, from the LA Daily New"
entertainment,4,4,"Critics back Aviator for Oscars Martin Scorsese's The Aviator will win best film at the Oscars, according to the UK's leading movie critics. But several of those surveyed by the BBC News website think the veteran film-maker will lose the be"
entertainment,4,4,"Briton wins short film Oscar Three of the five nominees in the live-action short film category at this year's Oscars were British. For Andrea Arnold, who won the category, Ashvin Kumar and Gary McKendry the past month has thrust them from r"
entertainment,4,4,"Sideways dominates Spirit awards The comedy Sideways has dominated this year's Independent Spirit Awards, winning all six of the awards for which it was nominated. It was named best film while Alexander Payne won best director and best scre"
entertainment,4,4,"Arnold congratulated on Oscar win Oscar-winner Andrea Arnold has been congratulated by the UK Film Council, the organisation which partly funded her project. Arnold's film Wasp won the best live action short film award on Sunday. ""The UK Fi"
entertainment,4,4,"Eastwood's Baby scoops top Oscars Clint Eastwood's Million Dollar Baby beat Martin Scorsese's The Aviator to the top awards at the Oscars on Sunday. The boxing drama was named best picture and Eastwood pipped Scorsese to best director, whil"
entertainment,4,4,"British stars denied major Oscars British hopes of winning major Oscars were dashed as UK stars failed to win acting and directing prizes. Despite three nominations, Mike Leigh's Vera Drake failed to take the director or screenplay awards a"
entertainment,4,4,Lee to create new film superhero Comic book veteran Stan Lee is to team up with producer Robert Evans to create a movie featuring a new superhero. Foreverman will focus on a character who has to face problems in everyday life as well as usi
entertainment,1,4,"Jackson film 'absolute disaster' A PR expert has told the Michael Jackson child abuse trial that the TV documentary at the heart of the case was an ""absolute disaster"". Ann Kite told the court in the Californian town of Santa Maria she was "
entertainment,4,4,"France set for new Da Vinci novel French booksellers are braced for a rush of interest after another book from the author of The Da Vinci Code is translated into French. Angels and Demons, by US author Dan Brown, will go on sale on Wednesda"
entertainment,4,4,"UK Directors Guild nominees named Martin Scorsese and Clint Eastwood are among the nominees for the top prize at the Directors Guild of Great Britain awards, now in their second year. The Oscar rivals will compete for the international film"
entertainment,4,4,"Halloween writer Debra Hill dies Screenwriter and producer Debra Hill, best known for her work on the 70s horror classic Halloween, has died in Los Angeles aged 54. Hill, who had been suffering from cancer, co-wrote the 1978 film, which sta"
entertainment,4,4,"Tarantino 'to make Friday sequel' Director Quentin Tarantino is in talks to write and direct a new instalment in the Friday the 13th horror franchise, according to the Hollywood Reporter. The film-maker will reportedly meet executives from "
entertainment,4,4,"Boogeyman takes box office lead The low-budget horror film Boogeyman has knocked Robert de Niro thriller Hide and Seek from the top spot at the UK box office. The film, in which a young man is forced to revisit a traumatic childhood experie"
entertainment,4,4,"Lost Doors frontman movie found Historians in Florida have discovered a 40-year-old clip of a clean-cut Jim Morrison appearing in a promotional film for his university. The 1964 film shows the Doors frontman, who died aged 27 in 1971, playi"
entertainment,4,4,"Last Star Wars 'not for children' The sixth and final Star Wars movie may not be suitable for young children, film-maker George Lucas has said. He told US TV show 60 Minutes that Revenge of the Sith would be the darkest and most violent of "
entertainment,4,4,"French honour for director Parker British film director Sir Alan Parker has been made an officer in the Order of Arts and Letters, one of France's highest cultural honours. Sir Alan received his decoration in Paris on Wednesday from French "
entertainment,4,4,"Robots march to US cinema summit Animated movie Robots has opened at the top of the US and Canada box office chart, taking $36.5m (Â£19m) on its first weekend on release. Featuring the voices of Ewan McGregor, Halle Berry, Robin Williams an"
entertainment,4,4,"Hobbit picture 'four years away' Lord of the Rings director Peter Jackson has said that it will be up to four years before he starts work on a film version of The Hobbit. The Oscar winner said on a visit to Sydney there was a ""desire"" to ma"
entertainment,4,4,"Buffy creator joins Wonder Woman The creator of Buffy the Vampire Slayer is to take on a new female superhero after signing up to write and direct the Wonder Woman movie. Joss Whedon described the DC Comics character as ""the most iconic fem"
politics,1,2,"Labour plans maternity pay rise Maternity pay for new mothers is to rise by Â£1,400 as part of new proposals announced by the Trade and Industry Secretary Patricia Hewitt. It would mean paid leave would be increased to nine months by 2007, "
politics,1,2,"Watchdog probes e-mail deletions The information commissioner says he is urgently asking for details of Cabinet Office orders telling staff to delete e-mails more than three months old. Richard Thomas ""totally condemned"" the deletion of e-m"
politics,1,5,"Hewitt decries 'career sexism' Plans to extend paid maternity leave beyond six months should be prominent in Labour's election manifesto, the Trade and Industry Secretary has said. Patricia Hewitt said the cost of the proposals was being ev"
politics,1,2,"Labour chooses Manchester The Labour Party will hold its 2006 autumn conference in Manchester and not Blackpool, it has been confirmed. The much trailed decision was ratified by Labour's ruling National Executive Committee in a break with t"
politics,1,2,"Brown ally rejects Budget spree Chancellor Gordon Brown's closest ally has denied suggestions there will be a Budget giveaway on 16 March. Ed Balls, ex-chief economic adviser to the Treasury, said there would be no spending spree before pol"
politics,1,5,"'Errors' doomed first Dome sale The initial attempt to sell the Millennium Dome failed due to a catalogue of errors, a report by the government's finance watchdog says. The report said too many parties were involved in decision-making when "
politics,1,2,"Fox attacks Blair's Tory 'lies' Tony Blair lied when he took the UK to war so has no qualms about lying in the election campaign, say the Tories. Tory co-chairman Liam Fox was speaking after Mr Blair told Labour members the Tories offered a"
politics,1,2,"Women MPs reveal sexist taunts Women MPs endure ""shocking"" levels of sexist abuse at the hands of their male counterparts, a new study shows. Male MPs pretended to juggle imaginary breasts and jeered ""melons"" as women made Commons speeches,"
politics,1,2,Campbell: E-mail row 'silly fuss' Ex-No 10 media chief Alastair Campbell is at the centre of a new political row over an e-mail containing a four-letter outburst aimed at BBC journalists. Mr Campbell sent the missive by mistake to BBC2's Ne
politics,1,2,"Crucial decision on super-casinos A decision on whether to allow Westminster to legislate on super-casinos is set to be made by the Scottish Parliament. The government has plans for up to eight Las Vegas style resorts in the UK, one of whic"
politics,1,2,"Mrs Howard gets key election role Michael Howard's ex-model wife, Sandra, is to play a leading role in the Conservative election campaign. Mrs Howard will make solo visits to target seats as well as accompanying her husband on his helicopte"
politics,1,2,PM apology over jailings Tony Blair has apologised to two families who suffered one of the UK's biggest miscarriages of justice. The prime minister was commenting on the wrongful jailing of 11 people for IRA bomb attacks on pubs in Guildfor
politics,1,2,"Howard rebuts asylum criticisms Tory leader Michael Howard has gone on the offensive in response to people questioning how a son of immigrants can propose asylum quotas. Mr Howard, whose parents fled the Nazi threat to come to the UK, says "
politics,1,2,Blair rejects Tory terror offer Tony Blair has rejected a Conservative compromise offer that could have eased the passage of anti-terror legislation. The Tories wanted a sunset clause inserted in the Anti-Terrorism Bill that would have forc
politics,1,2,"Talks held on Gibraltar's future Two days of talks on the future of Gibraltar begin at Jack Straw's country residence later on Wednesday. Officials at the two-day summit at the foreign secretary's official Kent house, Chevening, will plan a"
politics,1,2,"Crisis 'ahead in social sciences' A national body designed to tackle skills shortages in key subjects should be set up, a committee of MPs has said. There was an ""absolute crisis"" in the recruitment of statisticians and other social science"
politics,3,2,Tsunami debt deal to be announced Chancellor Gordon Brown has said he hopes to announce a deal to suspend debt interest repayments by tsunami-hit nations later on Friday. The agreement by the G8 group of wealthy nations would save affected 
politics,1,2,"Straw to attend Auschwitz service Foreign Secretary Jack Straw will visit Auschwitz for the 60th anniversary of the former Nazi concentration camp's liberation, it has been announced. Prince Edward will also join the UK delegation in Poland"
politics,1,2,"Drink remark 'acts as diversion' The first minister's statement that it was okay to get drunk ""once in a while"" has diverted attention from the real issues, it has been claimed. Jack Law, chief executive of Alcohol Focus Scotland, said Jack"
politics,1,2,Concerns at school diploma plan Final appeals are being made for the government not to ditch the reform plan for England's secondary schools put forward by the Tomlinson report. The government's response to the plan for a four-tier diploma 
politics,1,2,"Blair backs 'pre-election budget' Tony Blair has backed Chancellor Gordon Brown's pre-Budget report amid opposition claims he was too bullish about the state of the UK economy. In a speech in Edinburgh, the prime minister said Thursday's re"
politics,1,2,"Nat Insurance to rise, say Tories National Insurance will be raised if Labour wins the next election, Tory leader Michael Howard has claimed. Tony Blair has said he does not want higher tax rates for top earners but on Wednesday said other "
politics,1,5,"E-University 'disgraceful waste' A failed government scheme to offer UK university courses online has been branded a ""disgraceful waste"" by MPs. The e-University was scrapped last year, having attracted only 900 students at a cost of Â£50m."
politics,1,2,Brown visits slum on Africa trip Chancellor Gordon Brown has visited Kenya's biggest shantytown as he opened a week-long visit to Africa. Mr Brown's trip is designed to highlight how the UK wants to make Africa's problems a priority of its 
politics,1,2,UK 'needs true immigration data' A former Home Office minister has called for an independent body to be set up to monitor UK immigration. Barbara Roche said an organisation should monitor and publish figures and be independent of government
politics,1,2,"Blair sets date for Africa report The Commission for Africa's report will be released on 11 March - Comic Relief day, Tony Blair has said. July's G8 summit in Gleneagles in Perthshire - chaired by the prime minister - will use the report as"
politics,1,2,"Butler launches attack on Blair Former civil service chief Lord Butler has criticised the way Tony Blair's government operates, accusing it of being obsessed with headlines. He also attacked the way the Iraq war was ""sold"" to the public, wi"
politics,1,2,"Lib Dems demand new inquiry A judge should look into the David Blunkett controversy as key questions remain unanswered, the Lib Dems say. Sir Alan Budd's inquiry linked the ex-home secretary to the speeding up of a visa claim by his ex-love"
politics,1,2,"UK set to cut back on embassies Nine overseas embassies and high commissions will close in an effort to save money, UK Foreign Secretary Jack Straw has announced. The Bahamas, East Timor, Madagascar and Swaziland are among the areas affecte"
politics,1,2,"Labour targets 'hardcore truants' A fresh crackdown on persistent truants in England has been launched by Education Secretary Ruth Kelly. Serial truants make up one in 13 pupils. Previous initiatives brought 40,000 pupils back to school sin"
politics,1,2,"Blunkett sorry over murder plan David Blunkett has apologised to MPs after the Home Office announced ""prematurely"" via press release a review of murder laws. The home secretary confirmed the review was to get under way in the wake of a Law "
politics,1,2,"Hunt demo at Labour meeting Pro-hunt supporters are set to protest at Labour's spring conference. The Countryside Alliance says it expects up to 4,000 supporters to demonstrate against the hunting ban. They have agreed to keep to a demonstr"
politics,1,2,Protesters plan airport challenge Campaigners against the expansion of Britain's airports have begun challenging the government's plans in the High Court. BAA's expansion of Stansted Airport in Essex by building an extra runway is one of th
politics,1,2,"Tories attack burglar 'U-turns' Tory leader Michael Howard has accused Tony Blair of performing U-turns over rules on using force against burglars. The government has ruled out amending the present law, which allows ""reasonable force"" in se"
politics,1,2,Leaders meet over Turkish EU bid Tony Blair has met Italian Prime Minister Silvio Berlusconi and German Chancellor Gerhard Schroeder to talk about Turkey entering the EU. The Downing Street talks covered a range of other topics ahead of an 
politics,1,2,"Choose hope over fear - Kennedy Voters will have a clear choice between the politics of fear and the politics of hope in the next general election, said Charles Kennedy. In his New Year message the Liberal Democrat leader said Labour and th"
politics,1,2,Profile: David Miliband David Miliband's rapid rise through the ranks of government continues with his promotion to Cabinet Office minister. Elected in a safe Labour seat in 2001 his previous job was school standards minister - a role he wo
politics,1,2,"Borders rail link campaign rally Campaigners are to stage a rally calling for a Borders rail link which was closed in 1969 to be reopened. They will mark the 36th anniversary of the line closure, which ran from Edinburgh through the Borders"
politics,1,2,'Hitler' row over Welsh arts cash An artist critical of Welsh arts funding being brought under assembly government control has denied comparing the idea with dictatorships in Russia and Germany. Shani Rhys James is worried that the Arts Cou
politics,1,2,"Lords wrong on detainees - Straw Jack Straw has attacked the decision by Britain's highest court that detaining foreign terrorist suspects without trial breaks human rights laws. The foreign secretary said the right to life was the ""most im"
politics,1,2,"Profile: David Blunkett Before he resigned the position of home secretary on Wednesday, David Blunkett had been in charge of a substantial body of government portfolios including race, policing and immigration. His responsibilities in runni"
politics,1,2,"Strike threat over pension plans Millions of public service workers could strike if ministers scrap their final salary pension scheme and make them work longer, warn union leaders. The Cabinet Office has confirmed it is reviewing the curren"
politics,1,2,"Parties warned over 'grey vote' Political parties cannot afford to take older UK voters for granted in the coming election, says Age Concern. A survey for the charity suggests 69% of over-55s say they always vote in a general election compa"
politics,1,2,MPs quiz aides over royal income Senior officials at the two bodies generating private income for the Queen and Prince of Wales are to be questioned by MPs. Aides from the Duchy of Lancaster and Duchy of Cornwall will appear before the Comm
politics,1,2,"Tory leader 'cleared' over work Scottish Conservative Party leader David McLetchie claims he has been cleared over a potential conflict of interest. The Edinburgh MSP earns up to Â£30,000 a year from the law firm Tods Murray, where he is a "
politics,1,2,Blair and Blunkett Sheffield trip Tony Blair is to join Home Secretary David Blunkett in a visit to Sheffield on Thursday. Mr Blunkett's conduct is being looked at to establish whether he abused his position in relation to his ex-lover. The
politics,1,1,"Student 'fee factor' played down A rise has been recorded in the number of students from south of the border applying to universities in Scotland. However, Lifelong Learning Minister Jim Wallace said that this would not result in Scottish s"
politics,1,2,"Anglers 'could face prosecution' Anglers and fishermen could find themselves prosecuted under plans to crack down on animal cruelty, a committee of MPs has warned. Sloppy wording of the draft animal welfare bill could leave anglers facing c"
politics,1,2,"Clarke to press on with ID cards New Home Secretary Charles Clarke has vowed to plough on with plans for ID cards despite a call for him to ""pause for thought"" from Charles Kennedy. The Lib Dem leader said David Blunkett's resignation was a"
politics,1,2,"Scots smoking ban details set out Smoke-free areas will save lives and improve Scotland's health, First Minister Jack McConnell has insisted. He told the Scottish Parliament on Wednesday that a ""comprehensive ban"" on smoking in public place"
politics,1,2,"MPs criticise child access system Divorced parents seeking access to their children are often disadvantaged by the legal system, MPs have said. The Constitutional Affairs Select Committee said parents with custody could exploit delays in th"
politics,1,2,"Nuclear strike 'key terror risk' The UK and US must realise they cannot prevent all terror attacks and should focus on making sure they are not nuclear strikes, says a top academic. Amitai Etzioni, a key influence on New Labour thinking, sa"
politics,1,2,"Russian ex-spy on hunger strike An ex-Russian intelligence officer who risked his life spying for MI6 is entering the seventh week of a hunger strike near 10 Downing Street. Viktor Makarov, 50, claims he has been betrayed by the British aut"
politics,1,2,"Lib Dems 'to target stamp duty' The Liberal Democrats are promising to raise the stamp duty threshold if they win the general election, in a bid to court first-time house buyers. Vince Cable, the party's Treasury spokesman, said raising the"
politics,1,2,"Kelly trails new discipline power Teachers could get more powers to remove unruly pupils from classes under a ""zero tolerance"" drive, Education Secretary Ruth Kelly has suggested. Ms Kelly told the BBC progress had been made against severel"
politics,1,2,"Citizenship event for 18s touted Citizenship ceremonies could be introduced for people celebrating their 18th birthday, Charles Clarke has said. The idea will be tried as part of an overhaul of the way government approaches ""inclusive citiz"
politics,1,2,"England children's tsar appointed The first children's commissioner for England has been appointed. Great Ormond Street Hospital professor of child health, Al Aynsley-Green, was chosen by the government and will start the Â£100,000-a-year j"
politics,3,5,"EU China arms ban 'to be lifted' The EU embargo on arms exports to China is likely to be lifted in the next six months despite US objections, UK Foreign Secretary Jack Straw has said. The 15-year-old ban was imposed in the aftermath of Chin"
politics,1,2,"'Debate needed' on donations cap A cap on donations to political parties should not be introduced yet, the elections watchdog has said. Fears that big donors can buy political favours have sparked calls for a limit. In a new report, the Ele"
politics,1,2,"Cardinal criticises Iraq war cost Billions of pounds spent on conflict in Iraq and in the Middle East should have been used to reduce poverty, Cardinal Cormac Murphy-O'Connor has said. The head of the Catholic Church in England and Wales ma"
politics,1,2,"Assembly ballot papers 'missing' Hundreds of ballot papers for the regional assembly referendum in the North East have ""disappeared"". Royal Mail says it is investigating the situation, which has meant about 300 homes in County Durham are no"
politics,1,2,"Muslims discuss election concerns Issues that Muslims should be considering before voting in the next general election are to be debated by UK community representatives. The event is being held by the Muslim Association of Britain (MAB), wh"
politics,1,5,Drive to 'save' festive holidays Efforts are being made to 'protect' workers' days off on Christmas Day and New Year's Day. Support is being sought for a bill which would ensure that large retailers in Scotland remain closed on Christmas Da
politics,1,2,"Blair hails Turkey-EU talks deal Tony Blair has hailed a deal bringing Turkey a step closer to EU membership as important for the world's future ""peace and prosperity"". Mr Blair has been a leading advocate of Turkish membership despite cont"
politics,1,2,Guantanamo pair's passport ban The government has written to two of the British men freed from Guantanamo Bay telling them they will not be allowed passports. A letter sent to Martin Mubanga said his British passport would not be issued in 
politics,1,2,Commons hunt protest charges Eight protesters who stormed the House of Commons chamber during a debate on the Hunting Bill have been charged with disorderly conduct. The men were arrested in September after bursting into the chamber causing
politics,1,2,Child access laws shake-up Parents who refuse to allow former partners contact with their children could be electronically tagged under plans being considered by ministers. Curfews and community service orders were other options which could
politics,1,2,"MPs to debate 'euthanasia laws' MPs are preparing to debate a bill which critics claim would legalise euthanasia ""by the back door"". The bill would give legal force to ""living wills"", where people say they want medical treatment withheld if"
politics,1,2,Talks aim to avert pension strike Talks aimed at averting a series of national strikes over pensions reforms will take place this weekend. Five public sector unions will hold private talks with Deputy Prime Minister John Prescott at Labour'
politics,1,2,"Opposition grows to house arrests The Conservatives have expressed ""serious misgivings"" about government plans for keeping UK and foreign terror suspects under house arrest. Michael Howard said he would not back the Home Secretary's plans f"
politics,1,2,"Visa decision 'every 11 minutes' Visa processing staff are sometimes expected to rule on an application every 11 minutes, MPs have said. Pressure was placed on staff to be efficient, rather than to do a thorough examination of an applicatio"
politics,1,2,"'No more concessions' on terror Charles Clarke says he has ""no desire"" to offer more concessions on his controversial anti-terror plans to get them on to the statute book. MPs voted in favour of the Prevention of Terrorism Bill after Mr Cla"
politics,1,2,No to Royal succession shake-up A Labour peer has withdrawn proposals to give female members of the Royal Family the same rights as males. The legislation would have ended the right of male heirs with older sisters to succeed to the Crown. 
politics,1,2,BNP leader Nick Griffin arrested The leader of the British National Party has been arrested as part of a police inquiry following the screening of a BBC documentary. A party spokesman said Nick Griffin was arrested on Tuesday morning on sus
politics,1,2,"Boris opposes mayor apology Ken Livingstone should ""stick to his guns"" and not apologise for his ""Nazi"" comment to a Jewish reporter, Tory MP Boris Johnson has insisted. Mr Johnson also claimed Tony Blair's intervention in the row was ""an a"
politics,3,5,Report attacks defence spending The Ministry of Defence has been criticised over the soaring spending costs and growing delays of its top equipment projects. A National Audit Office report on the 20 biggest projects says costs have risen by
politics,1,2,"Brown names 16 March for Budget Chancellor Gordon Brown will deliver his Budget to the House of Commons on 16 March, the Treasury has announced. The Budget, likely to be the last before the General Election, will be at 1230 GMT on that Wedn"
politics,1,2,"Asylum children to face returns The UK government is planning to return asylum seeker children without parents to Albania. The trial scheme, which could start in weeks, may be extended to apply to children from other countries. Children's c"
politics,1,2,"'Fido' to be taken off vote lists The risk of pets and children being given votes could be cut by changing how people register to vote, the UK elections watchdog has said. Those are some of the mistakes found under the current system, where"
politics,1,2,"'More to do' on adult literacy The government will only hit its target for improving adult maths and literacy skills if courses are made more attractive, a report says. The National Audit Office praised ministers for reaching the benchmark "
politics,1,2,"Tory backing for ID cards The Tories are to back controversial government plans to introduce ID cards. The shadow cabinet revealed its support ahead of next week's Commons vote on a bill to introduce compulsory ID. The decision follows a ""t"
politics,1,2,"Labour's 'EU propaganda' A ""taxpayer subsidised propaganda exercise"" on the EU is being used to lull the British public into a false sense of security, say the Tories. Shadow foreign secretary Michael Ancram told MPs a new White Paper was p"
politics,1,2,"Hague 'given up' his PM ambition Former Conservative leader William Hague says he will not stand for the leadership again, having given up his ambition to be prime minister. Mr Hague, 43, told the Daily Telegraph he would now find a life do"
politics,1,5,"Job cuts 'false economy' - TUC Plans to shed 71,000 civil service jobs will prove to be a ""false economy"" that could hamper public sector reforms, according to a TUC report. Public and Commercial Services union members have already voted to"
politics,1,2,"UK's 'useless' quangos under fire The UK has 529 quangos financed with billions of pounds of taxpayers' cash - many of which are useless or duplicate each other's efforts, a report claims. Essential Guide to British Quangos 2005 author Dan "
politics,1,2,"Howard backs stem cell research Michael Howard has backed stem cell research, saying it is important people are not frightened of the future. The controversial issue was a feature of the recent US presidential election, where George Bush op"
politics,1,2,"Howard unveils Tory asylum plans Tory plans to cut immigration to the UK are not racist and will make the asylum system fairer for genuine refugees, Michael Howard has said. As his party set out detailed asylum reform plans, Mr Howard said "
politics,1,2,"Campaign 'cold calls' questioned Labour and the Conservatives are still telephoning the millions of people who have signed up to make sure they do not get marketing ""cold calls"". The parties say they can stick to the rules by ensuring that "
politics,1,2,Tory leader quits legal position David McLetchie has resigned from his post as a partner in a legal firm following criticism over his dual role. The Scottish Conservative leader had insisted that his legal work with Tods Murray did not infl
politics,3,5,"MSPs hear renewed climate warning Climate change could be completely out of control within several decades, the Scottish Environment Protection Agency is warning a committee of MSPs. Experts are giving evidence on the subject to the Scottis"
politics,1,2,"Vouchers 'to cut winter deaths' Pensioners are being promised energy savings by the Liberal Democrats, as snow and cold temperatures continue. The party says the plans could save the average pensioner Â£100 every year and cut winter deaths."
politics,1,2,New 'yob' targets to be unveiled Fifty new areas getting special help to fight anti-social behaviour in England and Wales will be named on Thursday. Ten areas have already had access to special prosecutors and local experts and the governme
politics,1,2,"Kennedy calls for Iraq exit plans Tony Blair should set out a proper exit strategy from Iraq in the wake of next Sunday's elections in the country, Lib Dem leader Charles Kennedy has said. In a speech focusing on issues arising from the re-"
politics,1,2,"McConnell in 'drunk' remark row Scotland's first minister has told a group of high school pupils that it is okay to get drunk ""once in a while"". Jack McConnell was speaking to more than 100 secondary pupils from schools in the Highlands abo"
politics,1,2,"Brown hits back in Blair rift row Gordon Brown has criticised a union leader who said conflict between himself and Tony Blair was harming the workings of government. Jonathan Baume, of the top civil servants' union, spoke of ""competing agen"
politics,1,2,"Tories 'would cut number of MPs' The Conservative Party would cut the number of MPs by about one-fifth if they were elected, Tory leader Michael Howard has said. The plan forms part of the party's ""smaller government bill"", to be unveiled l"
politics,1,2,UK plan to deport terror suspects Deals are being sought to allow the UK to deport terror suspects to their home countries without risk of them being tortured or sentenced to death. Home Secretary Charles Clarke told the Times he hoped agre
politics,1,2,Ministers deny care sums 'wrong' Ministers have insisted they are committed to free personal care for the elderly despite research suggesting the cost of the policy was under-estimated. A report by the Fraser of Allander Institute says the 
politics,1,2,"Blair stresses prosperity goals Tony Blair says his party's next manifesto will be ""unremittingly New Labour"" and aimed at producing ""personal prosperity for all"". The prime minister is trying to draw a line under speculation over the state"
politics,1,2,"Guantanamo man 'suing government' A British terror suspect held in Guantanamo Bay for 33 months plans to sue the government, it is reported. Martin Mubanga claimed in the Observer that an MI6 officer played a key role in consigning him to t"
politics,1,2,"Council tax rise 'reasonable' Welsh councils should set their taxes at ""reasonable levels"" after being given an average funding increase of 6%, says the assembly government. Finance Minister Sue Essex said it was a ""good deal"" for local gov"
politics,1,2,Blunkett row should end - Blair Prime Minister Tony Blair said it was time to draw a line under the controversy surrounding David Blunkett. The Tories and the Lib Dems have called for a second inquiry into the fast-tracking of a visa applic
politics,1,2,"Minimum rate for foster parents Foster carers are to be guaranteed a minimum allowance to help cover their costs, the government has announced. Payment levels vary from area to area, with some carers getting just Â£50 a week for clothes, fo"
politics,4,2,Royal couple watch nation's mood Prince Charles and Camilla Parker Bowles are awaiting the nation's reaction after announcing they are to be married on 8 April. Mrs Parker Bowles will take the title HRH Duchess of Cornwall after a civil cer
politics,1,2,"Muslim police stops 'more likely' UK Muslims should accept that people of Islamic appearance are more likely to be stopped and searched by police, a Home Office minister has said. Hazel Blears said innocent Muslims would be targeted because"
politics,1,2,"Howard attacks cost of asylum Michael Howard has launched an attack on the cost of Britain's ""chaotic"" asylum system under Tony Blair. The Tory leader said English local authorities have spent more than Â£3bn - or Â£140 per household - on a"
politics,1,2,Brown outlines third term vision Gordon Brown has outlined what he thinks should be the key themes of New Labour's next general election bid. He said ensuring every child in Britain had the best start in life could be a legacy to match the 
politics,1,2,"'Super union' merger plan touted Two of Britain's big trade unions could merge to form a ""super union"" of two million members. The move by Amicus and the Transport and General Workers Union (TGWU) would be a seen as a bid to carry more weig"
politics,2,3,"UK firms 'embracing e-commerce' UK firms are embracing internet trading opportunities as never before, e-commerce minister Mike O'Brien says. A government-commissioned study ranked the UK third in its world index of use of information and c"
politics,1,2,"UK heading wrong way - Howard Tony Blair has had the chance to tackle the problems facing Britain and has failed, Michael Howard has said. ""Britain is heading in the wrong direction"", the Conservative leader said in his New Year message. Mr"
politics,1,2,"Kilroy launches 'Veritas' party Ex-BBC chat show host and East Midlands MEP Robert Kilroy-Silk has said he wants to ""change the face of British politics"" as he launched his new party. Mr Kilroy-Silk, who recently quit the UK Independence Pa"
politics,1,2,"Blair 'damaged' by Blunkett row A majority of voters (68%) believe the prime minister has been damaged by the row over David Blunkett's involvement in a visa application, a poll suggests. But nearly half those surveyed said Mr Blunkett shou"
politics,4,2,"MP's shock at long lost daughter Labour MP Stephen Pound has told of his shock and his joy on learning he fathered a daughter when he was ""out of control"" during the ""wild"" 1960s. Lucy, 36, tracked down Mr Pound after her birth mother told "
politics,1,2,Green fear for transport ballot The Green Party is concerned thousands of residents may not be able to vote in Edinburgh's transport referendum. Edinburgh City Council is to ballot constituents on proposals to introduce congestion charging 
politics,1,2,"New drink limit 'would cut toll' More lives than previously thought could be saved by cutting drink-drive limits by a third, a report says. University College London research claims cutting the limit from 80mg of alcohol per 100ml of blood "
politics,1,2,"CSA 'could close', says minister Ministers would not rule out scrapping the Child Support Agency if it failed to improve, Work and Pensions Secretary Alan Johnson has warned. But he said replacing the controversial CSA would be ""the nuclear"
politics,1,2,"Boothroyd calls for Lords speaker Betty Boothroyd has said the House of Lords needs its own Speaker and that peers should lead the way on reforming the upper chamber. Baroness Boothroyd, who was the first woman to be Commons Speaker, said s"
politics,1,2,Bid to cut court witness stress New targets to reduce the stress to victims and witnesses giving evidence in courts in England and Wales have been announced by the lord chancellor. Lord Falconer wants all crown courts and 90% of magistrates
politics,1,2,"Lord Scarman, 93, dies peacefully Distinguished lawyer Lord Scarman, who conducted the inquiry into the 1981 Brixton riots, has died aged 93. The peer enjoyed a celebrated judicial career, serving as Law Commission chairman in its first sev"
politics,1,2,"Tory leader urges Harry apology Prince Harry should personally make clear how sorry he is about wearing a Nazi uniform to a friend's fancy dress party, says Tory leader Michael Howard. Mr Howard, whose grandmother died in Auschwitz, said ma"
politics,1,5,"NHS waiting time target is cut Hospital waiting times for patients in Wales are to be cut, but not to the same extent as those in England. Welsh Health Minister Jane Hutt said no patient would wait more than 12 months for an outpatient appo"
politics,1,2,"Tories plan migrant health checks Non-European Union citizens wanting to work in the UK will have to undergo tests for Tuberculosis and HIV, under plans unveiled by the Conservatives. A positive test for TB would mean visa applications bein"
politics,1,3,"MPs issued with Blackberry threat MPs will be thrown out of the Commons if they use Blackberries in the chamber Speaker Michael Martin has ruled. The Â£200 handheld computers can be used as a phone, pager or to send e-mails. The devices gai"
politics,1,2,"Wales 'must learn health lessons' The new health minister for Wales says there are lessons to learn from England in tackling waiting lists. Dr Brian Gibbons, on his first full day in the job after Jane Hutt was sacked, admitted ""big challen"
politics,1,2,"UKIP candidate suspended Eurosceptic party UKIP have suspended a candidate for allegedly suggesting the criminally insane should be killed. John Houston, 54, was due to stand in the East Kilbride seat in Lanarkshire at the next election. Bu"
politics,1,2,"End Bush 'denial' Blair tells EU Tony Blair is urging European leaders to wake up from their ""state of denial"" over President Bush's re-election. ""America has spoken. The rest of the world should listen,"" the prime minister said in an inter"
politics,1,2,"Brown to outline presidency goals Next year will be ""make or break"" for development in poorer countries Gordon Brown will say as he sets out UK goals for its EU and G8 presidencies. The chancellor is due to outline a series of key targets t"
politics,1,2,"Brown shrugs off economy fears Gordon Brown is to freeze petrol duty increases, fund a Â£1bn package to avoid big council tax rises and boost childcare and maternity leave. In an upbeat pre-Budget report, he slightly increased borrowing but"
politics,1,2,UK troops on Ivory Coast standby Downing Street has confirmed British troops are on standby in case they need to help evacuate several hundred UK citizens from Ivory Coast. The news came as it emerged France had begun evacuating its hostage
politics,3,2,"Blair told to double overseas aid Tony Blair is being urged to use all his negotiating powers to end poor countries' debt and double aid. Some 45 million children will die needlessly before 2015 and aid budgets are half their 1960 levels, O"
politics,1,2,Peace demo appeal rejected Peace protestors have lost a landmark appeal over police actions in stopping an anti-war demonstration days after the start of the Iraq war. They had appealed against a High Court decision that it was not unlawful
politics,1,2,"Retirement age could be scrapped The ""myth that ageing is a barrier"" to contributing to society needs to be ""exploded"", the work and pensions minister has said. This was why the government was considering scrapping the retirement age entire"
politics,1,2,"Jowell rejects 'Las Vegas' jibe The Secretary of State for Culture, Media and Sport, Tessa Jowell, has hit out at critics of the Gambling Bill. She told the Guardian newspaper there would be no ""Las Vegas-style"" super-casinos, as rumoured i"
politics,1,2,"Ban on hunting comes into force Fox hunting with dogs is now illegal in England and Wales after a ban on the activity came into force overnight. The law faces a stiff test this weekend, with the Countryside Alliance saying many hunts will b"
politics,1,2,"Blair says UK tsunami aid to soar Tony Blair has predicted the British Government will eventually give ""hundreds of millions"" of pounds in aid to countries hit by the tsunami. The prime minister was speaking publicly for the first time sinc"
politics,1,5,Straw attacked on China arms Moves to lift the European Union's ban on arms exports to China have been condemned by human rights groups and the Conservatives. The 15 year embargo was imposed in the aftermath of China's crackdown on proteste
politics,1,2,Defiant hunts put ban to the test Thousands of hunt supporters have been out on the first day of hunting in England and Wales after the ban on hunting with dogs came into force. The Countryside Alliance called on hunt supporters to meet as 
politics,3,5,"EU fraud clampdown urged EU member states are failing to report fraud and irregularities in EU funds on a consistent basis, the UK's public spending watchdog has said. The National Audit Office said although the latest figures showed report"
politics,1,5,"Straw praises Kashmir moves The UK has welcomed the decision by India and Pakistan to open a bus link across the ceasefire line dividing the disputed region of Kashmir. Foreign Secretary Jack Straw, touring South East Asian countries, prais"
politics,1,2,"UK helps raped Rwandan women Britain is to give a Â£4m grant to help women survivors of the Rwandan genocide who were raped and often deliberately infected with HIV/Aids. An estimated 25,000 girls and women were raped during the 1994 genoci"
politics,1,2,"Howard denies split over ID cards Michael Howard has denied his shadow cabinet was split over its decision to back controversial Labour plans to introduce ID cards. The Tory leader said his front bench team had reached a ""collective view"" a"
politics,1,2,"EU referendum question unveiled The question to be asked in the referendum on the EU Constitution has been unveiled by the government. It will be: ""Should the United Kingdom approve the treaty establishing a constitution for the European Un"
politics,1,2,"Malik rejects all-black MP lists A call for ethnic minority shortlists to boost the number of black and Asian MPs has been rejected by one of Labour's most senior Asians. Shahid Malik, who is on Labour's ruling NEC, accepted people's frustr"
politics,1,2,"MP attacked by muggers in Kenya An MP has had more than Â£600 and his passport stolen after being mugged by six men in a park in Kenya. Quentin Davies, the MP for Grantham and Stamford, was attacked in a notoriously dangerous park in the ca"
politics,1,2,"Candidate resigns over BNP link A prospective candidate for the UK Independence Party (UKIP) has resigned after admitting a ""brief attachment"" to the British National Party(BNP). Nicholas Betts-Green, who had been selected to fight the Suff"
politics,1,2,"'Nuclear dumpsite' plan attacked Plans to allow foreign nuclear waste to be permanently stored in the UK have been branded ""deeply irresponsible"" by the Liberal Democrats. The government has confirmed intermediate level waste (ILW) that was"
politics,1,2,"Labour accused of broken pledge Labour has already broken its pre-election promise on immigration before the ink has dried on its new pledge card, the Tories have claimed. Home Secretary Charles Clarke has been quoted as telling Labour memb"
politics,1,2,"Labour trio 'had vote-rig factory' Three Labour councillors in Birmingham were caught operating a ""vote-rigging factory"", an Election Court has heard. Police found the trio handling unsealed postal ballots in a deserted warehouse in the cit"
politics,1,2,"Blair returns from peace mission Prime Minister Tony Blair has arrived back from his diplomatic mission to the Middle East to try to resurrect the peace process. Mr Blair held talks with his Israeli counterpart, Ariel Sharon, and the Palest"
politics,1,2,"Galloway plea for hostage release Ex-Labour MP George Galloway has appealed for the release of aid worker Margaret Hassan, kidnapped in Iraq. Mrs Hassan, 59, who led Care International operations in Iraq, was abducted in Baghdad on 19 Octob"
politics,1,2,"Guantanamo four questioned The four Britons freed from US custody in Guantanamo Bay are expected to be allowed a visit by one relative. Moazzam Begg, Martin Mubanga, Feroz Abbasi and Richard Belmar were held for three years, accused of al-Q"
politics,1,2,"Minister defends hunting ban law The law banning hunting with dogs in England and Wales is enforceable and ""very clear"", Alun Michael has said. The rural affairs minister said it would become obvious if people flouted the law, which came in"
politics,1,2,Clarke to unveil immigration plan New controls on economic migrants and tighter border patrols will be part of government plans unveiled on Monday. Home Secretary Charles Clarke wants to introduce a points system for economic migrants and i
politics,1,2,"Mayor will not retract Nazi jibe London mayor Ken Livingstone has again refused to retract a Nazi insult made to a Jewish reporter. Labour's Mr Livingstone, who says he is ""standing by"" his remarks, had accused an Evening Standard journalis"
politics,1,2,"Pakistani women 'must not hide' Hiding women away in the home hidden behind veils is a backward view of Islam, President Musharraf of Pakistan has said during a visit to Britain. He was speaking to the BBC's Newsnight programme a few hours "
politics,1,2,Visa row mandarin made Sir John The top civil servant at the centre of the David Blunkett visa affair has been knighted in the New Year Honours. Sir John Gieve was Home Office permanent secretary during the saga which ended with Mr Blunkett
politics,1,2,Kilroy-Silk attacked with slurry Euro MP Robert Kilroy-Silk has had a bucket of farm slurry thrown over him by a protester in Manchester. The UK Independence Party member was arriving for a BBC radio show when the attacker emerged from behi
politics,3,5,"Petrol duties frozen, Brown says Chancellor Gordon Brown has announced a freeze on fuel duty in his pre-budget speech to the Commons on Thursday. Mr Brown told the House that government policy is to raise fuel duty at least in line with inf"
politics,1,2,"Howard unveils election platform The Conservatives would stand up for the ""forgotten majority"", Michael Howard pledged as he unveiled the first part of the Tory election manifesto. The Tory leader argued there was a mass of people whom he s"
politics,1,2,Lawyer attacks anti-terror laws A senior barrister who has resigned in protest over the government's anti-terror laws says the current system is giving Britain a bad name. Ian MacDonald QC quit when the government failed to recognise a Hous
politics,1,2,"Turkey deal 'to help world peace' A deal bringing Turkey a step closer to EU membership is of ""fundamental importance"" to the peace and security of the world, Tony Blair has said. The deal, struck at the European Council last week, also pro"
politics,1,2,"Protect whistleblowers, TUC says The government should change the law to give more protection to employees who raise health and safety concerns about their workplaces, the TUC has said. It said data from employment tribunals suggested 1,500"
politics,1,2,"Kinnock to urge reform in Lords Neil Kinnock has said his acceptance of a seat in the House of Lords will allow him to help ""achieve further progress with substantial democratic reform."" On the BBC's Breakfast with Frost it was put to Mr Ki"
politics,1,2,"McConnell details Scots wave toll At least three people from Scotland died in the tsunami disaster and a further three are on the missing list, the first minister has told MSPs. The figures came out during a statement by Jack McConnell to t"
politics,1,2,"Police urge pub closure power New powers are needed to close disorderly pubs, bars and clubs for up to a week or even permanently, police chiefs have told MPs. Association of Chief Police Officers president Chris Fox said the current 24-hou"
politics,1,2,"Blunkett tells of love and pain David Blunkett has spoken of his love for married publisher Kimberly Quinn for the first time. The home secretary described how it affected his friends and personal life, but said he was a great believer in p"
politics,1,2,"Housing plans criticised by MPs ""Irreversible environmental damage"" will be caused by government plans to build more than one million homes in south-east England, MPs have warned. ""Sustainable communities"" were being promoted without a real"
politics,1,2,"MPs' murder sentence concern Murder sentences should not be reduced automatically simply because of a guilty plea, says a new MPs' report. The influential Commons home affairs committee was responding to sentencing guidelines issued this su"
politics,1,2,"'No-one can define new hunt ban' The new law banning hunting with dogs is ""so poorly drafted"" no-one can define the offence, pro-hunt MPs say. The accusation came after it emerged a Devon man had been told he could use his four dogs to ""cha"
politics,1,2,Hospital suspends 'no Welsh' plan An English hospital has suspended plans to stop treating Welsh patients who have waited more than three months. Hereford County Hospital had earlier said that from the new year patients waiting longer than 
politics,1,2,"Tories pledge free sports lessons Children would be offered two hours' free sports training a week by a future Tory government, the party has said. The Club2School policy would provide up to Â£250m yearly for local sports clubs in the UK to"
politics,1,2,"Faith schools citizenship warning Schools must improve the quality of citizenship lessons - or social cohesion and democracy will suffer, says the education watchdog. Independent faith schools were singled out by Ofsted chief, David Bell, f"
politics,1,2,"Ministers lose slopping out case The Scottish Executive has lost an appeal against an inmate's compensation for being forced to slop out in prison. Armed robber Robert Napier, 25, won Â£2,450 after he claimed he suffered an outbreak of the "
politics,1,2,"Escaped prisoner report ordered First Minister Jack McConnell has ordered a report on the decision to allow a paranoid schizophrenic knife attacker to go on a visit unguarded. Michael Ferguson, 36, escaped after being allowed out of the hig"
politics,1,2,"Chancellor rallies Labour voters Gordon Brown has issued a rallying cry, telling supporters the ""stakes are too high"" to stay at home or protest vote in the forthcoming general election. The chancellor said the vote - expected to fall on 5 "
politics,1,2,"Councils 'must find Gypsy sites' Ministers are telling councils to find more sites for travellers, amid continuing rows concerning a string of unauthorised encampments. Councils are also to be given stronger powers to move on illegal settle"
politics,1,2,"Plaid MP's cottage arson claim A Plaid Cymru MP believes UK security services were involved in some arson attacks blamed on Welsh extremists. It is 25 years since the start of 12 years of fire-bombings, attributed to a shadowy group known a"
politics,1,5,Hatfield executives go on trial Engineering firm Balfour Beatty and five railway managers are to go on trial for manslaughter over the Hatfield rail crash in 2000. Four people died when a section of rail broke and a high speed train deraile
politics,1,2,"Final hunts held as ban looms Hunts in England and Wales have begun on the last day that hunting with dogs is legal, with more due out later. Thousands of supporters are expected to turn out at more than 250 meets, many of which have altere"
politics,1,2,"Falconer rebuts 'charade' claims Concessions on a bill which critics claim would allow euthanasia ""through the back door"" were not a political ploy, the lord chancellor has said. Ministers have been accused of panic in offering last minute "
politics,1,2,"School sport 'is back', says PM Tony Blair has promised that ""sport is back"" as a priority for schools. The prime minister launched a Â£500m initiative to allow school sports clubs in England to provide up to three hours of extra activity a"
politics,1,2,"Anti-terror plan faces first test Plans to allow Home Secretary Charles Clarke to place terror suspects under house arrest without trial are set for their first real test in Parliament. Tories, Lib Dems and some Labour MPs are poised to vot"
politics,1,2,"Former NI minister Scott dies Former Northern Ireland minister Sir Nicholas Scott has died at a London hospice, his family has announced. The former Conservative MP for Kensington and Chelsea, died after a long illness diagnosed as Alzheime"
politics,1,2,Blair rejects Iraq advice calls Tony Blair has rejected calls for the publication of advice on the legality of the Iraq war amid growing calls for an investigation. The prime minister told his monthly press conference the matter had been de
politics,1,2,Police probe BNP mosque leaflet Police are investigating a British National Party leaflet posted to homes in south Wales opposing plans for a new mosque. Anti-racism campaigners in Swansea have handed copies to South Wales Police. Swansea's
politics,1,2,"Blair says mayor should apologise Tony Blair has urged London mayor Ken Livingstone to apologise for his ""Nazi"" comment to a Jewish reporter. Labour's Mr Livingstone, who says he is ""standing by"" his remarks, had accused an Evening Standard"
politics,1,2,"Jowell confirms casino climbdown Tessa Jowell has announced plans to limit the number of new casinos in the UK to 24, in a move branded a ""humiliating retreat"" by the Tories. It puts an end to plans for up to 40 super casinos, originally ou"
politics,1,2,Security papers 'found in street' An inquiry is under way after files containing security details about the Pakistani president's visit to London were found by a member of the public. The files are believed to contain detailed security arra
politics,1,2,Blair congratulates Bush on win Tony Blair has said he looks forward to continuing his strong relationship with George Bush and working with him during his second term as president. Mr Bush's re-election came at a crucial time for a world t
politics,5,2,Howard 'truanted to play snooker' Conservative leader Michael Howard has admitted he used to play truant to spend time with his school friends at a snooker hall. Mr Howard said his time at Jack's Snooker Hall in Llanelli in the 1950s had no
politics,1,2,"Short attacks US over tsunami aid Former Cabinet minister Clare Short has criticised the US-led tsunami aid coalition, saying the UN should be leading efforts. President Bush has announced that an alliance of the US, India, Australia and Ja"
politics,1,2,"Guantanamo four free in weeks All four Britons held by the US in Guantanamo Bay will be returned to the UK within weeks, Foreign Secretary Jack Straw told the Commons on Tuesday. Moazzam Begg, from Birmingham, and Martin Mubanga, Richard Be"
politics,1,2,"Tories attack EU asylum moves David Blunkett has been accused of using the ""politics of confusion"" to disguise new EU immigration measures. Tory spokesman David Davis told MPs the UK was losing its power of veto over who was allowed to come"
politics,1,2,Cherie accused of attacking Bush Cherie Blair has been accused of criticising George W Bush's policies in a private address she gave during a United States lecture tour. The prime minister's wife is said to have praised the Supreme Court fo
politics,1,2,"Tsunami 'won't divert Africa aid' UK aid to help the victims of the Asian tsunami disaster will not take much needed relief from Africa, Prime Minister Tony Blair has promised. Mr Blair told the BBC's Breakfast with Frost show the money spe"
politics,1,2,"Mandelson warning to BBC The BBC should steer away from ""demonising"" ex-Downing Street media chief Alastair Campbell, Peter Mandelson has said. The European commissioner and former Labour minister was speaking amid claims that Mr Campbell i"
politics,1,2,"Blair 'pressing US on climate' Tony Blair is pressing the US to cut greenhouse gases despite its unwillingness to sign the Kyoto Protocol, Downing Street has indicated. Officials have confirmed climate change was discussed when influential "
politics,1,2,"Police chief backs drinking move A chief constable has backed the introduction of 24-drinking, saying police had a responsibility to ensure people could benefit from a law change. However, Norfolk police chief Andy Hayman also warned that a"
politics,1,1,"Game warnings 'must be clearer' Violent video games should carry larger warnings so parents can understand what their children are playing, the trade and industry secretary has said. Patricia Hewitt is expected to call for the law banning t"
politics,1,2,"Mallon wades into NE vote battle Middlesbrough mayor Ray Mallon has been drafted in to boost the Yes campaign as the North East assembly referendum enters its final week. The former police chief, dubbed Robocop for his zero tolerance style,"
politics,1,2,"Howard rejects BNP's claim Tory leader Michael Howard has dismissed claims that his immigration policy was ""moving onto the turf"" of the British National Party (BNP). BNP leader Nick Griffin told the Independent he expected some BNP voters "
politics,1,2,"Tories opposing 24-hour drinking The Tories say plans to extend pub opening times should be put on hold until binge drinking is under control, despite backing a law change last year. Spokesman David Davis said ministers had failed to make h"
politics,1,5,"New foot and mouth action urged A senior Tory MP has criticised agriculture department Defra's ""lackadaisical"" approach to planning for a future foot and mouth outbreak. Public accounts committee chairman Edward Leigh was giving his reactio"
politics,1,2,Correction agency plans dropped Plans to create a single correctional agency for Scotland have been scrapped. The Scottish Executive will not now merge the Scottish Prison Service with local authority social work criminal justice department
politics,1,2,Tutu's Guantanamo release call Archbishop Desmond Tutu has called for the release of the remaining inmates at Guantanamo Bay and terror suspects detained without trial in the UK. His comments follow news that all four Britons held by the US
politics,1,2,"Blair's hope for Blunkett return The events leading to David Blunkett's resignation must not ""swept under the carpet"", the Tories have warned. On Wednesday Tony Blair said he hoped the former home secretary would serve again in government i"
politics,1,2,"February poll claim 'speculation' Reports that Tony Blair is planning a snap general election for February 2005 have been described as ""idle speculation"" by Downing Street. A spokesman said he had ""no idea"" where the reports in the Sunday T"
politics,3,5,"Gurkhas to help tsunami victims Britain has offered to send a company of 120 Gurkhas to assist with the tsunami relief effort in Indonesia, Downing Street said. The deployment would involve troops from the 2nd Battalion Royal Gurkha Rifles,"
politics,1,2,Abbas 'will not tolerate' attacks Palestinian leader Mahmoud Abbas has said he will not tolerate attacks such as last Friday's suicide bombing in the Israeli city of Tel Aviv. In an interview ahead of a meeting in London to discuss Palestin
politics,1,2,"Thousands join strike in Wales Thousands of civil servants were on strike across Wales on Friday in protest at planned job cuts. A range of services in Wales were affected as civil servants in Wales joined the UK-wide strike. The strike, ca"
politics,1,2,Top judge clashes with ministers The UK's top judge has revealed he has clashed with ministers about how the heads of public inquiries are chosen. Lord Woolf said he was determined his current veto on whether a judge should chair an inquiry
politics,1,2,Tory expert denies defeatism The Conservatives' campaign director has denied a report claiming he warned Michael Howard the party could not win the next general election. The Times on Monday said Australian Lynton Crosby told the party lead
politics,1,2,"Lib Dems target the student vote Students can decide the fate of MPs in some seats at the next election, Liberal Democrat leader Charles Kennedy has claimed. The party says the votes of students can win it 27 new seats at the poll. The figu"
politics,1,2,"Custody death rate 'shocks' MPs Deaths in custody have reached ""shocking"" levels, a committee of MPs and peers has warned. The joint committee on human rights found those committing suicide were mainly the most vulnerable, with mental healt"
politics,1,2,"New rules tackle 'sham weddings' New rules on marriage for foreign nationals living in the UK are coming into force. From Tuesday, most non-EU citizens will need Home Office approval to marry. The Home Office says the new rules are aimed at"
politics,1,2,"Ministers 'naive' over phone-taps The government is being naive by refusing to allow phone-tap evidence in court, a senior EU politician says. Javier Solana, EU foreign policy chief, says phone-tap evidence works in the courts of other Euro"
politics,1,2,Schools to take part in mock poll Record numbers of schools across the UK are to take part in a mock general election backed by the government. Some 600 schools have already signed up for the Y Vote Mock Elections 2005 run by the Hansard So
politics,1,2,"Blair dismisses quit claim report Tony Blair has dismissed reports he told Gordon Brown he would quit before the next general election. ""You don't do deals over jobs like this,"" the prime minister told BBC One's Breakfast with Frost program"
politics,1,1,"Jamieson issues warning to bigots Scotland's justice minister has warned bigoted soccer fans that she wants to hit them ""where it hurts most"" by banning them from matches. Cathy Jamieson said exclusion orders are one of a series of measures"
politics,1,2,"Clarke plans migrant point scheme Anyone planning to move to the UK will have to pass a test to prove they can contribute to the country, Home Secretary Charles Clarke has said. He is proposing a points system similar to Australia's but wou"
politics,1,2,Clarke defends terror detentions The home secretary has defended his decision not to release foreign terror suspects despite a legal ruling their detention breached human rights laws. House of Lords law lords ruled against the detention mea
politics,1,2,"Voters 'reject EU by two to one' British voters would reject the European constitution by two to one, according to a poll posing the question the government will put to the country. The Daily Telegraph poll suggests that 45% of people would"
politics,1,2,"Kennedy questions trust of Blair Lib Dem leader Charles Kennedy has said voters now have a ""fundamental lack of trust"" of Tony Blair as prime minister. He said backing his party was not a wasted vote, adding that with the Lib Dems ""what you"
politics,1,2,"Terror detainees win Lords appeal Detaining foreign terrorist suspects without trial breaks human rights laws, the UK's highest court has ruled. In a blow to the government's anti-terror measures, the House of Lords law lords ruled by an ei"
politics,1,2,"Blair to face MPs amid feud talk Tony Blair faces his first prime minister's questions of 2005 after a week of renewed speculation about his relationship with Gordon Brown. Meanwhile, the chancellor is leaving Britain on a high-profile tour"
politics,1,2,Tories unveil quango blitz plans Plans to abolish 162 quangos have been unveiled by the Conservatives as part of their effort to show how government red tape can be cut. Six government units would also be scrapped under proposals which the 
politics,1,2,Clarke faces ID cards rebellion Charles Clarke faces his first real test as home secretary on Monday with a possible backbench rebellion over the controversial ID cards bill. Up to 30 Labour MPs could oppose the scheme during a Commons deba
politics,1,2,"Labour pig poster 'anti-Semitic' The Labour Party has been accused of anti-Semitism over a poster depicting Michael Howard and Oliver Letwin - who are both Jewish - as flying pigs. Prospective Tory candidate Andrew Mennear, whose Finchley c"
politics,1,2,Iraqis win death test case probe The family of an Iraqi civilian allegedly killed by UK troops have won a challenge against the government's refusal to order a full inquiry. The High Court ruled on Tuesday that Baha Mousa's death in British
politics,1,2,"Burglar defence guidelines issued Householders who injure or even kill intruders are unlikely to be prosecuted - providing they were acting ""honestly and instinctively"", new guidelines say. The law also protects those who use ""something to "
politics,1,2,Woolf murder sentence rethink Plans to give murderers lighter sentences if they plead guilty have been watered down. There was an outcry three months ago when the Sentencing Guidelines Council - led by Lord Woolf - published its proposals f
politics,1,2,Probe launched on Ken Nazi jibe An investigation by the Standards Board is under way following allegations that Ken Livingstone has brought his office into disrepute. The probe follows the London mayor's comments to a Jewish journalist comp
politics,1,2,"'Few ready' for information act Thousands of public bodies are ill-prepared for the Freedom of Information Act, due to come into force next month, because of government failures, say MPs. From next month anyone will have the power to demand"
politics,1,2,Blunkett unveils policing plans People could be given the mobile phone number of their local bobby under an overhaul of policing in England and Wales unveiled by David Blunkett. The plans include a dedicated policing team for each neighbour
politics,1,2,Lib Dems' new election PR chief The Lib Dems have appointed a senior figure from BT to be the party's new communications chief for their next general election effort. Sandy Walkington will now work with senior figures such as Matthew Taylor
politics,1,2,"Jack Cunningham to stand down Veteran Labour MP and former Cabinet minister Jack Cunningham has said he will stand down at the next election. One of the few Blair-era ministers to serve under Jim Callaghan, he was given the agriculture port"
politics,1,2,"Kilroy unveils immigration policy Ex-chatshow host Robert Kilroy-Silk has attacked UK policy on immigration saying Britain's open door approach is hitting low wage ""indigenous"" workers. The Veritas leader said the only people to benefit fro"
politics,1,2,Regiments' group in poll move A regiments' campaign group is to target nine marginal Labour seats at the General Election. Save the Scottish Regiments will also field a candidate against Armed Forces Minister Adam Ingram in East Kilbride. T
politics,1,2,Row over 'police' power for CSOs The Police Federation has said it strongly opposes giving Community Support Officers (CSOs) the power to detain suspects for up to 30 minutes. The powers - piloted in six areas - were extended to all police 
politics,1,3,Sport betting rules in spotlight A group of MPs and peers has called for a tightening of regulations controlling betting on sport. The Parliamentary Group on Betting and Gaming held a substantial inquiry into betting last year. It followed 
politics,1,2,"Councils prepare to set tax rises Council tax in Scotland is set to rise by an average of about 4% in the coming year, BBC Scotland has learned. Authorities will decide final figures on Thursday when projected increases will be more than tw"
politics,1,2,"Whitehall shredding increasing - Tories Civil servants have drastically stepped up the shredding of official documents, figures compiled by the Tories suggest. Some government departments had doubled the number of documents being shredded a"
politics,1,2,"MPs assess Scots fishing industry A group of MPs are on a two-day fact-finding mission to Scotland to gather evidence for a report into the UK's fishing industry. Members of Westminster's environment, food and rural affairs committee will b"
politics,1,2,"Research fears over Kelly's views Scientists have expressed concerns that new education secretary Ruth Kelly's religious views could hamper vital scientific research. Ms Kelly, who is Catholic, is reported to be ""pro-life"" and has opposed e"
politics,1,2,"Army chiefs in regiments decision Military chiefs are expected to meet to make a final decision on the future of Scotland's Army regiments. A committee of the Army Board, which is made up of the most senior defence figures, will discuss pla"
politics,1,2,"Student 'inequality' exposed Teenagers from well-off backgrounds are six times more likely to go to university than those from the most deprived areas, a report says. The Higher Education Funding Council for England said more people went to"
politics,1,2,"Kennedy to make temple address Charles Kennedy is set to address 2,000 people at a Hindu temple as part of an appeal to ethnic minority voters. The Liberal Democrat leader will visit the Shri Swaminarayan Mandir Temple in Neasden, north wes"
politics,1,2,David Blunkett in quotes David Blunkett - who has resigned as home secretary - built his reputation as a plain-speaking Yorkshire man. I fell in love with someone and they wouldn't go public and things started to go very badly wrong in the 
politics,1,2,"No election TV debate, says Blair Tony Blair has said he will not take part in a TV debate with his political rivals ahead of the next election. ""We answer this every election campaign and, for the reasons I have given before, the answer is"
politics,1,2,What the election should really be about? A general election is the best chance most pressure groups get to make a real impact on government policy. Here is how six leading lobbies plan to make sure their cause is being debated ahead of an 
politics,1,2,"Brown and Blair face new rift claims For the umpteenth time, Tony Blair and Gordon Brown are said to have declared all out war on each other. This time the alleged rift is over who should take the credit for the government's global aid and "
politics,1,2,"Blair 'said he would stand down' Tony Blair promised Gordon Brown he would stand down before the next election, a new book about the chancellor claims. But the prime minister changed his mind following intervention from allies in the Cabine"
politics,1,2,"Blair dismisses quit claim report Tony Blair has dismissed reports he told Gordon Brown he would quit before the next general election. ""You don't do deals over jobs like this,"" the prime minister told BBC One's Breakfast with Frost program"
politics,1,2,"Could rivalry overshadow election? Tony Blair and Gordon Brown are desperately trying to stuff the genie of their rivalry back into the bottle. Along with any number of senior cabinet colleagues, they are insisting their only job is to win "
politics,1,2,"Brown in appeal for Labour unity Gordon Brown has made an appeal for unity after reports claimed Mr Blair went back on a pledge to stand down before the next general election. The chancellor would not comment on the reports, but insisted he"
politics,1,2,Blair pledges unity to Labour MPs Tony Blair has sought to reassure Labour backbenchers that nothing will stand in the way of the party's bid for a third term in power. Mr Blair was speaking to MPs amid fresh rumours of a rift with Gordon B
politics,1,2,Blair and Brown criticised by MPs Labour MPs have angrily criticised Tony Blair and Gordon Brown amid renewed reports of a rift between the two men. A meeting of the Parliamentary Labour Party saw a succession of normally loyal members warn
politics,1,2,Labour MPs' fears over squabbling If there is one thing certain to stiffen the spines of Labour MPs it is the prospect of losing their seats at a general election. And it was largely that fear that led to Tony Blair and Gordon Brown being r
politics,1,2,"'Poll Idols' face first hurdles Vote For Me - ITV1's Pop Idol style talent contest for would-be politicians - finally hits our screens this week. Over the next four days, hundreds of potential candidates will be whittled down by a panel of "
politics,1,2,Labour seeks to quell feud talk Labour's leadership put on a show of unity at a campaign poster launch after MPs criticised Tony Blair and Gordon Brown over reports of their rift. Mr Brown was joined at the launch by John Prescott and Alan 
politics,1,2,"Labour's election love-in Peace and love have been in short supply in the Labour party in recent days. If press reports are to be believed, Alan Milburn and Gordon Brown have been at each other's throats over the contents of Labour's next e"
politics,1,2,"Howard taunts Blair over splits Tony Blair's feud with Gordon Brown is damaging the way the UK is governed, Tory leader Michael Howard has claimed in a heated prime minister's questions. Mr Howard asked: ""How can they fight crime when they "
politics,1,2,How political squabbles snowball It's become commonplace to argue that Blair and Brown are like squabbling school kids and that they (and their supporters) need to grow up and stop bickering. But this analysis in fact gets it wrong. It's no
politics,1,2,"Blair looks to election campaign Tony Blair's big speech will be looked back on as the performance that kicked off the election campaign. That poll may still be about 16 weeks away, but there can be little doubt left that the campaign is no"
politics,1,2,Tories unveil quango blitz plans Plans to abolish 162 quangos have been unveiled by the Conservatives as part of their effort to show how government red tape can be cut. Six government units would also be scrapped under proposals which the 
politics,1,2,Peers debate Crown succession law Peers are debating proposals to change the rules governing the succession to the throne. Labour peer Lord Dubs' Succession to the Crown Bill aims to end the right of male heirs to succeed to the crown even 
politics,1,2,"UKIP's secret weapon? By any measure, New Yorker Dick Morris is that thing Americans love over everything else - a winner. This is the man who, some pundits believe, was almost single-handedly responsible for Bill Clinton's sensational 1992"
politics,1,2,"More reforms ahead says Milburn Labour will continue to pursue controversial reforms if it wins a third term in power, the party's election chief Alan Milburn has said. He pledged Labour would encourage more people to achieve their aspirati"
politics,1,2,"Teens 'know little' of politics Teenagers questioned for a survey have shown little interest in politics - and have little knowledge. Only a quarter of 14-16 year olds knew that Labour was the government, the Tories were the official Opposi"
politics,1,2,"Defection timed to hit tax pledge With impeccable and precisely-calculated timing, Tory defector Robert Jackson and his new Labour bosses have attempted to overshadow Michael Howard's latest announcement on taxation and spending. With just "
politics,1,2,Tory leader unveils spending plan Tory leader Michael Howard says his party can save Â£35bn in government spending by tackling waste. The money would be ploughed back into frontline services like the NHS and schools with the rest used to cu
politics,1,2,"Kennedy looks to election gains They may not know quite how to describe their position in British politics - the real opposition, the valid opposition, the effective opposition or the authentic opposition. But the Liberal Democrats are ente"
politics,1,2,"'Best person' for top legal job The ""best person for the job"" should be appointed lord chancellor, and not necessarily a lawyer or MP, the courts minister has told MPs. Under reforms, the post of lord chancellor is to be stripped of its jud"
politics,1,2,"The memory driving Brown's mission The memory Gordon Brown says keeps returning to him - the one that he says is burnt into him - is that of a 12 year-old girl, whose parents died of Aids, and who is HIV positive herself. Mr Brown seems hau"
politics,1,2,"Howard dismisses Tory tax fears Michael Howard has dismissed fears from some Conservatives that his plans for Â£4bn tax cuts are too modest. He defended the package, saying it was a plan for the Tories' first Budget and he hoped to be able "
politics,1,2,"Donor attacks Blair-Brown 'feud' The reported feud between Tony Blair and Gordon Brown has prompted a Labour donor to say he will almost certainly refuse to give more funds. Duncan Bannatyne also attacked the government over Iraq and its ""p"
politics,1,2,Howard and Blair tax pledge clash Tony Blair has said voters will have to wait for Labour's manifesto to see if the party has plans to increase tax. The premier was responding to a challenge from Tory leader Michael Howard who said Labour w
politics,1,2,"What really divides the parties So what is the gap between Labour and the Tories nowadays? One Starbucks, one Rymans and one small Greek cafe as it happens. Both parties have now completed their moves to new headquarters, with Labour creati"
politics,1,2,"Amnesty chief laments war failure The lack of public outrage about the war on terror is a powerful indictment of the failure of human rights groups, Amnesty International's chief has said. In a lecture at the London School of Economics, Ire"
politics,1,2,"Blair sees greater Bush consensus George W Bush will display a more consensual approach to world politics as he begins his second term as US President, Tony Blair has said. The prime minister said Mr Bush had learned military force was not "
politics,1,2,"Kilroy-Silk quits 'shameful' UKIP Ex-chat show host Robert Kilroy-Silk has quit the UK Independence Party and accused it of betraying its supporters. The MEP said he was ashamed to have joined the party, which he labelled as a ""joke"". He pl"
politics,1,2,"Blair blasts Tory spending plans Tony Blair has launched an attack on Conservative spending plans, saying they are a ""ludicrous improbability"". The prime minister has told a Labour Party gathering that the Tory policies would cause economic"
politics,1,2,"Lib Dems' 'bold' election policy Charles Kennedy has told voters his Liberal Democrats will offer them an ""honest choice"" at the next general election. With the other two big parties battling over which will impose the lowest taxes, Mr Kenn"
politics,1,2,"Kennedy's cautious optimism Charles Kennedy is far too canny to make any grand claims about how his party may fare at the general election. In his 22 years in the Commons, he has seen his fair share of such claims dashed on the rocks of bit"
politics,1,2,"Hague 'given up' his PM ambition Former Conservative leader William Hague says he will not stand for the leadership again, having given up his ambition to be prime minister. Mr Hague, 43, told the Daily Telegraph he would now find a life do"
politics,1,2,"UKIP candidate suspended in probe Eurosceptic party UKIP have suspended a candidate for allegedly suggesting the criminally insane should be killed. John Houston, 54, was due to stand in the East Kilbride seat in Lanarkshire at the next ele"
politics,1,2,"Boothroyd calls for Lords speaker Betty Boothroyd has said the House of Lords needs its own Speaker and that peers should lead the way on reforming the upper chamber. Baroness Boothroyd, who was the first woman to be Commons Speaker, said s"
politics,1,2,"New UKIP defection to 'Veritas' The UK Independence Party has lost one of its two London Assembly members to Robert Kilroy-Silk's new political party, expected to launch on Wednesday. Damian Hockney said ex-chatshow host Mr Kilroy-Silk woul"
politics,1,2,Baron Kinnock makes Lords debut Former Labour leader Neil Kinnock has officially been made a life peer during a ceremony in the House of Lords. He will be known Baron Kinnock of Bedwellty - after his former constituency. Lord Kinnock - who 
politics,1,2,"Terror powers expose 'tyranny' The Lord Chancellor has defended government plans to introduce control orders to keep foreign and British terrorist suspects under house arrest, where there isn't enough evidence to put them on trial. Lord Fal"
politics,1,2,"'Super union' merger plan touted Two of Britain's big trade unions could merge to form a ""super union"" of two million members. The move by Amicus and the Transport and General Workers Union (TGWU) would be a seen as a bid to carry more weig"
politics,1,2,"UKIP MEP attacked German 'empire' A UK Independence Party MEP suggested Germany saw the EU as an 'empire' and was cheaper than using tanks, a new documentary has revealed. Mike Nattrass, UKIP's deputy leader, made the comments to an audienc"
politics,1,2,"Kilroy launches 'Veritas' party Ex-BBC chat show host and East Midlands MEP Robert Kilroy-Silk said he wanted to ""change the face of British politics"" as he launched his new party. Mr Kilroy-Silk, who recently quit the UK Independence Party"
politics,1,2,"Civil servants in strike ballot The UK's biggest civil service union is to ballot its 290,000 members on strikes in protest at government plans to extend their pension age to 65. The Public and Commercial Services Union will co-ordinate any"
politics,1,2,"Blair Labour's longest-serving PM Tony Blair has become the Labour Party's longest-serving prime minister. The 51-year-old premier has marked his 2,838th day in the post, overtaking the combined length of Harold Wilson's two terms during th"
politics,1,2,"Tories leave door open for Archer The Conservative Party would deal ""sympathetically"" with any application by disgraced peer Lord Archer to rejoin its ranks, its co-chairman has said. Dr Liam Fox told BBC One's Breakfast with Frost programm"
politics,1,2,"Mandelson warns BBC on Campbell The BBC should steer away from ""demonising"" ex-Downing Street media chief Alastair Campbell, Peter Mandelson has said. The European commissioner and former Labour minister was speaking amid claims that Mr Cam"
politics,1,2,"'Debate needed' on donations cap A cap on donations to political parties should not be introduced yet, the elections watchdog has said. Fears that big donors can buy political favours have sparked calls for a limit. In a new report, the Ele"
politics,1,2,Conservative backing for ID cards The Tories are to back controversial government plans to introduce ID cards. The shadow cabinet revealed its support ahead of next week's Commons vote on a bill to introduce compulsory ID. The decision foll
politics,1,2,"Howard denies split over ID cards Michael Howard has denied his shadow cabinet was split over its decision to back controversial Labour plans to introduce ID cards. The Tory leader said his front bench team had reached a ""collective view"" a"
politics,1,2,"Taxes must be trusted - Kennedy Public trust in taxes is breaking down because Labour and Tories are not being straight with people on the issue, Lib Dem leader Charles Kennedy has said. A day ahead of the government's pre-Budget report, Mr"
politics,1,2,"Galloway targets 'New Labour' MP George Galloway is to stand against pro-Iraq war Labour MP Oona King at the next general election. Mr Galloway, who on Thursday won Â£150,000 in libel damages from the Daily Telegraph said he would contest B"
politics,1,2,Election deal faltered over Heath role The Tories failed to hold onto power in 1974 after Liberals demanded Sir Edward Heath quit in return for co-operation. Documents released after 30 years reveal the failed negotiations by the then prime
politics,1,2,"UKIP outspent Labour on EU poll The UK Independence Party outspent both Labour and the Liberal Democrats in the European elections, new figures show. UKIP, which campaigned on a slogan of ""Say no to Europe"", spent Â£2.36m on the campaign - "
politics,1,2,"Labour battle plan 'hides Blair' The Tories have accused Tony Blair of being ""terrified"" of scrutiny after Labour unveiled details of how it will fight the next general election. In a break with tradition, the party will ditch the leader's "
politics,1,2,"Campbell returns to election team Ex-Downing Street media chief Alastair Campbell will return to the fold to strengthen Labour's general election campaign, the party has confirmed. Mr Campbell has consistently made public his keenness to pl"
politics,1,2,"Conservative MP defects to Labour A Conservative MP and former minister has defected to Labour. Robert Jackson, 58, MP for Wantage in Oxfordshire, said he was disillusioned with the party's leadership and its ""dangerous"" views on Europe. Pr"
politics,1,2,"Tory 'stalking horse' Meyer dies Sir Anthony Meyer, the Tory backbencher who challenged Margaret Thatcher for the party leadership in 1989, has died. He was 84, had been suffering from cancer for many months, and died at his London home. Th"
politics,1,2,"UK youth 'interested' in politics The majority of young people are interested in politics, holding ""strong opinions"" on policies and have a ""keen appetite"" for direct action. Research undertaken for voting watchdog the Electoral Commission "
politics,1,3,"MPs issued with Blackberry threat MPs will be thrown out of the Commons if they use Blackberries in the chamber Speaker Michael Martin has ruled. The Â£200 handheld computers can be used as a phone, pager or to send e-mails. The devices gai"
politics,1,2,Talks aim to avert pension strike Talks aimed at averting a series of national strikes over pensions reforms will take place this weekend. Five public sector unions will hold private talks with Deputy Prime Minister John Prescott at Labour'
politics,1,2,Stalemate in pension strike talks Talks aimed at averting national strikes over pension reforms have ended without agreement after 90 minutes. Five public sector unions met Deputy Prime Minister John Prescott at the Labour spring conference
politics,1,2,"Parties warned over 'grey vote' Political parties cannot afford to take older UK voters for granted in the coming election, says Age Concern. A survey for the charity suggests 69% of over-55s say they always vote in a general election compa"
politics,1,2,"Blair to face trust issue head on Tony Blair says he will be facing the issue of trust and his own integrity head on during the election campaign. During a question and answer session with first-time voters on Five News, Mr Blair said he ha"
politics,1,2,"CSA chief who 'quit' still in job The head of the ""failing"" Child Support Agency widely reported to have resigned three months ago is still at the helm of the troubled organisation. Doug Smith's departure was announced by Work Secretary Ala"
politics,1,2,"Blair moves to woo Jewish voters Tony Blair has pledged to ""never, ever, ever"" attack Tory leader Michael Howard over his Jewish beliefs. The prime minister told the Jewish Chronicle: ""If you look at what I do, I attack Michael Howard polit"
politics,1,2,"Parties' plans for council tax Anger at council tax rises spilled over into mass protests in 2003, when the average English bill rose 12.9%. Pensioners' protests spread - some marched, others simply refused to pay the increase. Some, such a"
politics,1,2,"Labour in constituency race row Labour's choice of a white candidate for one of the UK's most multi-racial seats proves the need for all-black short lists, says a race group. Local councillor Lyn Brown was selected for West Ham, east London"
politics,1,2,MPs tout Lords replacement plan A group of MPs has tried to raise the pressure on Tony Blair over reform to the House of Lords by publishing a detailed blueprint for change. The cross-party group has unveiled a draft bill proposing a smalle
politics,1,2,"Hague's six-figure earnings shown The rewards of leaving front-bench politics are shown in the latest annual register of members' interests. The register shows former Tory leader William Hague earning up to Â£820,000 on top of his MPs' sala"
politics,1,2,Schools to take part in mock poll Record numbers of schools across the UK are to take part in a mock general election backed by the government. Some 600 schools have already signed up for the Y Vote Mock Elections 2005 run by the Hansard So
politics,1,2,"Parties build up poll war chests The Labour Party received more than Â£5m in donations in the final quarter of 2004, new figures show. This is nearly half of the Â£11,724,929 received by 16 political parties listed by the Electoral Commissi"
politics,1,2,"Kennedy predicts bigger turnout Voters' ""pent up passion"" could confound predictions of a low turnout in the coming general election, Charles Kennedy has said. The Liberal Democrat leader predicted concerns over Iraq and other international"
politics,1,2,"Iraq advice claim sparks new row The Tories say ministers must respond in Parliament to claims that the legal advice used to justify the Iraq war was drawn up at Number 10. Downing Street has denied the claims, made in a new book about the "
politics,1,2,"UKIP could sue Veritas defectors The UK Independence Party could take legal action to unseat two London Assembly members who defected to Robert Kilroy Silk's Veritas Party. Damian Hockney, now Veritas deputy leader, and Peter Hulme-Cross we"
politics,1,2,"Prime minister's questions So who, if anyone, is playing politics with the security of the nation? Michael Howard has no doubt it is the prime minister who, he claims, is ""ramming"" through Parliament the controversial new anti-terror measur"
politics,1,2,Goldsmith denies war advice claim The attorney general has denied his statement to Parliament about the legality of the Iraq war was drafted by Downing Street officials. Lord Goldsmith said Lord Falconer and Baroness Morgan played no part i
politics,1,2,"Goldsmith: 'I was not leant on' The attorney general has again denied being ""leant on"" by Downing Street to make the legal case for invading Iraq. Claims a written answer on the legality of the war was drafted by Downing Street were ""wholly"
politics,1,2,Tory expert denies defeat warning The Conservatives' campaign director has denied a report claiming he warned Michael Howard the party could not win the next general election. The Times on Monday said Australian Lynton Crosby told the party
politics,1,2,"Manchester wins Labour conference The Labour Party will hold its 2006 autumn conference in Manchester and not Blackpool, it has been confirmed. The much trailed decision was ratified by Labour's ruling National Executive Committee in a brea"
politics,1,2,"Labour attacked on Howard poster Labour has been accused of using anti-Semitic images in posters which critics claim depict Tory leader Michael Howard as Fagin. The poster shows Mr Howard hypnotising people with a pocket watch, saying: ""I c"
politics,1,2,"Milburn defends poster campaign Labour's election chief Alan Milburn has defended his party's campaign posters amid Tory claims the ads were nothing short of ""sly anti-Semitism"". Mr Milburn said he appreciated people's concerns, but insiste"
politics,1,2,"Kilroy names election seat target Ex-chat show host Robert Kilroy-Silk is to contest the Derbyshire seat of Erewash at the next general election. Labour's Elizabeth Blackman won the seat in 1997 and has a 6,932 majority. She says she will f"
politics,1,2,Immigration to be election issue Immigration and asylum have normally been issues politicians from the big parties have tiptoed around at election time. But no longer. Both Labour and the Tories have signalled their intention of making them
politics,1,2,"Kennedy begins pre-election tour Liberal Democrat leader Charles Kennedy has begun a week-long tour to persuade voters they are the ""real opposition"". Mr Kennedy is visiting constituencies in Somerset and Hampshire on Monday - rural seats w"
politics,1,2,"Labour's core support takes stock Tony Blair has told Labour supporters he's ""back"" and still hungry for the job of prime minister - but does that sum up the mood at the party's spring conference in Gateshead? ""The electorate are keener on "
politics,1,2,"Campaign 'cold calls' questioned Labour and the Conservatives are still telephoning the millions of people who have signed up to make sure they do not get marketing ""cold calls"". The parties say they can stick to the rules by ensuring that "
politics,1,2,"Lib Dems highlight problem debt People vulnerable to problem debts should be afforded greater protection from banks aggressively promoting financial products, the Lib Dems say. Vincent Cable says one in eight households already struggle wit"
politics,1,2,"Lib Dems target first-time buyers The Liberal Democrats have unveiled plans to build 100,000 new ""affordable"" homes on publicly owned land. The party's scheme would allow people to buy a share in a home through a mutual home ownership trust"
politics,1,2,Lib Dems unveil women's manifesto The Liberal Democrats are attempting to woo female voters with the launch of their manifesto for women. Charles Kennedy is pledging a maternity income guarantee and a pension system based on years of reside
politics,1,2,"Kennedy questions trust of Blair Lib Dem leader Charles Kennedy has said voters now have a ""fundamental lack of trust"" of Tony Blair as prime minister. He said backing his party was not a wasted vote, adding that with the Lib Dems ""what you"
politics,1,2,Brown outlines third term vision Gordon Brown has outlined what he thinks should be the key themes of New Labour's next general election bid. He said ensuring every child in Britain had the best start in life could be a legacy to match the 
politics,1,2,"Labour's Cunningham to stand down Veteran Labour MP and former Cabinet minister Jack Cunningham has said he will stand down at the next election. One of the few Blair-era ministers to serve under Jim Callaghan, he was given the agriculture "
politics,1,2,"Will Tory tax cuts lift spirits? Michael Howard has finally revealed the full scale of his planned Tory tax cuts. Should he win the next general election, he has earmarked Â£4 billion that will be used to reduce taxes - although he still wi"
politics,1,2,"Teenagers to be allowed to be MPs Teenagers will be able to become MPs under plans unveiled by ministers. In a written statement, Constitutional Affairs Minister Christopher Leslie said the current minimum age of 21 for an MP would be reduc"
politics,1,2,"Labour's four little words Labour has unveiled the four little words that will form the heart of its general election campaign which, for those just returned from the planet Galifray, is ""looming"". The slogan ""Britain forward not back"" (no,"
politics,1,2,"Tories outlining policing plans Local communities would be asked to go to the polls to elect their own area police commissioner, under plans unveiled by the Conservatives. Party leader Michael Howard said the new role would replace ""inconsp"
politics,1,2,"TV debate urged for party chiefs Broadcasters should fix a date for a pre-election televised debate between the three main political leaders, according to the Hansard Society. It would then be up to Tony Blair, Michael Howard and Charles Ke"
politics,1,2,"Chancellor rallies Labour voters Gordon Brown has issued a rallying cry to supporters, warning the ""stakes are too high"" to stay at home or protest vote in the next general election. The chancellor said the poll - expected to fall on 5 May "
politics,1,2,Brown 'proud of economy record' Gordon Brown has delivered a rousing speech to Labour's spring conference setting out the government's agenda for the next general election. The chancellor said he was proud of his party's record on the econo
politics,1,2,"Fox attacks Blair's Tory 'lies' Tony Blair lied when he took the UK to war so has no qualms about lying in the election campaign, say the Tories. Tory co-chairman Liam Fox was speaking after Mr Blair told Labour members the Tories offered a"
politics,1,2,"Blair joins school sailing trip The prime minister has donned a life jacket and joined school children in a sailing dinghy as he sought to sell his party's education policies. Tony Blair sailed across the lake in Bromsgrove, Worcestershire,"
politics,1,2,"Analysis: No pain, no gain? He called it his ""masochism strategy"" in the run-up to the Iraq war and now Tony Blair has signed up for another dose of pain. The idea is simple - the prime minister goes head to head with an often hostile group"
politics,1,2,"Brown names 16 March for Budget Chancellor Gordon Brown will deliver his Budget to the House of Commons on 16 March, the Treasury has announced. The Budget, likely to be the last before the General Election, will be at about 1230 GMT on tha"
politics,1,2,"Lib Dems stress Budget trust gap Public trust in the handling of the economy can only be restored if Gordon Brown opens up his books for unbiased inspection, say the Lib Dems. City experts say there is a Â£10bn ""black hole"" in the public fi"
politics,1,2,"Blair backs 'pre-election budget' Tony Blair has backed Chancellor Gordon Brown's pre-Budget report amid opposition claims he was too bullish about the state of the UK economy. In a speech in Edinburgh, the prime minister said Thursday's re"
politics,1,2,"Cabinet anger at Brown cash raid Ministers are unhappy about plans to use Whitehall cash to keep council tax bills down, local government minister Nick Raynsford has acknowledged. Gordon Brown reallocated Â£512m from central to local govern"
politics,1,2,"'UK will stand firm on EU rebate' Britain's Â£3bn EU rebate is not up for renegotiation at next week's European Council summit, Jack Straw said. The foreign secretary told MPs the rebate, secured by Margaret Thatcher in 1984, was ""entirely "
politics,1,2,"Brown ally rejects Budget spree Chancellor Gordon Brown's closest ally has denied suggestions there will be a Budget giveaway on 16 March. Ed Balls, ex-chief economic adviser to the Treasury, said there would be no spending spree before pol"
politics,1,2,"Will the Budget bring out smiling voters? As Tory spokesman Oliver Letwin said - any chancellor would use his pre-election budget to offer some vote winning sweeteners, wouldn't he. And everyone does, indeed, expect Gordon Brown to do just "
politics,1,2,Budget to set scene for election Gordon Brown will seek to put the economy at the centre of Labour's bid for a third term in power when he delivers his ninth Budget at 1230 GMT. He is expected to stress the importance of continued economic 
politics,1,2,"Brown comes out shooting Labour may have abolished hunting - but that didn't stop Chancellor Gordon Brown using his Budget to fire both barrels at some of the opposition parties' core election foxes. Specifically, it saw him attempting to s"
politics,1,2,"Kennedy criticises 'unfair' taxes Gordon Brown has failed to tackle the ""fundamental unfairness"" in the tax system in his ninth Budget, Charles Kennedy has said. How was it right that the poorest 20% of society were still paying more as a p"
politics,1,2,"Howard attacks 'pay later' Budget Tory leader Michael Howard has dismissed Gordon Brown's Budget as ""vote now, pay later"" spending plans. The simple fact was that under a new Labour government taxes would go up after the election to plug a "
politics,1,2,"Whitehall cuts 'ahead of target' Thousands of civil service jobs have already been cut or moved out of London as part of a major cost-cutting drive. Chancellor Gordon Brown said 12,500 jobs had gone while 7,800 were being moved out of the S"
politics,1,2,"Brown calls for Â£5.5bn Aids fund Gordon Brown has called on rich nations to fund a Â£5.5bn ($10bn) plan to fight the Aids epidemic and find a vaccine. On the fourth day of his six-day tour of Africa, the UK chancellor predicted a vaccine c"
politics,1,2,"UK heading wrong way, says Howard Tony Blair has had the chance to tackle the problems facing Britain and has failed, Michael Howard has said. ""Britain is heading in the wrong direction"", the Conservative leader said in his New Year message"
politics,1,2,"Act on detention ruling, UK urged The government must act quickly on the Law Lords' ruling that detention of foreign terror suspects without trial is unlawful, Mary Robinson has said. The former UN commissioner for human rights and Irish pr"
politics,1,2,BAA support ahead of court battle UK airport operator BAA has reiterated its support for the government's aviation expansion plans to airports throughout the country. The comments come a day ahead of a High Court challenge by residents' gro
politics,1,2,"UK 'discriminated against Roma' The government's immigration rules racially discriminated against Roma (Gypsies) seeking entry into the UK, the Law Lords have ruled. It follows a Home Office move to cut asylum claims by stopping people, mos"
politics,1,2,"Howard pitches for UK ethnic vote Michael Howard is to make a pitch for Britain's ethnic vote urging people who feel ""taken for granted"" by Tony Blair to vote Conservative. He will say Conservatives ""share the same values"" as the UK's minor"
politics,1,2,Observers to monitor UK election Ministers will invite international observers to check the forthcoming UK general election is fairly run. The move comes amid claims the poll could be marred by electoral fraud. A report by two MPs committee
politics,3,5,"UK rebate 'unjustified' - Chirac French president Jacques Chirac has called the UK's Â£3bn rebate from the European Union ""unjustified"". Speaking after a summit meeting he said unless it was put up for discussion the EU would never be able "
politics,1,2,"UK needs tax cuts, Tories insist A major change of direction is needed in Britain if it is to prosper, the shadow chancellor said as the Tory Party spring conference began. Oliver Letwin said the UK could not compete with other countries wi"
politics,1,2,"Brown targets OAPs and homebuyers Gordon Brown has doubled the level at which house buyers pay stamp duty to Â£120,000 as he put the economy at the heart of Labour's election campaign. The chancellor also unveiled a one-off Â£200 council ta"
politics,1,2,MPs demand 'Budget leak' answers Ministers have been asked to explain how Budget details were printed in a London newspaper half an hour before Gordon Brown made his speech. The Tories said a large chunk of the Budget appeared to have been 
politics,1,3,"US casino 'tricks' face ban in UK Controversial new UK casinos will be banned from using American tricks of the trade to ensure they are ""socially responsible"", it has been suggested. Culture Secretary Tessa Jowell said proposed super-casin"
politics,1,2,"Blair defends terror law changes The prime minister has defended measures to allow house arrest without trial, saying ""several hundred"" people in the UK are plotting terror attacks. The government is facing opposition from Tory and Lib Dem "
politics,1,2,"Election 'could be terror target' Terrorists might try to target the UK in the run-up to the election, London's most senior police officer has said. Sir Ian Blair said terror groups would remember the effect of the Madrid bomb on Spain's ge"
politics,1,5,"Minimum wage increased to Â£5.05 The minimum wage will rise in October, benefiting more than 1m people, the government has announced. Adults must be paid at least Â£5.05 an hour, up from Â£4.85, while 18 to 21 year olds will be paid Â£4.25."
politics,1,2,"Hunt ban support is 'in decline' Support for a ban on hunting has fallen in the past six years, a poll suggests. Less than half the UK wants a ban compared to almost two-thirds in 1999, the Mori survey of 2,000 adults for BBC One's Countryf"
politics,1,2,At a glance: Tory health checks The UK' opposition Conservatives have unveiled plans to introduce health checks for immigrants if they win the General Election. Here's a guide to the plan: People coming to live and work in Britain from outs
politics,1,2,"Labour accused of 'EU propaganda' A ""taxpayer subsidised propaganda exercise"" on the EU is being used to lull the British public into a false sense of security, say the Tories. Shadow foreign secretary Michael Ancram told MPs a new White Pa"
politics,1,2,Terror suspects face house arrest UK citizens suspected of involvement in terrorism could face house arrest as part of a series of new measures outlined by the home secretary. It comes after law lords ruled that the detention of 12 foreign 
politics,1,2,"UK pledges Â£1bn to vaccine effort UK Chancellor Gordon Brown has offered Â£960m ($1.8bn) over 15 years to an international scheme aiming to boost vaccination and immunisation schemes. In a speech, he called for action to reach the 2000 Mil"
politics,3,5,"Straw backs ending China embargo UK Foreign Secretary Jack Straw has defended plans to end the European Union's arms embargo on China, despite opposition from the US and Japan. Mr Straw, visiting Beijing, noted arms embargoes applied to Chi"
politics,1,2,"Pre-poll clash on tax and spend Labour and the Tories have clashed over tax and spending plans as the row over Gordon Brown's Budget turned into a full scale pre-election battle. Tony Blair claimed a Tory government would ""cut"" Â£35bn from "
politics,1,2,"Plan to give elderly care control Elderly and disabled people would choose how their own budget for personal care was spent and organised under government plans. Ministers say elderly and disabled people themselves, not social workers, shou"
politics,1,2,EU rules 'won't stop UK spending' The shape of the UK's economy In graphics But he denied that he was ruling out British membership of the euro despite saying there would be no assessment of the five economic tests this year. Mr Brown said 
politics,1,2,Child access law shake-up planned Parents who refuse to allow former partners contact with their children could be electronically tagged under plans being considered by ministers. Curfews and community service orders were other options whic
politics,1,2,"'EU referendum could cost Â£80m' It could cost Â£80m to run a UK referendum on the European constitution, ministers have revealed. In a written parliamentary answer, Constitutional Affairs Minister Chris Leslie said the poll was likely to c"
politics,1,2,"'No UK apology' for colonial past The days of Britain having to apologise for its colonial past are over, Gordon Brown has said. The chancellor, speaking during a week-long tour of Africa, said it was time to talk about enduring British val"
politics,1,2,"Parliament's record of scandal In a locked room at the heart of Parliament there is a hive of scandal. Sex, betrayal and custody of children are all there in this affair but this time it has nothing to do with the recent troubles of David B"
politics,1,2,"Economy focus for election battle Britain's economic future will be at the heart of Labour's poll campaign, Chancellor Gordon Brown has said. He was speaking after Cabinet members held their last meeting at No 10 before the expected electio"
politics,1,2,Blair ready to call election Tony Blair seems certain to end weeks of phoney war on Monday and announce there will be a general election on 5 May. The date has been pencilled into the diaries of politicians and political journalists for man
politics,1,2,"Labour faces 'cold calls' inquiry Labour is to be investigated by a watchdog over claims its election campaign has broken the rules on ""cold calling"" householders. The information commissioner is to look into a complaint from the Lib Dems a"
politics,1,2,"Blunkett hints at election call Ex-Home Secretary David Blunkett has given fresh clues that the general election will be announced on Monday. He told BBC Radio Five Live: ""I'm out in my constituency getting ready for what we presume will be"
politics,1,2,"Lib Dems predict 'best ever poll' The Lib Dems are set for their best results in both the general election and the local council polls, one of their frontbenchers has predicted. Local government spokesman Ed Davey was speaking as the party "
politics,1,2,"Tories reject rethink on axed MP Sacked MP Howard Flight's local Conservative association has insisted he will not be its candidate at the general election. Russell Tanguay, agent for Arundel and South Downs Tories, said Mr Flight was ineli"
politics,1,2,"Ex-PM Lord Callaghan dies aged 92 Former Labour prime minister Lord Callaghan has died on the eve of his 93rd birthday. He passed away at home in East Sussex, just 11 days after his wife Audrey died aged 91. Lord Callaghan, who leaves a son"
politics,1,2,"Blair prepares to name poll date Tony Blair is likely to name 5 May as election day when Parliament returns from its Easter break, the BBC's political editor has learned. Andrew Marr says Mr Blair will ask the Queen on 4 or 5 April to disso"
politics,1,2,Brown's poll campaign move denied The government has denied reports that Gordon Brown is preparing to oust Alan Milburn as Labour's election supremo. Work and pensions minister Alan Johnson said it was wrong to suggest the chancellor would 
politics,1,2,"Voters 'don't trust politicians' Eight out of 10 voters do not trust politicians to tell the truth, a new poll conducted for the BBC suggests. And 87% of the 1,000 adults quizzed by ICM for BBC News 24 said politicians did not deliver what "
politics,1,2,"Tory candidate quits over remark A Conservative election challenger is quitting after being quoted as wanting a ""period of creative destruction in the public services"". Danny Kruger, who also works in the Tory research unit, had been due to"
politics,1,2,"Abortion not a poll issue - Blair Tony Blair does not believe abortion should be an election issue, arguing it is a matter for individual conscience. The prime minister's spokesman set out Mr Blair's view after the top Catholic in England a"
politics,1,2,"Profile: Gordon Brown The ultimate prize of 10 Downing Street may continue to elude him but, as he prepares to deliver a record-breaking ninth budget, Gordon Brown can at least console himself with the thought that he is the longest serving"
politics,1,2,"Boateng to step down at election Paul Boateng, Chief Secretary to the Treasury, is to step down as a Labour MP at the forthcoming general election. Mr Boateng, 53, is to become the UK's high commissioner to South Africa. He was the UK's fir"
politics,1,2,"Howard hits back at mongrel jibe Michael Howard has said a claim by Peter Hain that the Tory leader is acting like an ""attack mongrel"" shows Labour is ""rattled"" by the opposition. In an upbeat speech to his party's spring conference in Brig"
politics,1,2,"Tories urge 'change at the top' Tory delegates are gathering for what is expected to be their last conference before the general election, declaring Britain needs ""a change at the top"". The party goes into its spring forum trying to highlig"
politics,1,2,Sayeed to stand down as Tory MP Tory MP Jonathan Sayeed is to stand down on the grounds of ill health. The decision comes after Mr Sayeed survived an attempt to de-select him in a row over allegations he had profited from private tours of P
politics,1,2,"Howard's unfinished business ""He's not finished yet,"" whispered the Conservative Party person as your reporter attempted to slip quietly from the hall. And indeed he wasn't. Michael Howard had already broken away from the printed text of hi"
politics,1,2,"'Last chance' warning for voters People in England, Scotland and Wales must have registered by 1700 GMT to be able to vote in the general election if it is held, as expected, on 5 May. Those who filled in forms last autumn should already be"
politics,1,2,Sainsbury's Labour election gift Science Minister Lord Sainsbury has made a Â£2m donation to the Labour Party for its General Election fund. It is the latest hefty donation to the party by the billionaire - he has contributed more than Â£10
politics,1,2,"Blair 'up for it' ahead of poll Tony Blair says his personal standing in the eyes of voters will be ""an issue"" in the general election. The prime minister said he was ""up for it"" as the country waits to go to the polls, possibly in a matter"
politics,1,2,"Labour MP praises Tory campaign The Conservatives have been ""a lot smarter"" in the way they have conducted the general election campaign, a Labour backbencher has said. Derek Wyatt said having a five month campaign ""turned off voters"" and s"
politics,1,2,Top Tories on Lib Dem 'hit list' The Liberal Democrats are aiming to unseat a string of top Tories - including leader Michael Howard - at the next general election. Mr Howard's seat is at the top of the Liberal Democrats' list. Others targe
politics,1,2,"Lib Dems unveil election slogan The Liberal Democrats will present themselves as ""the real alternative"" in the forthcoming general election campaign, Charles Kennedy has said. Unveiling the slogan at the party's spring conference, he said t"
sport,4,1,Claxton hunting first major medal British hurdler Sarah Claxton is confident she can win her first major medal at next month's European Indoor Championships in Madrid. The 25-year-old has already smashed the British record over 60m hurdles 
sport,5,1,O'Sullivan could run in Worlds Sonia O'Sullivan has indicated that she would like to participate in next month's World Cross Country Championships in St Etienne. Athletics Ireland have hinted that the 35-year-old Cobh runner may be included
sport,5,1,Greene sets sights on world title Maurice Greene aims to wipe out the pain of losing his Olympic 100m title in Athens by winning a fourth World Championship crown this summer. He had to settle for bronze in Greece behind fellow American Jus
sport,1,1,"IAAF launches fight against drugs The IAAF - athletics' world governing body - has met anti-doping officials, coaches and athletes to co-ordinate the fight against drugs in sport. Two task forces have been set up to examine doping and nutri"
sport,4,1,"Dibaba breaks 5,000m world record Ethiopia's Tirunesh Dibaba set a new world record in winning the women's 5,000m at the Boston Indoor Games. Dibaba won in 14 minutes 32.93 seconds to erase the previous world indoor mark of 14:39.29 set by "
sport,5,1,Isinbayeva claims new world best Pole vaulter Yelena Isinbayeva broke her own indoor world record by clearing 4.89 metres in Lievin on Saturday. It was the Russian's 12th world record of her career and came just a few days after she cleared
sport,5,1,"O'Sullivan commits to Dublin race Sonia O'Sullivan will seek to regain her title at the Bupa Great Ireland Run on 9 April in Dublin. The 35-year-old was beaten into fourth at last year's event, having won it a year earlier. ""I understand sh"
sport,5,1,"Hansen 'delays return until 2006' British triple jumper Ashia Hansen has ruled out a comeback this year after a setback in her recovery from a bad knee injury, according to reports. Hansen, the Commonwealth and European champion, has been s"
sport,4,1,Off-colour Gardener storms to win Britain's Jason Gardener shook off an upset stomach to win the 60m at Sunday's Leipzig International meeting. Gardener clocked 6.56 seconds to equal the meeting record and finished well ahead of Germany's M
sport,4,1,Collins to compete in Birmingham World and Commonwealth 100m champion Kim Collins will compete in the 60m at the Norwich Union Grand Prix in Birmingham on 18 February. The St Kitts and Nevis star joins British Olympic relay gold medallists 
sport,5,1,"Radcliffe yet to answer GB call Paula Radcliffe has been granted extra time to decide whether to compete in the World Cross-Country Championships. The 31-year-old is concerned the event, which starts on 19 March in France, could upset her p"
sport,4,1,Edwards tips Idowu for Euro gold World outdoor triple jump record holder and BBC pundit Jonathan Edwards believes Phillips Idowu can take gold at the European Indoor Championships. Idowu landed 17.30m at the British trials in Sheffield last
sport,5,1,Kenya lift Chepkemei's suspension Kenya's athletics body has reversed a ban on marathon runner Susan Chepkemei after she made an official apology. Athletics Kenya (AK) had suspended the two-time London Marathon runner-up for failing to turn
sport,5,1,McIlroy aiming for Madrid title Northern Ireland man James McIlroy is confident he can win his first major title at this weekend's Spar European Indoor Championships in Madrid. The 28-year-old has been in great form in recent weeks and will
sport,3,1,UK Athletics agrees new kit deal UK Athletics has agreed a new deal with adidas to supply Great Britain squads of all ages with their kit for the next four years. The German-based firm kitted out Team GB at the 2004 Olympics and has deals w
sport,3,1,"Verdict delay for Greek sprinters Greek athletics' governing body has postponed by two weeks the judgement on sprinters Costas Kenteris and Katerina Thanou for missing doping tests. The pair are facing lengthy bans for the missed tests, inc"
sport,3,1,Call for Kenteris to be cleared Kostas Kenteris' lawyer has called for the doping charges against the Greek sprinter to be dropped. Gregory Ioannidis has submitted new evidence to a Greek athletics tribunal which he claims proves the former
sport,4,1,Merritt close to indoor 400m mark Teenager LaShawn Merritt ran the third fastest indoor 400m of all time at the Fayetteville Invitational meeting. The world junior champion clocked 44.93 seconds to finish well clear of fellow American Bersh
sport,4,1,London hope over Chepkemei London Marathon organisers are hoping that banned athlete Susan Chepkemei will still take part in this year's race on 17 April. Chepkemei was suspended from all competition until the end of the year by Athletics K
sport,4,1,Edwards tips Idowu for Euro gold World outdoor triple jump record holder and BBC pundit Jonathan Edwards believes Phillips Idowu can take gold at the European Indoor Championships. Idowu landed 17.30m at the British trials in Sheffield last
sport,4,1,Chepkemei hit by big ban Kenya's athletics body has suspended two-time London Marathon runner-up Susan Chepkemei from all competition until the end of the year. Athletics Kenya (AK) issued the ban after Chepkemei failed to turn up for a cro
sport,5,1,Holmes secures comeback victory Britain's Kelly Holmes marked her first appearance on home soil since winning double Olympic gold with 1500m victory at the Norwich Union International. Holmes hit the front just before the bell in front of a
sport,3,1,Greek pair attend drugs hearing Greek sprinters Kostas Kenteris and Katerina Thanou have appeared before an independent tribunal which will decide if their bans should stand. They were given provisional suspensions by athletics' ruling body
sport,4,1,Chepkemei joins Edinburgh line-up Susan Chepkemei has decided she is fit enough to run in next month's Great Edinburgh International Cross Country. The Kenyan was initially unsure if she would have recovered from her gruelling tussle with P
sport,5,1,"El Guerrouj targets cross country Double Olympic champion Hicham El Guerrouj is set to make a rare appearance at the World Cross Country Championships in France. But the Moroccan, who has not raced over cross country for 15 years, will not "
sport,3,1,Collins appeals against drugs ban Sprinter Michelle Collins has lodged an appeal against her eight-year doping ban with the North American Court of Arbitration for Sport (CAS). The 33-year-old received the ban last month as a result of her 
sport,4,4,"Holmes feted with further honour Double Olympic champion Kelly Holmes has been voted European Athletics (EAA) woman athlete of 2004 in the governing body's annual poll. The Briton, made a dame in the New Year Honours List for taking 800m an"
sport,5,1,"Campbell to extend sprint career Darren Campbell has set his sights on running quicker than ever after deciding not to retire from sprinting. Campbell, who won Olympic 4x100m relay gold, had been unsure about his future. But he told Five Li"
sport,4,1,"Isinbayeva heads for Birmingham Olympic pole vault champion Yelena Isinbayeva has confirmed she will take part in the 2005 Norwich Union Grand Prix in Birmingham on 18 February. ""Everybody knows how much I enjoy competing in Britain. I alwa"
sport,5,1,"2004: An Irish Athletics Year 2004 won't be remembered as one of Irish athletics' great years. The year began with that optimism which invariably and unaccountably, seems to herald an upcoming Olympiad. But come late August, a few hot days "
sport,5,1,Sprinter Walker quits athletics Former European 200m champion Dougie Walker is to retire from athletics after a series of six operations left him struggling for fitness. Walker had hoped to compete in the New Year Sprint which is staged at 
sport,4,1,"Bekele sets sights on world mark Olympic 10,000m champion Kenenisa Bekele is determined to add the world indoor two mile record at February's Norwich Union Grand Prix in Birmingham. The 22-year-old will again be chasing a record held by his"
sport,3,1,Greek sprinters suspended by IAAF Greek sprinters Kostas Kenteris and Katerina Thanou have been suspended after failing to take drugs tests before the Athens Olympics. Athletics' ruling body the IAAF said explanations from the pair and thei
sport,5,1,"Athens memories soar above lows Well, it's goodbye to another Olympic year and as usual there were plenty of highs and lows in Athens. Obviously, there's no getting away from the differing fortunes of Kelly Holmes and Paula Radcliffe. But I"
sport,3,1,Collins banned in landmark case Sprinter Michelle Collins has received an eight-year ban for doping offences after a hearing at the North American Court of Arbitration for Sport (CAS). America's former world indoor 200m champion is the firs
sport,3,1,"Jones doping probe begins An investigation into doping claims against Marion Jones has been opened by the International Olympic Committee. IOC president Jacques Rogge has set up a disciplinary body to look into claims by Victor Conte, of Ba"
sport,5,1,"Johnson accuses British sprinters Former Olympic champion Michael Johnson has accused Britain's top sprinters of lacking pride and ambition. ""At the moment, the biggest factor on the mind of British sprinters is to be number one in Britain,"
sport,5,1,"Radcliffe proves doubters wrong This won't go down as one of the greatest marathons of Paula's career. But as a test of character, it was the toughest race she's ever taken part in. A win in the New York marathon doesn't make up for the dis"
sport,3,1,"Jones medals 'must go if guilty' World Anti-Doping Agency (WADA) chief Dick Pound says Marion Jones should be stripped of all her medals if found guilty of taking banned substances. Victor Conte, of Balco Laboratories, claims the American s"
sport,5,1,Radcliffe tackles marathon tasks Paula Radcliffe faces arguably the biggest test of her career in the New York City Marathon on Sunday. Back under the spotlight of public scrutiny she will attempt to erase the double disappointment of the A
sport,4,4,"Gatlin and Hayes win Owen awards American Olympic stars Justin Gatlin and Joanna Hayes have been named the winners of the 2004 Jesse Owens Awards, USA Track & Field's (USATF) top honour. Gatlin, 22, won the closest 100m final in Games histo"
sport,5,1,"Radcliffe enjoys winning comeback Paula Radcliffe made a triumphant return to competitive running with victory in the New York Marathon. The Briton, running for the first time since dropping out of the Olympic marathon and 10,000m, held off"
sport,4,1,"Collins named UK Athletics chief UK Athletics has ended its search for a new performance director by appointing psychologist Dave Collins. Collins, who worked with the British teams at the 2000 and 2004 Olympics, takes over from Max Jones. "
sport,5,1,White admits to Balco drugs link Banned American sprinter Kelli White says she knowingly took steroids given to her by Bay Area Lab Co-Operative (Balco) president Victor Conte. Conte faces a federal trial next year on charges of distributin
sport,3,1,Trial date is set for Balco case A US judge has set a preliminary trial date for the Balco steroid distribution case which has rocked athletics. US district court judge Susan Ilston rejected an attempt by the defence team to have the case d
sport,4,1,"Radcliffe eyes hard line on drugs Paula Radcliffe has called for all athletes found guilty on drugs charges to be treated as criminals. The marathon world record holder believes more needs to be done to rid athletics of the ""suspicions and "
sport,3,1,Kenteris denies faking road crash Greek sprinter Kostas Kenteris has denied claims that he faked a motorbike crash to avoid a doping test days before the start of the Olympics. Kenteris and fellow sprinter Katerina Thanou are set to learn i
sport,3,1,Greek pair set for hearing Kostas Kenteris and Katerina Thanou will fight the provisional two-year bans imposed on them by the IAAF at an independent tribunal this weekend. Athletics' ruling body took action against the pair for failing to 
sport,1,1,Jones files Conte lawsuit Marion Jones has filed a lawsuit for defamation against Balco boss Victor Conte following his allegations that he gave her performance-enhancing drugs. The Sydney Olympic gold medallist says Conte damaged her reput
sport,3,1,IAAF awaits Greek pair's response Kostas Kenteris and Katerina Thanou are yet to respond to doping charges from the International Association of Athletics Federations (IAAF). The Greek pair were charged after missing a series of routine dru
sport,3,1,IAAF to rule on Greek sprint pair Greek sprinters Kostas Kenteris and Katerina Thanou are expected to find out on Wednesday if they will be banned for missing drugs tests this summer. The International Association of Athletics Federations (
sport,4,1,Holmes starts 2005 with GB events Kelly Holmes will start 2005 with a series of races in Britain. Holmes will make her first track appearance on home soil since winning double Olympic gold in January's Norwich Union International in Glasgow
sport,5,1,"Gebrselassie in London triple bid Double Olympic 10,000m champion Haile Gebrselassie will race in the London Marathon for the next three years. The Ethiopian legend won Sunday's Almeria half-marathon in Spain on his return from an operation"
sport,3,1,Thanou bullish over drugs hearing Katerina Thanou is confident she and fellow sprinter Kostas Kenteris will not be punished for missing drugs tests before the Athens Olympics. The Greek pair appeared at a hearing on Saturday which will dete
sport,5,1,"Holmes is hit by hamstring injury Kelly Holmes has been forced out of this weekend's European Indoor Athletics Championships after picking up a hamstring injury during training. The double Olympic champion said: ""I am very disappointed that"
sport,4,1,Kluft impressed by Sotherton form Olympic heptathlon champion Carolina Kluft was full of admiration for Britain's Kelly Sotherton as the pair prepared to clash in Birmingham. Both will be in action on Friday in the 60m hurdles and long jump
sport,5,1,"What now for Kelly Holmes? Last April, Kelly Holmes spoke to the BBC Sport website about her loneliness, her fight to stay fit and her decision not to contest both the 800m and 1500m at the Olympics. It just goes to show even the most metic"
sport,5,1,Gardener battles to narrow win Jason Gardener fought all the way to the line to narrowly claim the men's 60m title at the Norwich Union Indoor trials and AAAs Championships. The world 60m champion got off to a rolling start and had to dig d
sport,5,1,"European medal chances improve What have the European Indoor trials told us? Well, I think we could be heading to the European Championships with half a dozen medal prospects. It was good to see athletes beginning to make steps forward, to "
sport,5,1,"McIlroy wins 800m indoor title James McIlroy motored to the AAA's Indoor 800m title in Sheffied on Sunday in a time of one minute, 47.97 seconds. The Larne athlete dominated the race from start to finish although he had to hold off a late c"
sport,5,1,"Johnson edges out rival Sotherton Jade Johnson edged out rival Kelly Sotherton with her last effort to claim the AAAs long jump title at the Norwich Union European Indoor trials. Olympic heptathlon bronze medallist, Sotherton, led the event"
sport,5,1,Brizzel to run AAA's in Sheffield Ballymena sprinter Paul Brizzel will be among eight of Ireland's European Indoor hopefuls competing in this weekend's AAA's Championships. US-based Alistair Cragg and Mark Carroll are the only Irish athlete
sport,5,1,Holmes urged to compete at Worlds Jolanda Ceplak has urged Britain's Kelly Holmes to continue competing at the major championships. Double Olympic gold medallist Holmes has strongly hinted she will not run in this year's Worlds and is undec
sport,5,1,"McIlroy continues winning streak James McIlroy stormed to his second international victory in less than a week, claiming the men's 800m at the TEAG indoor meeting in Erfurt. The Northern Ireland runner set a new personal best of one minute,"
sport,4,1,"Radcliffe will compete in London Paula Radcliffe will compete in the Flora London Marathon this year after deciding her schedule for 2005. The 31-year-old won the race in 2002 on her marathon debut, defended her title 12 months later and wi"
sport,4,1,Britain boosted by Holmes double Athletics fans endured a year of mixed emotions in 2004 as stunning victories went hand-in-hand with disappointing defeats and more drugs scandals. Kelly Holmes finally fulfilled her potential by storming to
sport,4,1,Lewis-Francis eyeing world gold Mark Lewis-Francis says his Olympic success has made him determined to bag World Championship 100m gold in 2005. The 22-year-old pipped Maurice Greene on the last leg of the 4x100m relay in Athens to take top
sport,4,1,GB select Holmes for double bid Kelly Holmes has been chosen for both the 800m and 1500m at next month's European Indoor Championships - despite not yet confirming her availability. The double-Olympic champion is still undecided about wheth
sport,5,1,"Holmes back on form in Birmingham Double Olympic champion Kelly Holmes was back to her best as she comfortably won the 1,000m at the Norwich Union Birmingham Indoor Grand Prix. The 34-year-old, running only her second competitive race of th"
sport,5,1,"Record fails to lift lacklustre meet Yelena Isinbayeva may have produced another world pole vault record, but her achievement could not hide the fact it was not the best meet we have ever seen in Birmingham. And hey, there are not many meet"
sport,5,1,Tomlinson stays focused on Europe Long jumper Chris Tomlinson has cut his schedule to ensure he is fully fit for the European Indoor Championships. The 23-year-old has a minor injury and has pulled out of international meets in Madrid and L
sport,4,1,Running around the Olympics It was back to official duties last week in my role as an ambassador to London's 2012 Olympic bid. But I still managed to do all my marathon training. All the sporting people on the capital's bid team think I'm m
sport,5,1,Johnson uncertain about Euro bid Jade Johnson is undecided about whether to contest next month's European Indoor Championships in Madrid despite winning the AAAs long jump title on Saturday. The 24-year-old delivered a personal best of 6.50
sport,5,1,Pavey focuses on indoor success Jo Pavey will miss January's View From Great Edinburgh International Cross Country to focus on preparing for the European Indoor Championships in March. The 31-year-old was third behind Hayley Yelling and Jus
sport,5,1,Gardener wins double in Glasgow Britain's Jason Gardener enjoyed a double 60m success in Glasgow in his first competitive outing since he won 100m relay gold at the Athens Olympics. Gardener cruised home ahead of Scot Nick Smith to win the 
sport,5,1,"African double in Edinburgh World 5000m champion Eliud Kipchoge won the 9.2km race at the View From Great Edinburgh Cross Country. The Kenyan, who was second when Newcastle hosted the race last year, was in front from the outset. Ethiopian "
sport,5,1,Yelling takes Cardiff hat-trick European cross-country champion Hayley Yelling completed a hat-trick of wins in the Reebok Cardiff Cross Challenge in Bute Park on Sunday afternoon. The part-time maths teacher beat Irish international Jolene
sport,5,1,"Butler strikes gold in Spain Britain's Kathy Butler continued her impressive year with victory in Sunday's 25th Cross Internacional de Venta de Banos in Spain. The Scot, who led GB to World Cross Country bronze earlier this year, moved away"
sport,3,1,"Wada will appeal against ruling The World Anti-Doping Agency (Wada) will appeal against the acquittal of Kostas Kenteris and Katerina Thanou on doping charges, if the IAAF does not. The pair were cleared of charges relating to missing dope "
sport,3,1,"Greek sprinters 'won't run again' The careers of sprinters Kostas Kenteris and Katerina Thanou are over, says the boss of the organisation that cleared them of missing a drugs test. Greek Athletics Federation boss Vassilli Sevastis told the"
sport,3,1,IAAF will contest Greek decision The International Association of Athletics Federations will appeal against the acquittal of Greek athletes Kostas Kenteris and Katerina Thanou. The high-profile duo were cleared of doping offences by the Gre
sport,3,1,"Greek duo cleared in doping case Sprinters Kostas Kenteris and Katerina Thanou have been cleared of doping offences by an independent tribunal. The duo had been provisionally suspended by the IAAF for allegedly missing three drugs tests, in"
sport,5,1,"Johnson too strong for GB runners Britain's Kathy Butler and Hayley Yelling were no match for Benita Johnson in the 51st Cross International Zornotza in Amorebieta, Spain. Butler and Yelling finished fourth and fifth as Australian world cha"
sport,4,1,Holmes starts 2005 with GB events Kelly Holmes will start 2005 with a series of races in Britain. Holmes will make her first track appearance on home soil since winning double Olympic gold in January's Norwich Union International in Glasgow
sport,4,1,"Tulu to appear at Caledonian run Two-time Olympic 10,000 metres champion Derartu Tulu has confirmed she will take part in the BUPA Great Caledonian Run in Edinburgh on 8 May. The 32-year-old Ethiopian is the first star name to enter the eve"
sport,5,1,Disappointed Scott in solid start Allan Scott is confident of winning a medal at next week's European Indoor Championships after a solid debut on the international circuit. The 22-year-old Scot finished fourth in the 60m hurdles at the Jose
sport,4,1,"GB quartet get cross country call Four British athletes have been pre-selected to compete at the World Cross Country Championships in March after impressive starts to the season. Hayley Yelling, Jo Pavey, Karl Keska and Adam Hickey will rep"
sport,1,1,Jones files lawsuit against Conte Marion Jones has filed a lawsuit for defamation against Balco boss Victor Conte following his allegations that he gave her performance-enhancing drugs. The Sydney Olympic gold medallist says Conte damaged h
sport,3,1,"Thanou desperate to make return Greek sprinter Katerina Thanou says she is eager to compete again after being cleared of missing a drugs test by an independent Greek tribunal. Thanou, 30, was provisionally suspended for missing a test befor"
sport,4,1,"Relay squad thrilled with honours Jason Gardener says being made an MBE in the New Year Honours List underlines the achievement of Great Britain's 4x100m relay squad at the Olympics. Gardener, Darren Campbell, Marlon Devonish and Mark Lewis"
sport,3,1,Balco case trial date pushed back The trial date for the Bay Area Laboratory Cooperative (Balco) steroid distribution case has been postponed. US judge Susan Illston pushed back a preliminary evidentiary hearing - which was due to take plac
sport,4,1,Collins calls for Chambers return World 100m champion Kim Collins says suspended sprinter Dwain Chambers should be allowed to compete in the Olympics again. Chambers was banned for two years after testing positive for the anabolic steroid T
sport,5,1,Costin aims for comeback in 2006 Jamie Costin should be paralysed. He says so himself in a matter-of-fact way as he recalls the car accident which occurred nine days before he was scheduled to step out into the Olympic Stadium in Athens for
sport,5,1,Lewis-Francis turns to Christie Mark Lewis-Francis has stepped up his preparations for the new season by taking advice from British sprint icon Linford Christie. The 22-year-old is set to compete at Sheffield this weekend and will then take
sport,5,1,"Man Utd stroll to Cup win Wayne Rooney made a winning return to Everton as Manchester United cruised into the FA Cup quarter-finals. Rooney received a hostile reception, but goals in each half from Quinton Fortune and Cristiano Ronaldo sile"
sport,5,1,Van Nistelrooy set to return Manchester United striker Ruud van Nistelrooy may make his comeback after an Achilles tendon injury in the FA Cup fifth round tie at Everton on Saturday. He has been out of action for nearly three months and had
sport,5,1,"Moyes U-turn on Beattie dismissal Everton manager David Moyes will discipline striker James Beattie after all for his headbutt on Chelsea defender William Gallas. The Scot initially defended Beattie, whose dismissal put Everton on the back "
sport,5,1,"Ronaldo considering new contract Manchester United winger Cristiano Ronaldo said he is close to agreeing to a new contract at Old Trafford. The Portugal star, who joined in August 2003 on a five-year-deal, is a regular in the United first-t"
sport,5,1,"Smith keen on Home series return Scotland manager Walter Smith has given his backing to the reinstatement of the Home International series. Such a plan is to be proposed by the new chief executive of the Northern Irish FA, Howard Wells, at "
sport,5,1,Mido makes third apology Ahmed 'Mido' Hossam has made another apology to the Egyptian people in an attempt to rejoin the national team. The 21-year-old told a news conference in Cairo on Sunday that he is sorry for the problems that have le
sport,5,1,"Man City 0-2 Man Utd Manchester United reduced Chelsea's Premiership lead to nine points after a scrappy victory over Manchester City. Wayne Rooney met Gary Neville's cross to the near post with a low shot, which went in via a deflection of"
sport,5,1,Gerrard plays down European hopes Steven Gerrard has admitted that Liverpool have little chance of winning the Champions League this season. The 24-year-old Reds skipper spoke out ahead of Tuesday's first leg at home to Bayer Leverkusen in 
sport,5,1,Duff ruled out of Barcelona clash Chelsea's Damien Duff has been ruled out of Wednesday's Champions League clash with Barcelona at the Nou Camp. Duff sustained a knee injury in the FA Cup defeat at Newcastle and manager Jose Mourinho said: 
sport,5,1,Chelsea clinch cup in extra-time (after extra-time - score at 90 mins 1-1) John Arne Riise volleyed Liverpool ahead after 45 seconds but Steven Gerrard scored a 79th-minute own goal. Blues boss Jose Mourinho was sent off for taunting Liverp
sport,5,1,"Newcastle 2-1 Bolton Kieron Dyer smashed home the winner to end Bolton's 10-game unbeaten run. Lee Bowyer put Newcastle ahead when he fed Stephen Carr on the right flank, then sprinted into the area to power home a header from the resultant"
sport,5,1,Middlesbrough 2-2 Charlton A late header by teenager Danny Graham earned Middlesbrough a battling draw with Charlton at the Riverside. Matt Holland had put the visitors ahead in the 14th minute after his shot took a deflection off Franck Qu
sport,5,1,Dundee Utd 4-1 Aberdeen Dundee United eased into the semi-final of the Scottish Cup with an emphatic win over Aberdeen. Alan Archibald prodded United ahead in 19 minutes and James Grady made it two from close range 10 minutes later. Richie 
sport,5,1,"Clyde 0-5 Celtic Celtic brushed aside Clyde to secure their place in the Scottish Cup semi-final, but only after a nervy and testing first half. The home side's Craig Bryson had a goal chopped off before Stan Varga headed Celtic into the le"
sport,5,1,"Hearts 2-1 Livingston Hearts wrapped up their Scottish Cup quarter-final tie against Livingston with two goals in the first 10 minutes. Lee Miller scored inside the opening 60 seconds, heading over Colin Meldrum and into the net from a Jami"
sport,5,1,"Kenyon denies Robben Barca return Chelsea chief executive Peter Kenyon has played down reports that Arjen Robben will return for the Champions League match against Barcelona. ""He's been responding well to treatment and started running on Fr"
sport,5,1,"Bridge could miss rest of season Chelsea left-back Wayne Bridge could miss the rest of the season with a suspected broken ankle. The England international, 24, was hurt in an innocuous challenge with Alan Shearer during the Londoners' FA Cu"
sport,5,1,"Parry firm over Gerrard Listen to the full interview on Sport on Five and the BBC Sport website from 1900 GMT. But Parry, speaking exclusively to BBC Sport, also admits Gerrard, who has been constantly linked with Chelsea, will have the fin"
sport,5,1,"Wright-Phillips to start on right England coach Sven-Goran Eriksson has revealed Shaun Wright-Phillips will start against the Netherlands. But Wright-Phillips will not make his first start for England playing on the left, as had been widely"
sport,5,1,"Robben sidelined with broken foot Chelsea winger Arjen Robben has broken two metatarsal bones in his foot and will be out for at least six weeks. Robben had an MRI scan on the injury, sustained during the Premiership win at Blackburn, on Mo"
sport,5,1,"Giggs handed Wales leading role Ryan Giggs will captain Wales as he wins his 50th cap in Wednesday's friendly against Hungary in Cardiff. John Toshack, in his first game as coach after succeeding Mark Hughes, admits he is surprised that Gig"
sport,5,1,"Bosvelt optimistic over new deal Manchester City's Paul Bosvelt will find out ""within a month"" whether he is to be offered a new one-year deal. The 34-year-old Dutch midfielder is out of contract in the summer and, although his age may coun"
sport,5,1,"Sociedad set to rescue Mladenovic Rangers are set to loan out-of-favour midfielder Dragan Mladenovic to Real Sociedad, despite the closure of the January transfer window. Sociedad have been given special permission by the Spanish FA to sign"
sport,5,1,Parry relishes Anfield challenge BBC Sport reflects on the future for Liverpool after our exclusive interview with chief executive Rick Parry. Chief executive Parry is the man at the helm as Liverpool reach the most crucial point in their r
sport,5,1,"Time to get tough on friendlies? For an international manager, a friendly provides an important opportunity to work with your players. The only problem is that the game itself can often be a farce. Some people have been saying it would be b"
sport,5,1,Barcelona title hopes hit by loss Barcelona's pursuit of the Spanish title took a blow on Sunday as they fell to a 2-0 defeat at home to Atletico Madrid. Fernando Torres gave Athletico an ideal start with a goal in the first minute. Ronaldi
sport,5,1,"Parry puts Gerrard 'above money' Listen to the full interview on Sport on Five and the BBC Sport website from 1900 GMT. But Parry, speaking exclusively to BBC Sport, also admits Gerrard, who has been constantly linked with Chelsea, will hav"
sport,5,1,Bees handed potential Man Utd tie Brentford face a home tie against holders Manchester United in the FA Cup sixth round if they can come through their replay against Southampton. The League One side held the Saints at St Mary's in their fif
sport,5,1,"England's defensive crisis grows England's defensive worries have deepened following the withdrawal of Tottenham's Ledley King from the squad to face Holland. Chelsea's John Terry and Wayne Bridge are also out, leaving coach Sven-Goran Erik"
sport,5,5,Ferdinand casts doubt over Glazer Rio Ferdinand has said he is unsure of Malcolm Glazer's motives after the American billionaire launched a new offer to buy Manchester United. The club have confirmed that the Glazer Family Partnership have 
sport,5,1,Premier League planning Cole date The Premier League is attempting to find a mutually convenient date to investigate allegations Chelsea made an illegal approach for Ashley Cole. Both Chelsea and Arsenal will be asked to give evidence to a 
sport,5,1,"McCall earns Tannadice reprieve Dundee United manager Ian McCall has won a reprieve from the sack, with chairman Eddie Thompson calling for an end to speculation over his future. It is understood that McCall would have been sacked if Sheffi"
sport,5,1,"Kewell waits as injury drags on Liverpool winger Harry Kewell is struggling to recover from his Achilles tendinitis problem and may not recover until March, claims his agent. Kewell, 26, had hoped to play against Fulham last weekend and to "
sport,5,1,Smith aims to bring back respect Scotland manager Walter Smith says he wants to restore the national team's respectability in world football. Smith has joined his first squad for a three-day get-together near Manchester in preference to pla
sport,5,1,"Injury doubts beset Wales squad Wales have a clutch of injury worries before Wednesday's international friendly against Hungary in Cardiff. West Ham's Gavin Williams (ankle) looks certain to be out, so uncapped Wrexham defender Stephen Robe"
sport,5,1,"Weir poised for Sunderland move Larne's teenage star Robbie Weir is poised to join Sunderland after turning down a move to Stoke City. The 17-year-old Irish League midfielder was also being chased by Rangers and Fulham, but Mick McCarthy's "
sport,1,1,Newry to fight cup exit in courts Newry City are expected to discuss legal avenues on Friday regarding overturning their ejection from the Nationwide Irish Cup. The IFA upheld its original decision to throw Newry out of the cup following th
sport,5,1,Republic to face China and Italy The Republic of Ireland have arranged friendlies against China and Italy which will take place at Lansdowne Road in March and August. Brian Kerr's side will face the 54th ranked Chinese on 29 March - just th
sport,5,1,"Finnan says Irish can win group Steve Finnan believes the Republic of Ireland can qualify directly for the World Cup finals. After Saturday's superb display in the draw in Paris, Ireland face minnows the Faroe Islands in Dublin on Wednesday"
sport,5,1,Irish finish with home game Republic of Ireland manager Brian Kerr has been granted his wish for a home game as the final World Cup qualifier. Ireland will close their bid to reach the 2006 finals by playing Switzerland in Dublin on 12 Octo
sport,5,1,"Israeli club look to Africa Four African players, including Zimbabwe goalkeeper Energy Murambadoro, are all ready to play for Israeli club Hapoel Bnei Sakhnin in the Uefa Cup. Bnei Sakhnin are the first Arab side ever to play in European co"
sport,5,1,Iranian misses Israel match Iranian striker Vahid Hashemian will not travel to Israel for Bayern Munich's Champions League match against Maccabi Tel Aviv on Wednesday. The German club said the player had pulled out because of a back injury.
sport,5,1,Highbury tunnel players in clear The Football Association has said it will not be bringing charges over the tunnel incident prior to the Arsenal and Manchester United game. Arsenal's Patrick Vieira had earlier denied accusations that he thr
sport,5,1,"Bellamy under new fire Newcastle boss Graeme Souness has reopened his dispute with Craig Bellamy after claiming the Welshman was ""not good enough"" for the Magpies. Bellamy left Newcastle to join Celtic on loan after a major row with Souness"
sport,5,1,"Chelsea denied by James heroics A brave defensive display, led by keeper David James, helped Manchester City hold the leaders Chelsea. After a quiet opening, James denied Damien Duff, Jiri Jarosik and Mateja Kezman, while Paul Bosvelt clear"
sport,5,1,"Chelsea ridiculed over complaint Barcelona assistant coach Henk Ten Cate has branded Chelsea's expected complaint to Uefa as ""pathetic"". The Blues are poised to complain about an alleged half-time incident during Wednesday's 2-1 loss at the"
sport,5,1,Benitez issues warning to Gerrard Liverpool manager Rafael Benitez has ordered captain Steven Gerrard not to play down their Champions League ambitions and be more positive. Gerrard told the BBC Liverpool were unlikely to win the trophy thi
sport,5,1,"Owen determined to stay in Madrid England forward Michael Owen has told the BBC he is happy in Spain and has no plans to quit Real Madrid to return to the Premiership in the near future. But the 25-year-old, who has spent much of his time c"
sport,5,1,"Wenger handed summer war chest Arsenal boss Arsene Wenger has been guaranteed transfer funds to boost his squad the summer. The club's managing director, Keith Edelman, stressed that the development of their new Â£350m stadium had no affect"
sport,5,1,Souness delight at Euro progress Boss Graeme Souness felt Newcastle were never really in danger of going out of the Uefa Cup against Heerenveen. An early own goal followed by an Alan Shearer strike earned them a 2-1 win and a place in the U
sport,5,1,Downing injury mars Uefa victory Middlesbrough boss Steve McClaren hopes that Stewart Downing did not seriously damage his hamstring during the 2-1 Uefa Cup win over Graz AK. The winger was carried off on a stretcher in the closing stages a
sport,5,1,Rangers seal Old Firm win Goals from Gregory Vignal and Nacho Novo gave Rangers a scrappy victory at Celtic Park that moves them three points clear of the champions. Rangers had rarely threatened until Celtic goalkeeper Rab Douglas let defe
sport,5,1,"SFA awaits report over Mikoliunas The Scottish Football Association is awaiting referee Hugh Dallas's report before acting against Hearts winger Saulius Mikoliunas. Mikoliunas, 20, barged linesman Andy Davis, who had advised Dallas to award"
sport,5,1,Palace threat over Cantona masks Manchester United fans wearing Eric Cantona masks will not be allowed in Selhurst Park on Saturday. United fans are planning to mark the 10th anniversary of Cantona's infamous kung-fu kick on Crystal Palace 
sport,5,1,"Legendary Dutch boss Michels dies Legendary Dutch coach Rinus Michels, the man credited with developing ""total football"", has died aged 77. Referred to in the Netherlands as ""the General"", Michels led the Dutch at the 1974 World Cup - when "
sport,5,1,"Jol joy at 'professional' Cup win Tottenham manager Martin Jol acclaimed his players for their patience in their 3-0 FA Cup fifth-round victory over a determined Nottingham Forest side. ""We had the initiative but it wasn't easy. It was a pr"
sport,5,1,"Owen delighted with Real display Michael Owen revelled in his return to the to the Real Madrid starting line-up and inspired a 3-1 win over Real Betis on Wednesday by scoring the first goal. He said: ""I am happy I could play a game from the"
sport,5,1,Ferguson fears Milan cutting edge Manchester United manager Sir Alex Ferguson said his side's task against AC Milan would not be made any easier by the absence of Andriy Shevchenko. Milan's talismanic European footballer of the year misses 
sport,5,1,Rush future at Chester uncertain Ian Rush's future as Chester manager is uncertain after he and assistant Mark Aizlewood refused a severance package. Chester have won only two of their last 10 League games but Chairman Steve Vaughan claims 
sport,5,1,Reyes tricked into Real admission Jose Antonio Reyes has added to speculation linking him with a move from Arsenal to Real Madrid after falling victim to a radio prank. The Spaniard believed he was talking to Real Madrid sporting director E
sport,5,1,"Benitez joy as Reds take control Liverpool boss Rafael Benitez was satisfied after his team's 3-1 win over Bayer Leverkusen despite conceding a goal in the last minute. ""Before the game if you had said the score will be 3-1 I would have hap"
sport,5,1,"Souness eyes summer move for Owen Newcastle boss Graeme Souness is lining up a summer move for England and Real Madrid striker Michael Owen. He sees Owen as the ideal replacement for Alan Shearer, who is due to retire in the summer, althoug"
sport,5,1,"Wenger dejected as Arsenal slump Arsenal manager Arsene Wenger claimed their display in the 3-1 defeat against Bayern Munich was ""our worst peformance in the Champions League"". Kolo Toure's late goal gives the Gunners hope for the second le"
sport,5,1,"Stam spices up Man Utd encounter AC Milan defender Jaap Stam says Manchester United ""know they made a mistake"" by selling him in 2001. The sides meet at Old Trafford in the Champions League game on Wednesday and the 32-year-old's Dutchman's"
sport,5,1,Mourinho defiant on Chelsea form Chelsea boss Jose Mourinho has insisted that Sir Alex Ferguson and Arsene Wenger would swap places with him. Mourinho's side were knocked out of the FA Cup by Newcastle last Sunday before seeing Barcelona se
sport,5,1,Hodgson relishes European clashes Former Blackburn boss Roy Hodgson says the Premiership should follow the rest of Europe and have a winter break - but insists that a gruelling domestic schedule will not damage the English elite's bid for C
sport,5,1,Coach Ranieri sacked by Valencia Claudio Ranieri has been sacked as Valencia coach just eight months after taking charge at the Primera Liga club for the second time in his career. The decision was taken at a board meeting following the sid
sport,5,1,"Cole faces lengthy injury lay-off Aston Villa's Carlton Cole could be out for six weeks with a knee injury. The striker, who is on a season-long loan from Chelsea, picked up the knock in an England Under-21 match against Holland earlier thi"
sport,5,1,"Arsenal through on penalties Arsenal win 4-2 on penalties The Spanish goalkeeper saved from Alan Quinn and Jon Harley as Arsenal sealed a quarter-final trip to Bolton with a 4-2 victory on penalties. Lauren, Patrick Vieira, Freddie Ljungber"
sport,5,1,"Ajax refuse to rule out Jol move Ajax have refused to reveal whether Tottenham's boss Martin Jol is on the Dutch champions' shortlist to become the Amsterdam club's new coach. Jol, who has coached in his native Holland, has guided Spurs to "
sport,5,1,"Unclear future for striker Baros Liverpool forward Milan Baros is uncertain whether he remains part of boss Rafa Benitez's plans after being dropped for the Carling Cup final. Baros, who is Liverpool's leading scorer this season, denied rep"
sport,5,1,Prutton poised for lengthy FA ban Southampton's David Prutton faces a possible seven-match ban when he goes before the Football Association. The 23-year-old has admitted two charges of improper conduct following his dismissal against Arsena
sport,5,1,Robben plays down European return Injured Chelsea winger Arjen Robben has insisted that he only has a 10% chance of making a return against Barcelona in the Champions League. The 21-year-old has been sidelined since breaking a foot against 
sport,5,1,Adriano's Chelsea link rejected Adriano's agent Gilmar Rinaldi has insisted that he has had no contact with Chelsea over the striker. Chelsea were reported to have made inquiries about Inter Milan's 22-year-old Brazilian star. Rinaldi told 
sport,5,1,"FA decides not to punish Mourinho The Football Association will take no action against Chelsea boss Jose Mourinho following his sending-off in Sunday's Carling Cup final. Mourinho, who was sent from the touchline for appearing to taunt Live"
sport,5,1,"Aragones angered by racism fine Spain coach Luis Aragones is furious after being fined by The Spanish Football Federation for his comments about Thierry Henry. The 66-year-old criticised his 3000 euros (Â£2,060) punishment even though it wa"
sport,5,1,"Boro suffer Morrison injury blow Middlesbrough midfielder James Morrison has been ruled out for up to eight weeks after an operation on Tuesday. The 18-year-old, who has played in 13 of the club's last 14 games, had surgery to repair a doub"
sport,5,1,"Mourinho receives Robson warning Sir Bobby Robson has offered Chelsea boss Jose Mourinho some advice on coping under pressure. The pair worked together at Barcelona and Porto and Robson had a word of warning for his protege. ""It has all gon"
sport,5,1,"QPR keeper Day heads for Preston Queens Park Rangers keeper Chris Day is set to join Preston on a month's loan. Day has been displaced by the arrival of Simon Royce, who is in his second month on loan from Charlton. QPR have also signed Ita"
sport,5,1,Cudicini misses Carling Cup final Chelsea goalkeeper Carlo Cudicini will miss Sunday's Carling Cup final after the club dropped their appeal against his red card against Newcastle. The Italian was sent off for bringing down Shola Ameobi in 
sport,5,1,"Beattie return calms attack fears Everton striker James Beattie has been declared fit for training on Tuesday, despite suffering an alleged assault last Saturday. Beattie, 27, is not believed to be as seriously hurt as some reports have sug"
sport,5,1,"Keegan hails comeback king Fowler Manchester City boss Kevin Keegan has praised striker Robbie Fowler for his landmark return to form. The 29-year-old, out of favour at City earlier this season, took his Premiership goal tally past 150 with"
sport,5,1,Thompson says Gerrard should stay Liverpool legend Phil Thompson has pleaded with Steve Gerrard to reject any overtures from Chelsea. The ex-Reds assistant boss also warned that any honours won at Chelsea would be cheapened by the bid to bu
sport,5,1,Cole refuses to blame van Persie Ashley Cole has refused to blame Robin van Persie for leaving Arsenal with no fully-fit strikers for the FA Cup fifth round replay at Sheffield United. Van Persie is suspended alongside Dennis Bergkamp and J
sport,5,1,"Blackburn v Burnley Ewood Park Tuesday, 1 March 2000 GMT Howard Webb (South Yorkshire) home to Leicester in the quarter-finals But defender Andy Todd is suspended and could be replaced by Dominic Matteo - if he recovers from a hamstring inj"
sport,5,1,"Brentford v Southampton Griffin Park Tuesday, 1 March 1945 GMT Barry Knight (Kent) home to Manchester United in the quarter-finals Midfielder Andrew Frampton and striker Deon Burton are both slight doubts with hamstring injuries, but should"
sport,5,1,Desailly backs Blues revenge trip Marcel Desailly insists there is no chance of history repeating itself when Chelsea take on Barcelona on Wednesday. The French star was part of the Chelsea side crushed 5-1 at the Nou Camp in the Champions 
sport,5,1,Desailly backs Blues revenge trip Marcel Desailly insists there is no chance of history repeating itself when Chelsea take on Barcelona on Wednesday. The French star was part of the Chelsea side crushed 5-1 at the Nou Camp in the Champions 
sport,5,1,Mourinho expects fight to finish Chelsea manager Jose Mourinho expects the Champions League clash with Barcelona to be a fight to the finish. Mourinho is relishing the first leg of the tie against his former club in the last 16 in the Nou C
sport,5,1,"Cup holders Man Utd visit Everton Holders Manchester United and Premiership leaders Chelsea both face difficult away ties against Premiership opposition in the FA Cup fifth round. United were drawn against Everton, while Chelsea face a trip"
sport,5,1,"Candela completes Bolton switch Bolton boss Sam Allardyce has signed Roma defender Vincent Candela on a five-month deal. The 31-year-old former France international gave his last press conference as a Roma player on Monday, anouncing his mo"
sport,5,1,"Stuart joins Norwich from Addicks Norwich have signed Charlton midfielder Graham Stuart until the end of the season for an undisclosed fee. ""It was a very easy decision to make,"" the 34-year-old told Norwich's website. ""The attraction for m"
sport,5,1,"Celtic make late bid for Bellamy Newcastle striker Craig Bellamy is discussing a possible short-term loan move to Celtic, BBC Sport understands. The Welsh striker has rejected a move to Birmingham after falling out with Magpies manager Grae"
sport,5,1,"Campbell lifts lid on United feud Arsenal's Sol Campbell has called the rivalry between Manchester United and the Gunners ""bitter and personal"". Past encounters have stirred up plenty of ill-feeling between the sides and they meet again at "
sport,5,1,"Rovers reject third Ferguson bid Blackburn have rejected a third bid from Rangers for Scotland captain Barry Ferguson, BBC Sport has learnt. It is thought Blackburn want Â£6m for the midfielder but chief executive John Williams has confirme"
sport,5,1,SA return to Mauritius Top seeds South Africa return to the scene of one of their most embarrassing failures when they face the Seychelles in the Cosafa Cup next month. Last year Bafana Bafana were humbled in the first by minnows Mauritius 
sport,5,1,Tottenham bid &#163;8m for Forest duo Nottingham Forest have confirmed they have received an Â£8m bid from Tottenham for Andy Reid and Michael Dawson. Reid rejected a move to Southampton after Forest accepted a cash-plus-players offer while
sport,5,1,Redknapp's Saints face Pompey tie New Southampton manager Harry Redknapp faces an immediate reunion with his old club Portsmouth after they were drawn together in the FA Cup fourth round. Exeter City face a home tie against Middlesbrough if
sport,5,1,"Real in talks over Gravesen move Real Madrid are closing in on a Â£2m deal for Everton's Thomas Gravesen after the Dane's agent travelled to Spain to hold talks about a move. John Sivabaek told BBC Sport: ""I'm here to listen to what Real ha"
sport,5,1,"Klinsmann issues Lehmann warning Germany coach Jurgen Klinsmann has warned goalkeeper Jens Lehmann he may have to quit Arsenal to keep his World Cup dreams alive. Lehmann is understudy to Oliver Kahn in the German squad, but has lost his pl"
sport,5,1,Juninho demand for O'Neill talks Juninho's agent has confirmed that the player is hoping for talks with Martin O'Neill as the Brazilian midfielder comes closer to departing Celtic. Brian Hassell says no official approach has been received f
sport,5,1,Wenger signs new deal Arsenal manager Arsene Wenger has signed a new contract to stay at the club until May 2008. Wenger has ended speculation about his future by agreeing a long-term contract that takes him beyond the opening of Arsenal's 
sport,5,1,FA probes crowd trouble The FA is to take action after trouble marred Wednesday's Carling Cup tie between Chelsea and West Ham. Police in riot gear were confronted by a section of the West Ham support after the match which the Blues won 1-0
sport,5,1,Edu describes tunnel fracas Arsenal's Edu has lifted the lid on the scenes that followed Manchester United's win over the Gunners. The Brazilian confirmed tempers had flared but could shed no light on reports that food was thrown at United 
sport,5,1,Chelsea sack Mutu Chelsea have sacked Adrian Mutu after he failed a drugs test. The 25-year-old tested positive for a banned substance - which he later denied was cocaine - in October. Chelsea have decided to write off a possible transfer f
sport,5,1,Ferguson urges Henry punishment Sir Alex Ferguson has called on the Football Association to punish Arsenal's Thierry Henry for an incident involving Gabriel Heinze. Ferguson believes Henry deliberately caught Heinze on the head with his kne
sport,5,1,Wenger offers Mutu hope Arsenal boss Arsene Wenger would consider signing Adrian Mutu once the striker has served his drugs ban. Mutu was sacked by Chelsea on Friday after testing positive for cocaine - a move Wenger has backed. But he said
sport,5,1,"Santini resigns as Spurs manager Tottenham manager Jacques Santini has resigned for ""personal reasons"". The former France manager moved to White Hart Lane this summer but now wants to return to France. Santini said: ""My time at Tottenham ha"
sport,5,1,"Mutu to hold talks with Juventus Disgraced former Chelsea striker Adrian Mutu is to begin talks with Juventus as he looks for a new club. ""Mutu will be in our club's main stand to watch the match between Juventus and Fiorentina,"" said a Juv"
sport,5,1,Uefa approves fake grass Uefa says it will allow European matches to be played on artificial pitches from the start of next season. European football's governing body made the decision at a meeting of its Executive Committee on Wednesday. U
sport,5,1,Yeading face Newcastle in FA Cup Premiership side Newcastle United face a trip to Ryman Premier League leaders Yeading in the FA Cup third round. The game - arguably the highlight of the draw - is a potential money-spinner for non-League Ye
sport,5,1,"Anelka 'eyes Man City departure' Striker Nicolas Anelka reportedly wants to leave Manchester City in search of Champions League football. Anelka, 25, is in talks over a contract extension beyond 2007 with City but is believed to fear his ca"
sport,5,1,Arnesen denies rift with Santini Tottenham sporting director Frank Arnesen has denied that coach Jacques Santini resigned because of a clash of personalities at White Hart Lane. There had been newspaper speculation that Santini had felt und
sport,5,1,"Souness backs Smith for Scotland Graeme Souness believes Walter Smith would be the perfect choice to succeed Berti Vogts as Scotland manager. Souness's former assistant at Rangers is hot favourite to take over from Vogts, who resigned on Mo"
sport,5,1,"Gallas sees two-horse race Chelsea's William Gallas believes they will battle it out with Arsenal for the Premiership in the coming months. ""It'll be a two-horse race all the way to the end of the season because we are both going to give it"
sport,5,1,Tevez - an Argentine in Brazil Some 65 years ago Bernardo Gandulla left Boca Juniors in his native Argentina and headed for Brazil. He arrived at the Vasco da Gama club with considerable prestige - which he failed to live up to. He left an 
sport,5,1,"Edu blasts Arsenal Arsenal's Brazilian midfielder Edu has hit out at the club for stalling over offering him a new contract. Edu's deal expires next summer and he has been linked with Spanish trio Real Madrid, Barcelona and Valencia. He tol"
sport,5,1,"Can Smith work Scottish wonders? The worst kept secret in Scottish football was revealed on Thursday when Walter Smith was named as the new national manager. From the moment Berti Vogts' miserable tenure in charge of Scotland ended, the for"
sport,5,1,Jansen suffers a further setback Blackburn striker Matt Jansen faces three weeks out after surgery to treat a cartilage problem. But central defender Lorenzo Amoruso is moving closer to fitness following a knee operation. Rovers' assistant 
sport,5,1,Mansfield 0-1 Leyton Orient An second-half goal from Andy Scott condemned Mansfield to a ninth successive game without a win. Early in the second half Wayne Carlisle's cross was met by Scott and he blasted the ball home from just outside th
sport,5,1,"Zambia confident and cautious Zambia's technical director, Kalusha Bwalya is confident and cautious ahead of the Cosafa Cup final against Angola on Saturday in Lusaka. Bwalya said: ""Nothing short of victory will do."" However Bwalya warned h"
sport,5,1,"Reaction from Spanish press England's 1-0 defeat to Spain on Wednesday dominated the back and front pages of the country's press on Thursday. Controversy was in no short supply, with racist abuse of England's black players, Wayne Rooney's p"
sport,5,1,Kerr frustrated at victory margin Republic of Ireland manager Brian Kerr admitted he was frustrated his side did not score more than one goal in their friendly win over Croatia. Robbie Keane took his Republic record to 24 with a first-half 
sport,5,1,Mourinho plots impressive course Chelsea's win at Fulham - confirming their position at the Premiership summit - proves that they now have everything in place to mount serious challenges on all fronts this season. They have got strength in 
sport,5,1,"Hearts of Oak 3-2 Cotonsport Hearts of Oak set up an all Ghanaian Confederation Cup final with a 3-2 win over Cameroon's Cotonsport Garoua in Accra on Sunday. The win for Hearts means they will play Asante Kotoko in the two-leg final, after"
sport,5,1,"Curbishley delight for Johansson Charlton manager Alan Curbishley paid tribute to two-goal striker Jonatan Johansson after beating Norwich. Curbishley said after the 4-0 win: ""There was talk about Norwich being interested in the summer but "
sport,5,1,"Lennon brands Rangers favourites Celtic's Neil Lennon admits Rangers could be considered ""slight favourites"" for the Old Firm CIS Cup clash, but insists his side can still win. Lennon concedes Rangers are in good form at the moment, but the"
sport,5,1,"McClaren hails Boro's Uefa spirit Middlesbrough boss Steve McClaren has praised the way his side have got to grips with European football after the 2-0 Uefa Cup win against Lazio. Boro, who are playing in Europe for the first time in their "
sport,5,1,"Benitez delight after crucial win Liverpool manager Rafael Benitez admitted victory against Deportivo La Coruna was vital in their tight Champions League group. Jorge Andrade's early own goal gave Liverpool a 1-0 win. And Benitez said: ""We "
sport,5,1,Bristol City 2-1 Milton Keynes Leroy Lita took his goal tally to 13 for the season as his double earned City an LDV Vans Trophy win. The striker finished off Scott Murray cross from close range just seconds before half-time. Lita then made 
sport,5,1,"Hereford 1-1 Doncaster Hereford win 3-1 on penalties. Rovers took the lead on 59 minutes as Michael McIndoe's corner found Adriano Rigoglioso, whose stunning volley soared into the top right of the net. Danny Williams equalised for the host"
sport,5,1,Wolves appoint Hoddle as manager Glenn Hoddle will be unveiled as the new Wolves manager on Tuesday. The club have confirmed that the former England coach will be unveiled as the successor to Dave Jones at a news conference at Molineux at 1
sport,5,1,Wenger keeping faith with Almunia Arsene Wenger has pledged to keep faith with stand-in keeper Manuel Almunia for the crunch week which could define Arsenal's season. Almunia will start Tuesday's Champions League group tie against Rosenborg
sport,5,1,Houllier praises Benitez regime Former Liverpool manager Gerard Houllier has praised the work of his Anfield successor Rafael Benitez. Houllier was angry at reports that he has been critical of Benitez since the Spaniard took over at Liverp
sport,5,1,"McClaren targets Champions League Middlesbrough boss Steve McClaren believes his side can clinch a top-four spot in the Premiership and secure qualification for the Champions League. After their 3-2 win over Manchester City, McClaren said: "
sport,5,1,"Hitzlsperger waiting on O'Leary Aston Villa's Thomas Hitzlsperger is waiting to learn the future of manager David O'Leary before committing himself to a new contract with the club. O'Leary has been in talks over a new deal and he said: ""I h"
sport,5,1,Mourinho to escape FA charge Chelsea boss Jose Mourinho will not face any Football Association action over the comments he made after their Carling Cup tie with Manchester United. Mourinho intimated that United boss Sir Alex Ferguson influe
sport,5,1,"Wolves appoint Hoddle as manager Glenn Hoddle has been unveiled as the new Wolves manager. The ex-England coach has been given a six-month contract to succeed Dave Jones, who was sacked after the club's poor start to the season. Wolves chai"
sport,5,1,"Redknapp poised for Saints Southampton are set to unveil Harry Redknapp as their new manager at a news conference at 1500 GMT on Wednesday. The former Portsmouth boss replaces Steve Wigley, who has been relieved of first-team duties after j"
sport,5,1,"FA charges Liverpool and Millwall Liverpool and Millwall have been charged by the Football Association over crowd trouble during their Carling Cup match on 26 October. Millwall, who lost the match 3-0, have also been charged over alleged ra"
sport,5,1,Wenger steps up row Arsene Wenger has stepped up his feud with Sir Alex Ferguson by claiming the Manchester United manager is guilty of bringing football into disrepute. The pair's long-running row was put back in the headlines on Saturday 
sport,5,1,"Liverpool revel in night of glory Liverpool manager Rafael Benitez said their qualification for the next stage of the Champions League was ""one of the proudest nights of my career."" The Reds beat Olympiakos 3-1 with a late Steven Gerrard st"
sport,5,1,"English clubs make Euro history All four of England's Champions League representatives have reached the knockout stages for the first time. Arsenal and Chelsea are seeded as group winners, while runners-up Manchester United and Liverpool ar"
sport,5,1,"Ferguson puts faith in youngsters Manchester United manager Sir Alex Ferguson said he has no regrets after his second-string side lost 3-0 away at Fenerbahce in the Champions League. Ferguson said: ""The good thing about being manager is tha"
sport,5,1,"Beckham relief as Real go through David Beckham expressed his relief at Real Madrid's passage to the Champions League knockout phase. After Real's 3-0 win at Roma, the England skipper admitted another season of under-achievement would not b"
sport,5,1,"Man Utd through after Exeter test Manchester United avoided an FA Cup upset by edging past Exeter City in their third round replay. Cristiano Ronaldo scored the opener, slipping the ball between Paul Jones' legs after just nine minutes. Uni"
sport,5,1,"Hamm bows out for US Women's football legend Mia Hamm has played her final game. Hamm, 32, who officially retired after this year's Athens Olympics, took to the field for the last time to help the US claim a 5-0 win over Mexico. Hamm ends h"
sport,5,1,Wenger rules out new keeper Arsenal boss Arsene Wenger says he has no plans to sign a new goalkeeper during the January transfer window. Wenger has brought in Manuel Almunia for the last three games for the out-of-form Jens Lehmann - but th
sport,5,1,Liverpool pledge to keep Gerrard Liverpool chief executive Rick Parry insists the club will never sell Steven Gerrard amid reports Chelsea will renew their bid to lure him from Anfield. Gerrard reiterated his desire to win trophies with the
sport,5,1,Pearce keen on succeeding Keegan Joint assistant boss Stuart Pearce has admitted he would like to succeed Kevin Keegan as manager at Manchester City. Keegan has decided to step down as City manager when his contract comes to an end in 18 mo
sport,5,1,"Bomb threat at Bernabeu stadium Spectators were evacuated from Real Madrid's Bernabeu stadium on Sunday following a bomb scare during the game between the hosts and Real Sociedad. More than 70,000 people abandoned the ground with the score "
sport,5,1,Chelsea hold Arsenal A gripping game between Arsenal and Chelsea ended with the honours finishing even at Highbury. Thierry Henry produced a sublime strike to put Arsenal ahead but John Terry levelled with a powerful header. Henry's quickly
sport,5,1,"Real will finish abandoned match Real Madrid and Real Socieded will play the final six minutes of their match, which was abandoned on Sunday because of a bomb scare. The Bernabeu was evacuated with the score at 1-1 and two minutes of normal"
sport,5,1,Poll explains free-kick decision Referee Graham Poll said he applied the laws of the game in allowing Arsenal striker Thierry Henry's free-kick in Sunday's 2-2 draw with Chelsea. Keeper Petr Cech was organising his defensive wall when Henry
sport,5,1,Solskjaer raises hopes of return Manchester United striker Ole Gunnar Solskjaer said he hoped to return next season following a career-threatening injury to his right knee. The 31-year-old Norway international had surgery in Sweden in Augus
sport,5,1,Dunne keen to commit to Man City Richard Dunne is ready to commit his long-term future to Manchester City after turning his career around. He was once threatened with the sack by City boss Kevin Keegan but has since responded with impressiv
sport,5,1,"Bates seals takeover Ken Bates has completed his takeover of Leeds United. The 73-year-old former Chelsea chairman sealed the deal at 0227 GMT on Friday, and has bought a 50% stake in the club. He said: ""I'm delighted to be stepping up to t"
sport,5,1,"Ferguson rues failure to cut gap Boss Sir Alex Ferguson was left ruing Manchester United's failure to close the gap on Chelsea, Everton and Arsenal after his side's 1-1 draw with Fulham. Premiership leaders Chelsea and the Gunners endured a"
sport,5,1,Old Firm pair handed suspensions Celtic's Henri Camara and Nacho Novo of Rangers have both been suspended for offences missed by the referee in a recent Old Firm game. Both were given automatic one-match bans and 12 additional disciplinary 
sport,5,1,Anelka apologises for criticism Manchester City striker Nicolas Anelka has issued an apology for criticising the ambitions of the club. Anelka was quoted in a French newspaper as saying he would like to play in the Champions League for a bi
sport,5,1,"Ferguson rues failure to cut gap Boss Sir Alex Ferguson was left ruing Manchester United's failure to close the gap on Chelsea, Everton and Arsenal after his side's 1-1 draw with Fulham. Premiership leaders Chelsea and the Gunners endured a"
sport,5,1,"Everton's Weir cools Euro hopes Everton defender David Weir has played down talk of European football, despite his team lying in second place in the Premiership after beating Liverpool. Weir told BBC Radio Five Live: ""We don't want to rest "
sport,5,1,Spain coach faces racism inquiry Spain's Football Federation has initiated disciplinary action against national coach Luis Aragones over racist comments about Thierry Henry. If found guilty Aragones could lose his job or face a fine of abou
sport,5,1,Spain coach faces racism inquiry Spain's Football Federation has initiated disciplinary action against national coach Luis Aragones over racist comments about Thierry Henry. If found guilty Aragones could lose his job or face a fine of abou
sport,5,1,Benitez deflects blame from Dudek Liverpool manager Rafael Benitez has refused to point the finger of blame at goalkeeper Jerzy Dudek after Portsmouth claimed a draw at Anfield. Dudek fumbled a cross before Lomana LuaLua headed home an inju
sport,5,1,"Bellamy fined after row Newcastle have fined their Welsh striker Craig Bellamy two weeks' wages - about Â£80,000 - following his row with manager Graeme Souness. But Bellamy, 25, has not been put on the transfer list, although he did not tr"
sport,5,1,"McClaren eyes Uefa Cup top spot Steve McClaren wants his Middlesbrough team to win their Uefa Cup group by beating Partizan Belgrade. Boro have already qualified for the knockout stages alongside Partizan and Villareal, at the expense of La"
sport,5,1,"Spurs to sign Iceland U21 star Tottenham are primed to snap up Iceland Under-21 international Emil Hallfredsson after he impressed on trial at White Hart Lane. The 20-year-old midfielder, who plays for FH Hafnarfjordur, also starred in the "
sport,5,1,"McLeish ready for criticism Rangers manager Alex McLeish accepts he is going to be criticised after their disastrous Uefa Cup exit at the hands of Auxerre at Ibrox on Wednesday. McLeish told BBC Radio Five Live: ""We were in pole position to"
sport,5,1,"O'Leary agrees new Villa contract Aston Villa boss David O'Leary signed a three-and-a-half year contract extension on Thursday, securing his future at the club until summer 2008. O'Leary's future was in question, but Villa chairman Doug Ell"
sport,5,1,Gronkjaer agrees switch to Madrid Jesper Gronkjaer has agreed a move to Atletico Madrid from Birmingham City. The 27-year-old winger spent just five months at St Andrews following a Â£2.2m move from Chelsea in July after playing for Denmark
sport,5,1,"Benitez 'to launch Morientes bid' Liverpool may launch an Â£8m January bid for long-time target Fernando Morientes, according to reports. The Real Madrid striker has been linked with a move to Anfield since the summer and is currently behin"
sport,5,1,"Robertson out to retain Euro lure Hearts manager John Robertson hopes a place in the knock-out stages of the Uefa Cup could help keep some of his out-of-contract players at the club. ""It could help. If we get through and have another Europe"
sport,5,1,Campbell rescues Arsenal Sol Campbell proved to be an unlikely match-winner to earn Arsenal a hard-fought win at Portsmouth. The England defender lashed home a 25-yard shot for his first goal in 16 months to take Arsenal back into second sp
sport,5,1,"Reds sink 10-man Magpies Titus Bramble's own goal put Liverpool on the comeback trail as injury-hit Newcastle were well beaten at Anfield. Patrick Kluivert's close-range finish put Newcastle ahead after 31 minutes, but they were pegged back"
sport,5,1,"Strachan turns down Pompey Former Southampton manager Gordon Strachan has rejected the chance to become Portsmouth's new boss. The Scot was Pompey chairman Milan Mandaric's first choice to replace Harry Redknapp, who left Fratton Park for r"
sport,5,4,Henry tipped for Fifa award Fifa president Sepp Blatter hopes Arsenal's Thierry Henry will be named World Player of the Year on Monday. Henry is on the Fifa shortlist with Barcelona's Ronaldinho and newly-crowned European Footballer of the 
sport,5,1,"Newcastle to join Morientes race Newcastle have joined the race to sign Real Madrid striker Fernando Morientes and scupper Liverpool's bid to snap up the player, according to reports. Liverpool were reported to have bid Â£3.5m for the 28-ye"
sport,5,1,"Blues slam Blackburn over Savage Birmingham have confirmed Blackburn made a bid for Robbie Savage - but managing director Karen Brady has called it ""derisory"". Rovers have reportedly offered Â£500,000 up front for the Wales star, 30, with t"
sport,5,1,"Gerrard happy at Anfield Liverpool captain Steven Gerrard has reiterated his desire to stay at Anfield and win trophies with the club. The 24-year-old England midfielder is determined to see out his contract, despite reported interest from "
sport,5,1,"Beckham rules out management move Real Madrid midfielder David Beckham has no plans to become a manager when his playing career is over. ""I am not interested in being a coach but I would like to have football schools,"" the England captain s"
sport,5,1,"Mexicans tracking unhappy Juninho Mexican outfit Red Sharks Veracruz hope to sign Juninho if the Brazilian decides to leave Celtic frustrated at his lack of first-team action. Their president, Gustavo Parente Sanchez, says Juninho ""does not"
sport,5,1,Celtic unhappy over Bulgaria date Martin O'Neill hopes to block Stilian Petrov's call-up by Bulgaria during Celtic's busy festive programme. The Celtic manager does not view the friendly against Valenciana - a region of Spain - on 28 Decemb
sport,5,1,Robben and Cole earn Chelsea win Cheslea salvaged a win against a battling Portsmouth side just as it looked like the Premiership leaders would have to settle for a point. Arjen Robben curled in a late deflected left-footed shot from the ri
sport,5,1,"Newcastle line up Babayaro Newcastle manager Graeme Souness is closing in on signing Chelsea defender Celestine Babayaro when the transfer window reopens. Souness is bidding to bolster his defence and, according to reports, contract negotia"
sport,5,1,Mourinho takes swipe at Arsenal Chelsea boss Jose Mourinho has attempted to pile the pressure on title rivals Arsenal ahead of the Gunners facing Newcastle on Wednesday. Arsenal will play the Magpies a day after Chelsea beat Portsmouth duri
sport,5,1,"Wenger shock at Newcastle dip Arsenal manager Arsene Wenger has admitted he is at a loss to explain why Newcastle are languishing in the bottom half of the table. The Gunners travel to St James' Park on Wednesday, with Newcastle 14th in the"
sport,5,1,"Ferguson hails Man Utd's resolve Manchester United's Alex Ferguson has praised his players' gutsy performance in the 1-0 win at Aston Villa. ""That was our hardest away game of the season and it was a fantastic game of football, end-to-end w"
sport,5,1,"TV calls after Carroll error Spurs boss Martin Jol said his team were ""robbed"" at Manchester United after Pedro Mendes' shot clearly crossed the line but was not given. ""The referee is already wearing an earpiece so why can't we just stop t"
sport,5,1,Hodgson shoulders England blame Fly-half Charlie Hodgson admitted his wayward kicking played a big part in England's 18-17 defeat to France. Hodgson failed to convert three penalties and also missed a relatively easy drop goal attempt which
sport,5,1,"Vickery out of Six Nations England tight-head prop Phil Vickery has been ruled out of the rest of the 2005 RBS Six Nations after breaking a bone in his right forearm. Vickery was injured as his club side, Gloucester, beat Bath 17-16 in the "
sport,5,1,Yachvili savours France comeback France scrum-half Dimitri Yachvili praised his team after they fought back to beat England 18-17 in the Six Nations clash at Twickenham. Yachvili kicked all of France's points as they staged a second-half re
sport,5,1,Laporte tinkers with team France coach Bernard Laporte has made four changes to the starting line-up that beat England for Saturday's Six Nations clash with Wales. He opted for Yannick Nyanga in the back row instead of Grand Slam winner Ima
sport,5,1,Lewsey puzzle over disallowed try England's Josh Lewsey has claimed he was denied a late try in his side's Six Nations loss to Ireland. The Wasps wing insisted he grounded the ball when he was bundled over the line and said referee Jonathan
sport,5,1,"Fuming Robinson blasts officials England coach Andy Robinson insisted he was ""livid"" after his side were denied two tries in Sunday's 19-13 Six Nations loss to Ireland in Dublin. Mark Cueto's first-half effort was ruled out for offside befo"
sport,5,1,"O'Gara revels in Ireland victory Ireland fly-half Ronan O'Gara hailed his side's 19-13 victory over England as a ""special"" win. The Munster number 10 kicked a total of 14 points, including two drop goals, to help keep alive their Grand Slam"
sport,5,1,Thomas out of Six Nations Wales captain Gareth Thomas has been ruled out of the rest of the Six Nations with a broken thumb. The full-back will have surgery on Monday after fracturing his thumb in the 24-18 win over France on Saturday. But 
sport,5,1,"Wales coach elated with win Mike Ruddock paid tribute to his Wales side after they came from 15-6 down to beat France 24-18 in the Six Nations. ""After going two tries down in 12 minutes we had to show character,"" said the national team coac"
sport,5,1,"Newcastle 27-27 Gloucester Newcastle centre Mathew Tait answered his critics as he scored one try and made another, but he could not stop Gloucester grabbing a draw. The Falcons were 22-6 down at the break before Tait, recently axed by Engl"
sport,5,1,"London Irish 19-33 Wasps Wasps made light of the absence of several internationals to sink London Irish with a trio of second-half tries. Rob Hoadley returned to haunt his old club at the Madejski Stadium, scoring the opening try in the 43r"
sport,5,1,"Murray returns to Scotland fold Euan Murray has been named in the Scotland training squad after an eight-week ban, ahead of Saturday's Six Nations match with Ireland. The Glasgow forward's ban for stamping ended on 2 February. ""I'm just hap"
sport,5,1,"Fear will help France - Laporte France coach Bernard Laporte believes his team will be scared going into their game with England on Sunday, but claims it will work in their favour. The French turned in a stuttering performance as they limpe"
sport,5,1,"Davies favours Gloucester future Wales hooker Mefin Davies is likely to stay with English side Gloucester despite reported interest from the Neath-Swansea Ospreys. BBC Wales understands the Ospreys are interested in the 32-year-old, but tha"
sport,5,1,Ref stands by Scotland decisions The referee from Saturday's France v Scotland Six Nations match has defended the officials' handling of the game after criticism by Matt Williams. The Scotland coach said his side were robbed of victory by p
sport,5,1,Robinson ready for difficult task England coach Andy Robinson faces the first major test of his tenure as he tries to get back to winning ways after the Six Nations defeat by Wales. Robinson is likely to make changes in the back row and cen
sport,5,1,Bell set for England debut Bath prop Duncan Bell has been added to England's 30-man squad to face Ireland in the RBS Six Nations. And with Phil Vickery sidelined for at least six weeks with a broken arm and Julian White out with a neck inju
sport,5,1,"O'Sullivan quick to hail Italians Ireland coach Eddie O'Sullivan heaped praise on Italy after seeing his side stutter to a 28-17 victory in Rome. ""It was a hell of a tough game,"" said O'Sullivan. ""We struggled in the first half because we h"
sport,5,1,Italy 17-28 Ireland Two moments of magic from Brian O'Driscoll guided Ireland to a workmanlike victory against Italy. A pair of classic outside breaks from the Ireland captain set up tries for Geordan Murphy and Peter Stringer. Italy led 9-
sport,5,1,"Jones happy with Henson heroics Wales fly-half Stephen Jones admitted he was happy to hand Gavin Henson responsibility for taking the match-winning kick against England. Jones had missed three earlier shots at goal when Wales, 9-8 down, wer"
sport,5,1,Double injury blow strikes Wales Wales centre Sonny Parker and number eight Ryan Jones will miss Saturday's game with Italy because of injury. Parker has not recovered from a trapped nerve in his neck that kept him out of the win over Engla
sport,5,1,"Kirwan demands Italy consistency Italy coach John Kirwan has challenged his side to match the performance they produced in pushing Ireland close when they meet Wales on Saturday. Despite losing 28-17 in Sunday's Six Nations encounter, the I"
sport,5,1,"Fit-again Betsen in France squad France have brought flanker Serge Betsen back into their squad to face England at Twickenham on Sunday. But the player, who missed the victory over Scotland through injury, must attend a disciplinary hearing"
sport,5,1,Wales critical of clumsy Grewcock Wales coach Mike Ruddock says England lock Danny Grewcock needs to review his actions after he kicked Dwayne Peel. Trouble flared at a ruck in the first half of Wales' 11-9 win in Cardiff as Grewcock came r
sport,5,1,Henson stakes early Lions claim The Six Nations may be a glittering prize in itself but every player from the four Home Unions will also have one eye on a possible trip to New Zealand with the Lions this summer. The player who staked the bi
sport,5,1,"Murphy: That was a bruising battle That's what I call a tough game. It was very physical and fair play to the Italians they made us work very hard for our victory. Their organisation was very, very good and they proved again that they are g"
sport,5,1,Wales make two changes for France Wales coach Mike Ruddock has made two changes from the team that beat Italy 38-8 for Saturday's trip to France. Kevin Morgan takes over from his injured Newport-Gwent Dragons colleague Hal Luscombe on the r
sport,5,1,Ireland surge past Scots Ireland maintained their Six Nations Grand Slam ambitions with an impressive victory over Scotland at Murrayfield. Hugo Southwell's try gave the Scots an early 8-0 lead but scores from locks Malcolm O'Kelly and Paul
sport,5,1,"Wales win in Rome Wales secured their first away win in the RBS Six Nations for nearly four years with a six-try victory in Rome. Tries from Jonathan Thomas, Tom Shanklin and Martyn Williams gave the visitors a 19-5 half-time advantage. Luc"
sport,5,1,"White prepared for battle Tough-scrummaging prop Julian White is expecting a resurgent Wales to give him a rough ride in England's Six Nations opener in Cardiff on Saturday. The Leicester tight-head is in the form of his life, making the En"
sport,5,1,O'Driscoll saves Irish blushes Two moments of magic from Brian O'Driscoll guided Ireland to a workmanlike victory against Italy. A pair of classic outside breaks from the Ireland captain set up tries for Geordan Murphy and Peter Stringer. I
sport,5,1,Barkley fit for match in Ireland England centre Olly Barkley has been passed fit for Sunday's Six Nations clash with Ireland at Lansdowne Road. Barkley withdrew from Bath's team for Friday's clash with Gloucester after suffering a calf inju
sport,5,1,"Wales stars need a rest - Ruddock Wales coach Mike Ruddock has defended his decision not to release any of the international stars for this weekend's regional Celtic League fixtures. Ruddock says the players will benefit from the rest, and "
sport,5,1,"Munster Cup tie switched to Spain Munster's Heineken Cup quarter-final tie against Biarritz on 3 April has been switched to Real Sociedad's Paseo de Anoeta stadium in San Sebastian. Real's ground holds 32,000 whereas the Parc des Sports Agu"
sport,5,1,Williams says he will never quit Defiant Matt Williams says he will not quit as Scotland coach even if his side slump to a new low with defeat by Italy at Murrayfield. That would leave the Scots as favourites to win the Wooden Spoon for the
sport,5,1,"Pountney handed ban and fine Northampton coach Budge Pountney has been fined Â£2,000 and banned from match-day coaching for six weeks for calling a referee ""a disgrace"". Pountney was found guilty of bringing the game into disrepute at a Rug"
sport,5,1,"France v Wales (Sat) Stade de France, Paris Saturday, 26 February 1600 GMT BBC1, Radio 4 LW and this website France may have beaten Scotland and England but they were tedious and uninspired throughout both matches. Wales, on the other hand,"
sport,5,1,"Woodward eyes Brennan for Lions Toulouse's former Irish international Trevor Brennan could be one of Clive Woodward's many surprises when the 44-man Lions tour squad is announced. Brennan, who last played for Ireland against Samoa in 2001, "
sport,5,1,"Scotland v Italy (Sat) Murrayfield, Edinburgh Saturday, 26 February 1400 GMT BBC1, Five Live and this website Victory for the Azzurri in Rome last year saw Scotland end their campaign without a victory. And the pressure is on Scotland coach"
sport,5,1,"Preview: Ireland v England (Sun) Lansdowne Road, Dublin Sunday, 27 February 1500 GMT BBC1, Radio 4 LW and this website Ireland are going for their first Grand Slam since 1948 after two opening wins, and England represent their sternest test"
sport,5,1,"Leeds v Saracens (Fri) Headingley Friday, 25 February 2000 GMT The Tykes have brought in Newcastle prop Ed Kalman and Tom McGee from the Borders on loan while fly-half Craig McMullen has joined from Narbonne. Raphael Ibanez is named at hook"
sport,5,1,"Worcester v Sale (Fri) Sixways Friday, 25 February 2000 GMT They make just one change, with Tim Collier replacing Phil Murphy in the second row. In contrast, Sale are missing 14 players due to a combination of international call-ups and inj"
sport,5,1,Robinson answers critics England captain Jason Robinson has rubbished suggestions that the world champions are a team in decline. England were beaten 11-9 by Wales in their Six Nations opener in Cardiff last week and face current champions 
sport,5,1,Sella wants Michalak recall Former France centre Philippe Sella believes coach Bernard Laporte must recall Frederic Michalak to give his side any chance of beating Ireland. Sella admitted he had been impressed by current fly-half Yann Delai
sport,5,1,"Umaga ready for Lions All Blacks captain Tama Umaga has warned the British and Irish Lions will be his most fearsome opponents yet ahead of their summer tour. But Umaga, in England for Saturday's IRB Rugby Aid match, also backed New Zealand"
sport,5,1,"Umaga ready for ""fearsome"" Lions All Blacks captain Tama Umaga has warned the British and Irish Lions will be his most fearsome opponents yet ahead of their summer tour. But Umaga, in England for Saturday's IRB Rugby Aid match, also backed "
sport,5,1,Campese berates whingeing England Former Australian wing David Campese has told England to stop whingeing in the wake of their defeat to Ireland. England coach Andy Robinson lambasted referee Jonathan Kaplan for costing them the game after 
sport,5,1,O'Driscoll/Gregan lead Aid stars Ireland's Brian O'Driscoll will lead the Northern Hemisphere team in the IRB Rugby Aid match at Twickenham. O'Driscoll heads a star-studded cast for the contest to raise funds for the tsunami appeal. The Sou
sport,5,1,Harinordoquy suffers France axe Number eight Imanol Harinordoquy has been dropped from France's squad for the Six Nations match with Ireland in Dublin on 12 March. Harinordoquy was a second-half replacement in last Saturday's 24-18 defeat t
sport,5,1,"Parker misses England clash Tom Shanklin will start in the centre for Wales against England in Cardiff on Saturday after Sonny Parker failed to recover from a trapped neck nerve. Shanklin was first-choice wing in the autumn Tests, but prefe"
sport,5,1,"Stevens named in England line-up England have named Bath prop Matt Stevens in the starting line-up for their Six Nations match against Ireland at Lansdowne Road on Sunday. Fellow Bath prop Duncan Bell will start on the bench, as coach Andy "
sport,5,1,"Bortolami predicts dour contest Italy skipper Marco Bortolami believes Saturday's Six Nations contest against Scotland will be a scrappy encounter. With both sides looking for their first win of the championship, the third-round game at Mur"
sport,5,1,"Corry backs skipper Robinson England forward Martin Corry says Jason Robinson is the right man to lead the national team back to winning ways. After losses to Wales and France, critics have started to wonder whether Robinson can captain fro"
sport,5,1,"Prop Jones ready for hard graft Adam Jones says the Wales forwards are determined to set the perfect attacking platform for the backs by dominating the powerful France pack in Paris. The prop said: ""If we get stuffed in the front five our b"
sport,5,1,"Moody joins up with England Lewis Moody has flown to Dublin to join England's camp ahead of their RBS Six Nations game against Ireland on Sunday. Despite joining the squad, the Leicester flanker only has a ""slim"" chance of playing because o"
sport,5,1,"Captains lining up for Aid match Ireland's Brian O'Driscoll is one of four Six Nations captains included in the Northern Hemisphere squad for the IRB Rugby Aid match on 5 March. France's Fabien Pelous, Gordon Bullock of Scotland and Italy's"
sport,5,1,Castaignede fires Laporte warning Former France fly-half Thomas Castaignede has warned the pressure is mounting on coach Bernard Laporte following their defeat by Wales. France suffered a shock loss against the Welsh at the weekend after lo
sport,5,1,Charvis set to lose fitness bid Flanker Colin Charvis is unlikely to play any part in Wales' final two games of the Six Nations. Charvis has missed all three of Wales' victories with an ankle injury and his recovery has been slower than exp
sport,5,1,"Robinson out of Six Nations England captain Jason Robinson will miss the rest of the Six Nations because of injury. Robinson, stand-in captain in the absence of Jonny Wilkinson, had been due to lead England in their final two games against "
sport,5,1,England coach faces rap after row England coach Andy Robinson is facing disciplinary action after criticising referee Jonathan Kaplan in his side's Six Nations defeat to Ireland. The Rugby Football Union (RFU) will investigate Robinson afte
sport,5,1,Harinordoquy suffers France axe Number eight Imanol Harinordoquy has been dropped from France's squad for the Six Nations match with Ireland in Dublin on 12 March. Harinordoquy was a second-half replacement in last Saturday's 24-18 defeat t
sport,5,1,Wilkinson return 'unlikely' Jonny Wilkinson looks set to miss the whole of the 2005 RBS Six Nations. England's World Cup-winning fly-half said last week he was hoping to recover from his latest injury in time to play some role in the champi
sport,5,1,"England 'to launch ref protest' England will protest to the International Rugby Board (IRB) about the referee's performance in the defeat by Ireland, reports the Daily Mail. England coach Andy Robinson has called on ex-international referee"
sport,5,1,"Moore questions captaincy Brian Moore believes the England captain should not be a full-back. Jason Robinson has led the team during their opening three defeats in the Six Nations tournament, in the absence of fly-half Jonny Wilkinson. The "
sport,5,1,"Owen set for skipper role Wales number eight Michael Owen says replacing Gareth Thomas as Wales' captain will be straightforward because of the leadership quality in the squad. ""You dream about playing for Wales, but it never enters your he"
sport,5,1,"Italy aim to rattle England Italy coach John Kirwan believes his side can upset England as the Six Nations wooden spoon battle hots up. The two sides, both without a win, meet on 12 March at Twickenham and Kirwan says his side will be hopin"
sport,5,1,Dal Maso in to replace Bergamasco David dal Maso has been handed the task of replacing the injured Mauro Bergamasco at flanker in Italy's team to face Scotland on Saturday. Alessandro Troncon continues at scrum-half despite the return to fi
sport,5,1,Teenager Tait picked for England Newcastle's teenage centre Mathew Tait has been named as a centre in England's team to face Wales in the Six Nations opener in Cardiff on Saturday. The 18-year-old will play alongside Falcons' team-mate Jami
sport,5,1,Wood - Ireland can win Grand Slam Former captain Keith Wood believes Ireland can win only their second Grand Slam - and first since 1948 - in this year's RBS Six Nations Championship. After claiming their first Triple Crown for 19 years las
sport,5,1,Scots suffer another injury blow Scotland's back row crisis has worsened ahead of the RBS Six Nations with news that Scott Gray will miss out on the opening matches. The Borders flanker has a knee injury and joins Donnie Macfadyen and Allis
sport,5,1,O'Sullivan keeps his powder dry When you are gunning for glory and ultimate success keeping the gunpowder dry is essential. Ireland coach Eddie O'Sullivan appears to have done that quite successfully in the run-up to this season's Six Natio
sport,5,1,Wales get Williams fitness boost Wales are hopeful that openside flanker Martyn Williams could be fit for Saturday's RBS 6 Nations championship opener against England in Cardiff. Williams was expected to miss the match with a disc problem i
sport,5,1,Dawson joins England injury list Scrum-half Matt Dawson is an injury doubt for England's Six Nations opener against Wales next weekend. The World Cup winner missed Wasps' 12-9 loss to Bath on Saturday after injuring his right calf. Wasps co
sport,5,1,"Wales want rugby league training Wales could follow England's lead by training with a rugby league club. England have already had a three-day session with Leeds Rhinos, and Wales are thought to be interested in a similar clinic with rivals "
sport,5,1,"Saint-Andre anger at absent stars Sale Sharks director of rugby Philippe Saint-Andre has re-opened rugby's club-versus-country debate. Sale host Bath in the Powergen Cup on Friday, but the Frenchman has endured a ""difficult week"" with six p"
sport,5,1,"Ruddock backs Yapp's credentials Wales coach Mike Ruddock says John Yapp has what it takes as an international. The 21-year-old Blues prop is the only uncapped player in Wales' Six Nations squad, gaining a chance in the absence of Ospreys l"
sport,5,1,Player burn-out worries Robinson England coach Andy Robinson says English rugby has to act now to prevent injury destroying players' careers. He will be without a host of big names for the Six Nations as the intensity of professional rugby 
sport,5,1,"Hodges announces rugby retirement Scarlets and USA Eagles forward Dave Hodges has ended his playing career to pursue a coaching role in the States. The 36-year-old, who has 54 caps, was Llanelli's player of the season in 2001/2, but has bat"
sport,5,1,Funding cut hits Wales Students The Wales Students rugby side has become a casualty of the Welsh Rugby Union's reorganisation at youth level. An amalgamated Under-18 side formed from separate schools and national youth teams plays its first
sport,1,1,"Calder fears for Scottish rugby Former Scotland international Finlay Calder fears civil war at the SRU could seriously hamper his country's RBS Six Nations campaign. Four members of the executive board, including the chairman, David Mackay,"
sport,5,1,"A year to remember for Irish There used to be one subliminal moment during a year in Irish rugby that stood out more than most. Well, at least there used to one. Now there is a handful to look back with a mixture of satisfaction, and sorrow"
sport,5,1,"Williams stays on despite dispute Matt Williams insists he has no thoughts of quitting as national coach as a result of the power struggle currently gripping Scottish rugby. The chairman, chief executive and three non-executive directors al"
sport,5,1,Lomu relishing return to action Former All Black star Jonah Lomu says he cannot wait to run out on the pitch for former England rugby union captain Martin Johnson's testimonial on 4 June. The 29-year-old had a kidney transplant in July 2004
sport,5,1,"Johnson announces June retirement Former England captain Martin Johnson has announced he is to retire from rugby union at the end of the season. Johnson, who captained England to World Cup glory in 2003, will play his final match in June. J"
sport,5,1,"A November to remember Last Saturday, one newspaper proclaimed that England were still the number one side in the world. That statement was made to look a little foolish by events later that afternoon at Twickenham. But it illustrated the w"
sport,5,4,South Africa sweep top awards South Africa's Schalk Burger was named player of the year as the Tri-Nations champions swept the top honours at the International Rugby Board's awards. The flanker topped a list which included Ireland star Gord
sport,5,1,"Robinson wants dual code success England rugby union captain Jason Robinson has targeted dual code success over Australia on Saturday. Robinson, a former rugby league international before switching codes in 2000, leads England against Austr"
sport,5,1,"All Black magic: New Zealand rugby Playing colours: All black The Haka and more! The All Blacks Charles John Munro discovered rugby at London's Christ College, and on his return to Nelson he staged New Zealand's first game. Nelson Town met "
sport,5,1,"WRU proposes season overhaul The Welsh Rugby Union wants to restructure the Northern Hemisphere season into four separate blocks. The season would start with the Celtic League in October, followed by the Heineken Cup in February and March, "
sport,5,1,"Wilkinson to lead England Fly-half Jonny Wilkinson has been named as England's new rugby union captain for the three November Tests. The 25-year-old Newcastle star takes over from Lawrence Dallaglio, who retired from internationals in Augus"
sport,5,1,"Hong Kong in 2011 World Cup bid Hong Kong is hoping to join Japan as co-host of the 2011 Rugby World Cup. Japan has applied to host the tournament on its own, with the aim of taking it outside rugby's traditional strongholds for the first t"
sport,5,1,"Dallaglio his own man to the end Controversy and Lawrence Dallaglio have never been very far away from each other throughout a glittering international career. Even the end of his nine-year career came out of the blue, just four days before"
sport,5,1,"Wasps 31-37 Leicester Leicester withstood a stunning Wasps comeback to win a pulsating Heineken Cup encounter at the Causeway Stadium. The Tigers stormed 22-6 ahead within 18 minutes through tries from Lewis Moody, Geordan Murphy and Martin"
sport,5,1,"Ireland 17-12 South Africa Ronan O'Gara scored all Ireland's points as the home side claimed only their second ever win over South Africa on an emotional day at Lansdowne Road. O'Gara's first-half try, poached after a quick tap-penalty, hel"
sport,5,1,"Ireland v USA (Sat) Saturday 20 November Lansdowne Road, Dublin 1300 GMT The Irish coach knows a repeat of the record 83-3 victory over the States in 2000 is not on the agenda and expects a real test at Lansdowne Road. ""Their coach Tom Bill"
sport,5,1,Ireland call up uncapped Campbell Ulster scrum-half Kieran Campbell is one of five uncapped players included in Ireland's RBS Six Nations squad. Campbell is joined by Ulster colleagues Roger Wilson and Ronan McCormack along with Connacht's 
sport,5,1,"Ireland 21-19 Argentina An injury-time dropped goal by Ronan O'Gara stole victory for Ireland from underneath the noses of Argentina at Lansdowne Road on Saturday. O'Gara kicked all of Ireland's points, with two dropped goals and five penal"
sport,5,1,"England claim Dubai Sevens glory England beat Fiji 26-21 in a dramatic final in Dubai to win the first IRB Sevens event of the season. Having beaten Australia and South Africa to reach the final, England fell behind to an early try against "
sport,5,1,Barbarians 19-47 New Zealand New Zealand proved too strong for an Australian-dominated Barbarians to round off their unbeaten northern hemisphere tour with an easy win. Rico Gear ran in two of the All Blacks' seven tries in what was a predo
sport,5,1,Dawson wins England squad recall Wasps scrum-half Matt Dawson has been recalled to England's training squad ahead of the RBS Six Nations and been reinstated in the Elite Player Squad. Coach Andy Robinson dropped Dawson for the autumn Tests 
sport,5,1,"Borders 19-20 Ulster Ulster clung on for a morale-boosting Celtic League win over bottom club Borders at Netherdale on Friday night. A late try by Borders substitute Jonny Weston had set up a dramatic finish, but the Scottish side could not"
sport,5,1,"Lions blow to World Cup stars British and Irish Lions coach Clive Woodward says he is unlikely to select any players not involved in next year's RBS Six Nations Championship. World Cup winners Lawrence Dallaglio, Neil Back and Martin Johnso"
sport,1,2,"Campbell to be Lions consultant Former government communications chief Alastair Campbell will act as a media consultant to Sir Clive Woodward's 2005 Lions on their tour to New Zealand. Campbell, who left Downing Street earlier this year, wi"
sport,5,1,"Lions blow to World Cup winners British and Irish Lions coach Clive Woodward says he is unlikely to select any players not involved in next year's RBS Six Nations Championship. World Cup winners Lawrence Dallaglio, Neil Back and Martin John"
sport,5,1,"Wilkinson fit to face Edinburgh England captain Jonny Wilkinson will make his long-awaited return from injury against Edinburgh on Saturday. Wilkinson, who has not played since injuring his bicep on 17 October, took part in full-contact tra"
sport,5,1,Dallaglio eyeing Lions tour place Former England captain Lawrence Dallaglio still harbours hopes of a place on the British and Irish Lions tour to New Zealand. Lions coach Sir Clive Woodward has made it clear he will pick his squad to tour 
sport,5,1,Dawson set for new Wasps contract European champions Wasps are set to offer Matt Dawson a new deal. The 31-year-old World Cup winning scrum-half has impressed since joining the London side from Northampton this summer on a one-year contract
sport,5,1,"Healey targets England comeback Leicester wing Austin Healey hopes to use Sunday's return Heineken Cup clash with Wasps as a further springboard to an England recall for the Six Nations. Healey, who won 51 caps prior to the 2003 World Cup, "
sport,5,1,"Scrum-half Williams rejoins Bath Bath have signed their former scrum-half Andy Williams on a short-term deal from the Neath-Swansea Ospreys. Wales international Williams, whose contract with the Welsh region was due to expire in June, has a"
sport,5,1,Bath faced with Tindall ultimatum Mike Tindall's agent has warned Bath they have until next week to improve their contract offer to the England man or risk losing him to a rival club. Dipo Alli says he has received an offer for Tindall whic
sport,5,1,Tindall wants second opinion England centre Mike Tindall is to seek a second opinion before having surgery on a foot injury that could force him to miss the entire Six Nations. The Bath player was already out of the opener against Wales on 
sport,5,1,Paris promise raises Welsh hopes Has there been a better Six Nations match than Saturday's epic in Paris? And can the Welsh revival continue all the way to a first Grand Slam since 1978? Those are the two questions occupying not just Wales 
sport,5,1,"Wales silent on Grand Slam talk Rhys Williams says Wales are still not thinking of winning the Grand Slam despite a third Six Nations win. ""That's the last thing on our minds at the moment,"" said Williams, a second- half replacement in Satu"
sport,5,1,"Sculthorpe wants Lions captaincy Paul Sculthorpe has admitted he would love to succeed Andy Farrell as Great Britain skipper if the Wigan star does switch codes to rugby union. Sculthorpe was vice-captain in the Tri-Nations, and took the St"
sport,5,1,"Tigers wary of Farrell 'gamble' Leicester say they will not be rushed into making a bid for Andy Farrell should the Great Britain rugby league captain decide to switch codes. ""We and anybody else involved in the process are still some way a"
sport,5,1,Farrell saga to drag on - Lindsay Wigan chairman Maurice Lindsay says he does not expect a quick solution to the on-going saga of captain Andy Farrell's possible switch to rugby union. Leicester and Saracens are leading the chase for the pl
sport,5,1,"England given tough Sevens draw England will have to negotiate their way through a tough draw if they are to win the Rugby World Cup Sevens in Hong Kong next month. The second seeds have been drawn against Samoa, France, Italy, Georgia and "
sport,5,1,"Wales hails new superstar One game into his Six Nations career, and Gavin Henson is already a Welsh legend. A mesmeric display against England, topped off by his howitzer of a match-winning penalty, has secured life membership of that parti"
sport,5,1,"Sydney to host north v south game Sydney will host a northern versus southern hemisphere charity match in June or July, the Australian Rugby Union (ARU) said on Wednesday. The match will include players from the Lions tour of New Zealand. """
sport,5,1,Celts savour Grand Slam prospect The Six Nations has heralded a new order in northern hemisphere rugby this year and Wales and Ireland rather than traditional big guns France and England face a potential Grand Slam play-off in three weeks' 
sport,5,1,Ireland win eclipses refereeing 'errors' The International Rugby Board may have to step in to stop frustrated coaches and players from publicly haranguing referees when things go belly-up. It may have to go the whole way and have NFL-style 
sport,5,1,Ireland 19-13 England Ireland consigned England to their third straight Six Nations defeat with a stirring victory at Lansdowne Road. A second-half try from captain Brian O'Driscoll and 14 points from Ronan O'Gara kept Ireland on track for 
sport,5,1,"Fuming Robinson blasts officials England coach Andy Robinson said he was ""livid"" after his side were denied two tries in Sunday's 19-13 Six Nations loss to Ireland in Dublin. Mark Cueto's first-half effort was ruled out for offside before t"
sport,5,1,Scotland 18-10 Italy Six Chris Paterson penalties gave Scotland victory in a dour but clinical encounter against Italy at Murrayfield. Coach Matt Williams' side were outmuscled and outplayed in a tense first half but led 6-3 at the break. P
sport,5,1,"Bortolami predicts dour contest Italy skipper Marco Bortolami believes Saturday's Six Nations contest against Scotland will be a scrappy encounter. With both sides looking for their first win of the championship, the third-round game at Mur"
sport,5,1,"O'Connell rejects Lions rumours Ireland and Munster lock Paul O'Connell has dismissed media reports linking him to the captaincy of the Lions tour to New Zealand this summer. O'Connell is rumoured to be among the front-runners for the job, "
sport,5,1,Taylor poised for Scotland return Simon Taylor has been named in the Scotland squad for Saturday's Six Nations clash with Italy. The 25-year-old number eight made a scoring return for Edinburgh at the weekend - his first game in a year for 
sport,5,1,Vickery upbeat about arm injury England prop Phil Vickery is staying positive despite a broken arm ruling him out of the RBS Six Nations. The 28-year-old fractured the radius in his right forearm during Gloucester's 17-16 win over Bath on S
sport,5,1,"Dominici backs lacklustre France Wing Christophe Dominici says France can claim another Six Nations Grand Slam despite two lacklustre wins so far against Scotland and England. The champions only just saw off the Scots in Paris, then needed "
sport,5,1,"Llewellyn plans Wales retirement Wales record cap holder Gareth Llewellyn will retire from Test rugby at the end of the Six Nations. The veteran lock, who is 36 at the end of February, told BBC Wales Scrum V that it is time for him to bring"
sport,5,1,England 17-18 France England suffered an eighth defeat in 11 Tests as scrum-half Dimitri Yachvili booted France to victory at Twickenham. Two converted tries from Olly Barkley and Josh Lewsey helped the world champions to a 17-6 half-time l
sport,5,1,"Wilkinson to miss Ireland match England will have to take on Ireland in the Six Nations without captain and goal-kicker Jonny Wilkinson, according to his Newcastle boss Rob Andrew. Wilkinson - who had targeted the 27 February match for his "
sport,5,1,"Italy 8-38 Wales Wales secured their first away win in the RBS Six Nations for nearly four years with a six-try victory in Rome. Tries from Jonathan Thomas, Tom Shanklin and Martyn Williams gave the visitors a 19-5 half-time advantage. Luci"
sport,5,1,"D'Arcy injury adds to Ireland woe Gordon D'Arcy has been ruled out of the Ireland team for Saturday's Six Nations clash against Scotland in Murrayfield. Like skipper Brian O'Driscoll, D'Arcy failed to recover from a hamstring injury. The si"
sport,5,1,O'Driscoll out of Scotland game Ireland captain Brian O'Driscoll has been ruled out of Saturday's RBS Six Nations clash against Scotland. O'Driscoll was originally named in the starting line-up but has failed to recover from the hamstring i
sport,5,1,"Tindall aiming to earn Lions spot Bath and England centre Mike Tindall believes he can make this summer's Lions tour, despite missing most of the season through injury. The World Cup winner has been out of action since December, having dama"
sport,5,1,O'Connor aims to grab opportunity Johnny O'Connor is determined to make a big impression when he makes his RBS Six Nations debut for Ireland against Scotland on Saturday. The Wasps flanker replaces Denis Leamy but O'Connor knows that the Mu
sport,5,1,Henman overcomes rival Rusedski Tim Henman saved a match point before fighting back to defeat British rival Greg Rusedski 4-6 7-6 (8-6) 6-4 at the Dubai Tennis Championships on Tuesday. World number 46 Rusedski broke in the ninth game to ta
sport,5,1,"Safin slumps to shock Dubai loss Marat Safin suffered a shock loss to unseeded Nicolas Kiefer in round one of the Dubai Tennis Championships. Playing his first match since winning the Australian Open, Safin showed some good touches but was "
sport,5,1,Ferrero eyes return to top form Former world number one Juan Carlos Ferrero insists he can get back to his best despite a tough start to 2005. The 2003 French Open champion has slipped to 64 in the world after a year of illness and injuries
sport,5,1,"Roddick into San Jose final Andy Roddick will play Cyril Saulnier in the final of the SAP Open in San Jose on Sunday. The American top seed and defending champion overcame Germany's Tommy Haas, the third seed, 7-6 (7-3) 6-3. And Saulnier su"
sport,5,1,Federer claims Dubai crown World number one Roger Federer added the Dubai Championship trophy to his long list of successes - but not before he was given a test by Ivan Ljubicic. Top seed Federer looked to be on course for a easy victory wh
sport,5,1,Young debut cut short by Ginepri Fifteen-year-old Donald Young's first appearance in an ATP tennis tournament proved brief as the teenager went out in round one of the San Jose Open. Young shot to the top of the junior world rankings when h
sport,5,1,"Melzer shocks Agassi Second seed Andre Agassi suffered a comprehensive defeat by Jurgen Melzer in the quarter-finals of the SAP Open. Agassi was often bamboozled by the Austrian's drop shots in San Jose, losing 6-3 6-1. Defending champion a"
sport,5,1,"Federer forced to dig deep Top seed Roger Federer had to save two match points before squeezing past Juan Carlos Ferrero at the Dubai Open. The world number one took two hours 15 minutes to earn his 4-6 6-3 7-6 victory, saving match points "
sport,5,1,"Nadal marches on in Mexico Rafael Nadal continued his run of fine form to beat Guillermo Canas and reach the Mexican Open semis in Acapulco. Eighth seed Nadal, who picked up his second ATP title when he beat Alberto Martin in last week's Br"
sport,5,1,"Hantuchova in Dubai last eight Daniela Hantuchova moved into the quarter-finals of the Dubai Open, after beating Elene Likhotseva of Russia 7-5 6-4, and now faces Serena Williams. Australian Open champion Williams survived an early scare to"
sport,5,1,Parmar ruled out of Davis Cup tie A knee injury has forced Arvind Parmar out of Great Britain's Davis Cup tie in Israel and left Alex Bogdanovic in line to take the second singles place. Parmar picked up the injury last week and has failed 
sport,5,1,"Davenport hits out at Wimbledon World number one Lindsay Davenport has criticised Wimbledon over the issue of equal prize money for women. Reacting to a disputed comment by All England Club chairman Tim Phillips, the American said: ""I think"
sport,5,1,Dogged Federer claims Dubai crown World number one Roger Federer added the Dubai Championship trophy to his long list of successes - but not before he was given a test by Ivan Ljubicic. Top seed Federer looked to be on course for a easy vic
sport,5,1,Henman hopes ended in Dubai Third seed Tim Henman slumped to a straight sets defeat in his rain-interrupted Dubai Open quarter-final against Ivan Ljubicic. The Croatian eighth seed booked his place in the last four with a 7-5 6-4 victory ov
sport,5,1,"Mirza shocks Kuznetsova Sania Mirza continued her remarkable rise with victory over US Open champion Svetlana Kuznetsova at the Dubai Championships on Tuesday. The 18-year-old Indian, who is already a huge star in her home country, won 6-4 "
sport,5,1,"Hantuchova in Dubai last eight Daniela Hantuchova moved into the quarter-finals of the Dubai Open, after beating Elene Likhotseva of Russia 7-5 6-4, and now faces Serena Williams. Australian Open champion Williams survived an early scare to"
sport,5,1,Murray to make Cup history Andrew Murray will become Britain's youngest-ever Davis Cup player after it was confirmed he will play in the doubles against Israel on Saturday. The 17-year-old will play alongside fellow debutant David Sherwood 
sport,5,1,"Davenport hits out at Wimbledon World number one Lindsay Davenport has criticised Wimbledon over the issue of equal prize money for women. Reacting to a disputed comment by All England Club chairman Tim Phillips, the American said: ""I think"
sport,5,1,"Venus stunned by Farina Elia Venus Williams suffered a first-round defeat for the first time in four years at the Dubai Championships. Sylvia Farina Elia, who had lost all nine of her previous meetings with the American fifth seed, won 7-5 "
sport,5,1,Martinez sees off Vinci challenge Veteran Spaniard Conchita Martinez came from a set down to beat Italian Roberta Vinci at the Qatar Open in Doha. The 1994 Wimbledon champion won 5-7 6-0 6-2 to earn a second round meeting with French Open c
sport,5,1,"Serena becomes world number two Serena Williams has moved up five places to second in the world rankings after her Australian Open win. Williams won her first Grand Slam title since 2003 with victory over Lindsay Davenport, the world number"
sport,5,1,"Hingis to make unexpected return Martina Hingis makes her return to competitve tennis after two years out of the game at the Volvo Women's Open in Pattaya, Thailand, on Tuesday. She faces German Marlene Weingartner in the first round. ""As a"
sport,5,1,"Clijsters set for February return Tennis star Kim Clijsters will make her return from a career-threatening injury at the Antwerp WTA event in February. ""Kim had considered returning to action in Paris on 7 February,"" a statement on her webs"
sport,5,1,Hewitt falls to Dent Lleyton Hewitt suffered a shock defeat to Taylor Dent in the quarter-finals of the Australian Hardcourt Championships in Adelaide on Friday. The top seed was a strong favourite for the title but went down 7-6 (7-4) 6-3 
sport,5,1,Angry Williams rejects criticism Serena Williams has angrily rejected claims that she and sister Venus are a declining force in tennis. The sisters ended last year without a Grand Slam title for the first time since 1998. But Serena denied 
sport,5,1,Davenport dismantles young rival Top seed Lindsay Davenport booked her place in the last 16 of the Australian Open with a convincing 6-2 6-4 win over Nicole Vaidisova of the Czech Republic. The American had too much power for her 15-year-ol
sport,5,1,"Serena ends Sania Mirza's dream Sania Mirza, the first Indian woman to reach the third round of a Grand Slam tennis event, has lost to women's favourite Serena Williams. The 18-year-old Mirza, who got a wild card entry into the Australian O"
sport,3,1,"Kuznetsova 'failed a drugs test' US Open champion Svetlana Kuznetsova has tested positive for a banned drug, according to Belgian authorities. Belgian sports minister Claude Eerdekens said that the Russian world number five tested positive "
sport,5,1,What now for British tennis? Tim Henman's decision to quit Davis Cup tennis has left the British team with a gargantuan void to fill. The world number seven is tied for fourth among his countrymen for wins in the history of the tournament (
sport,5,1,Hewitt overcomes wobble in Sydney Lleyton Hewitt gave himself the perfect preparation for next week's Australian Open with victory over Ivo Minar in the final of the Sydney International. The defending champion brushed aside the Czech quali
sport,5,1,"Moya fights back for Indian title Carlos Moya became the first man to successfully defend the Chennai Open title by beating four-times finalist Paradorn Srichaphan 3-6 6-4 7-6 (7/5). The Spaniard then donated his Â£28,000 prize money to rel"
sport,5,1,"Rochus shocks Coria in Auckland Top seed Guillermo Coria went out of the Heineken Open in Auckland on Thursday with a surprise loss to Olivier Rochus of Belgium. Coria lost the semi-final 6-4 6-4 to Rochus, who goes on to face Czech Jan Her"
sport,5,1,"Johansson takes Adelaide victory Second seed Joachim Johansson won his second career title with a 7-5 6-3 win over Taylor Dent at the Australian hardcourt championships in Adelaide. The Swede was made to graft, American Dent surviving three"
sport,5,1,Hingis hints at playing comeback Martina Hingis has admitted that she might consider a competitive return to tennis if an appearance in Thailand later this month goes well. The former world number one will play at the Volvo Women's Open in 
sport,5,1,"Slovakia seal Hopman Cup success Slovakia clinched the Hopman Cup for the second time by beating Argentina 3-0 in Saturday's final in Perth. Daniela Hantuchova put the third seeds ahead, recovering from a terrible start to beat Gisela Dulko"
sport,5,1,"Dementieva prevails in Hong Kong Elena Dementieva swept aside defending champion Venus Williams 6-3 6-2 to win Hong Kong's Champions Challenge event. The Russian, ranked sixth in the world, broke Williams three times in the first set, while"
sport,5,1,"Injury sidelines Philippoussis Mark Philippoussis withdrew from the Sydney International tennis tournament as expected on Sunday after suffering a groin injury during the Hopman Cup. His participation in the Australian Open, which begins on"
sport,5,1,Hewitt falls to Dent in Adelaide Lleyton Hewitt suffered a shock defeat to Taylor Dent in the quarter-finals of the Australian Hardcourt Championships in Adelaide on Friday. The top seed was a strong favourite for the title but went down 7-
sport,5,1,Federer breezes into semi-finals Roger Federer reached the last four of the Qatar Open with an easy 6-1 6-2 win over seventh seed Feliciano Lopez. The Swiss world number one reeled off a series winners to outclass the Spaniard and set up a 
sport,5,1,"Davenport puts retirement on hold Lindsay Davenport has put any talk of retirement on hold after having a largely injury-free 2004 campaign. The 28-year-old world number one had said that she would quit at the end of last year, but after a "
sport,5,1,"Rusedski angry over supplements Greg Rusedski has criticised the governing body of men's tennis for not releasing contamination-free supplements in time for the new season. Rusedski said: ""I tried to order some but didn't receive any and I "
sport,5,1,"Navratilova hits out at critics Martina Navratilova has defended her decision to prolong her tennis career at the age of 48. Navratilova, who made a comeback after retiring in 1994, will play doubles and mixed doubles events in 2005. ""Women"
sport,5,1,Prodigy Monfils blows away Gaudio French prodigy Gael Monfils underlined his huge promise by beating French Open champion Gaston Gaudio 6-4 7-6 (7-4) in the first round of the Qatar Open. The 18-year-old wild card won three of the four juni
sport,5,1,Connors boost for British tennis Former world number one Jimmy Connors is planning a long-term relationship with the Lawn Tennis Association to help unearth the next Tim Henman. The American spent three days at the LTA's annual Elite Perfor
sport,5,1,"Henin-Hardenne beaten on comeback Justine Henin-Hardenne lost to Elena Dementieva in a comeback exhibition match in Belgium on Sunday for her second defeat in two days. And the Belgian, who has slipped to eight in the world after struggling"
sport,5,1,Moya clinches Cup for Spain Spain won the Davis Cup for the second time in their history when Carlos Moya beat the USA's Andy Roddick in the fourth rubber in Seville. Moya won 6-2 7-6 (7-1) 7-6 (7-5) to give the hosts an unassailable 3-1 le
sport,5,1,"Capriati to miss Melbourne Jennifer Capriati has become the third leading lady to withdraw from the Australian Open because of injury. The organisers of the first grand slam of 2005, which begins on 17 January, said the American has a probl"
sport,5,1,Classy Henman makes winning start Tim Henman opened his 2005 campaign with a 6-1 7-5 victory over Argentine David Nalbandian at the Kooyong Classic exhibition tournament on Wednesday. The British number one will next play Roger Federer at t
sport,5,1,Moya emotional after Davis Cup win Carlos Moya described Spain's Davis Cup victory as the highlight of his career after he beat Andy Roddick to end the USA's challenge in Seville. Moya made up for missing Spain's 2000 victory through injury
sport,5,1,Moya emotional at Davis Cup win Carlos Moya described Spain's Davis Cup victory as the highlight of his career after he beat Andy Roddick to end the USA's challenge in Seville. Moya made up for missing Spain's 2000 victory through injury by
sport,5,1,"Capriati out of Australian Open Jennifer Capriati has become the third leading lady to withdraw from the Australian Open because of injury. The organisers of the first grand slam of 2005, which begins on 17 January, said the American has a "
sport,5,1,"Bryan twins keep US hopes alive The United States kept the Davis Cup final alive with victory in Saturday's doubles rubber, leaving Spain 2-1 ahead going into the final day. Masters Cup champions Mike and Bob Bryan thrashed Juan Carlos Ferr"
sport,5,1,"Faultless Federer has no equal Roger Federer - nice bloke, fantastic tennis player - the ultimate sportsman. When Lleyton Hewitt shook his hand after getting another thrashing, a third in as many months, the Australian said; ""You're the bes"
sport,5,1,"Mauresmo opens with victory in LA Amelie Mauresmo and Maria Sharapova won their opening matches at the Tour Championships in Los Angeles. France's Mauresmo routed Vera Zvonareva 6-1 6-0, while Wimbledon champion Sharapova was a 6-1 6-4 winn"
sport,5,1,Agassi fear for Melbourne Andre Agassi's involvement in the Australian Open was put in doubt after he pulled out of the Kooyong Classic with a hip injury. Agassi was serving at 5-6 down in the first set to fellow American Andy Roddick when 
sport,5,1,"Henman to face Saulnier test British number one Tim Henman will face France's Cyril Saulnier in the first round of next week's Australian Open. Greg Rusedski, the British number two, is in the same quarter of the draw and could face Andy Ro"
sport,5,1,Moya suffers shock loss Fifth seed Carlos Moya was the first big name to fall at the Australian Open as he went down to fellow Spaniard Guillermo Garcia-Lopez on Monday. Moya began the year with victory at the Chennai Open but looked out of
sport,5,1,"Clijsters hope on Aussie Open Kim Clijsters has denied reports that she has pulled out of January's Australian Open because of her persistent wrist injury. Open chief Paul McNamee had said: ""Kim's wrist obviously isn't going to be rehabilit"
sport,5,1,"Clijsters could play Aussie Open Kim Clijsters has denied reports that she has pulled out of January's Australian Open because of her persistent wrist injury. Open chief Paul McNamee had said: ""Kim's wrist obviously isn't going to be rehabi"
sport,5,1,"Edgy Agassi struggles past Dent Andre Agassi put in an erratic display before edging into the fourth round of the Australian Open with victory over Taylor Dent. The 34-year-old American, seeded eighth, made a poor start, dropping serve earl"
sport,5,1,Roddick splits from coach Gilbert Andy Roddick has ended an 18-month association with coach Brad Gilbert which yielded the US Open title and saw the American become world number one. Roddick released a statement through the SFX Sports Group
sport,5,1,"Roddick in talks over new coach Andy Roddick is reportedly close to confirming US Davis Cup assistant Dean Goldfine as his new coach. Roddick ended his 18-month partnership with Brad Gilbert on Monday, and Goldfine admits talks have taken p"
sport,5,1,Hewitt survives Nalbandian epic Home favourite Lleyton Hewitt came through a dramatic five-set battle with Argentine David Nalbandian to reach the Australian Open semi-finals. Hewitt looked to be cruising to victory after racing into a two-
sport,5,1,"Sydney return for Henin-Hardenne Olympic champion Justine Henin-Hardenne will return to action in January's Sydney International tournament. The Belgian has not competed since losing her top world ranking at the US Open in September, where "
sport,5,1,Koubek suspended after drugs test Stefan Koubek says he has been banned for three months by the International Tennis Federation (ITF) after testing positive for a banned substance. The world number 60 failed a routine drugs test at this yea
sport,5,1,Hewitt fights back to reach final Lleyton Hewitt kept his dream of an Australian Open title alive with a four-set win over Andy Roddick in Friday's second semi-final. The home favourite will face Marat Safin in Sunday's final after coming t
sport,5,1,"Officials respond in court row Australian tennis' top official has defended the Australian Open courts at Melbourne Park after criticism of the playing surface by Lleyton Hewitt. Hewitt said he had had a ""gutful"" of trying to persuade them "
sport,5,1,"Williams battles to Aussie title Serena Williams staged a remarkable recovery to beat Lindsay Davenport and win her second Australian Open title. The 2003 champion claimed her seventh Grand Slam title, and her first since Wimbledon in 2003,"
sport,5,1,"Safin cool on Wimbledon Newly-crowned Australian Open champion Marat Safin has ruled out any chance of winning Wimbledon in the future. After losing in round one last year, Safin said he had ""given up"" on Wimbledon and winning his second Gr"
sport,5,1,"Safin plays down Wimbledon hopes Newly-crowned Australian Open champion Marat Safin has ruled out any chance of winning Wimbledon in the future. After losing in round one last year, Safin said he had ""given up"" on Wimbledon and winning his "
sport,5,1,Nadal puts Spain 2-0 up Result: Nadal 6-7 (6/8) 6-2 7-6 (8/6) 6-2 Roddick Spain's Rafael Nadal beats Andy Roddick of the USA in the second singles match rubber of the 2004 Davis Cup final in Seville. Spain lead 1-0 after Carlos Moya beat Ma
sport,5,1,"Henman & Murray claim LTA awards Tim Henman was named player of the year for 2004 by the Lawn Tennis Association at Wimbledon on Monday. The Briton was recognised for the best year of his career, which saw him reach the semis at the French "
sport,5,1,"Connors' rallying cry for British tennis ""Do you have it in your heart? How much guts do you have? How much do you hate to lose?"" These are the questions Jimmy Connors will be asking of Britain's brightest tennis hopes in the months, and po"
sport,5,1,"Roche 'turns down Federer offer' Australian tennis coach Tony Roche has turned down an approach from Roger Federer to be the world number one's new full-time coach, say reports. Melbourne's Herald-Sun said Roche, troubled by a hip complaint"
sport,5,1,"Federer joins all-time greats The last year has seen one player dominate men's tennis, and one country dominate the women's game. Roger Federer became the first man since Mats Wilander in 1988 to win three Grand Slams in one season. And aft"
sport,5,1,Philippoussis doubt over Open bid Mark Philippoussis is almost certain to miss the Australian Open after suffering a groin injury during the Hopman Cup loss to the Netherlands. The 28-year-old suffered two tears to the adductor muscle and w
sport,5,1,Slovakia reach Hopman Cup final Slovakia will play Argentina in the final of the Hopman Cup after beating Group B rivals the Netherlands 3-0. Daniela Hantuchova defeated Michaella Krajicek 6-4 6-2 to give the Slovaks the perfect start befor
sport,5,1,Dent continues Adelaide progress American Taylor Dent reached the final of the Australian hardcourt event in Adelaide with a crushing 6-1 6-1 win over Argentine Juan Ignacio Chela. Dent will meet Swede Joachim Johansson on Sunday after the 
sport,5,1,"Moya sidesteps Davis Cup in 2005 Carlos Moya has chosen not to help Spain try and defend the Davis Cup crown they won in Seville in November. Moya led Spain to victory over the USA but wants to focus on the Grand Slams in 2005, although ins"
sport,5,1,"Henman decides to quit Davis Cup Tim Henman has retired from Great Britain's Davis Cup team. The 30-year-old, who made his Davis Cup debut in 1994, is now set to fully focus on the ATP Tour and on winning his first Grand Slam event. ""I've m"
sport,5,1,Ivanovic seals Canberra victory Serbia's Ana Ivanovic captured her first WTA title with a straight-sets victory over Hungarian Melinda Czink in the final of the Canberra Classic. The 17-year-old took 83 minutes to take the match 7-5 6-1. Iv
sport,4,1,Minister digs in over doping row The Belgian sports minister at the centre of the Svetlana Kuznetsova doping row says he will not apologise for making allegations against her. Claude Eerdekens claims the US Open champion tested positive for
sport,5,1,"Safin relieved at Aussie recovery Marat Safin admitted he thought he was suffering another Australian Open final nightmare when he lost the opening set to Lleyton Hewitt. The Russian, who lost the 2002 and 2004 finals, fought back brilliant"
sport,5,1,"Veteran Martinez wins Thai title Conchita Martinez won her first title in almost five years with victory over Anna-Lena Groenefeld at the Volvo Women's Open in Pattaya, Thailand. The 32-year-old Spaniard came through 6-3 3-6 6-3 for her fir"
sport,5,1,Soderling wins tense Milan final Fifth seed Robin Soderling took the Milan Indoors title with a dramatic win over Radek Stepanek in Sunday's final. The 20-year-old Swede edged the final set tie-break for a 6-3 6-7 (2-7) 7-6 (7-5) victory an
sport,5,1,"Rusedski forced out in Marseille Greg Rusedski was forced to withdraw from the Open 13 in Marseille on Thursday with a rib injury. The British number two had been scheduled to play qualifier Sebastien de Chaunac, who beat world number five "
sport,5,1,Big guns ease through in San Jose Top-seeded Americans Andy Roddick and Andre Agassi survived minor scares to reach the last eight of the SAP Open. Agassi endured early problems against left-handed Dane Kenneth Carlsen before sealing a 7-5 
sport,5,1,"Almagro continues Spanish surge Unseeded Nicolas Almagro became the fifth Spaniard to reach the last eight at the Buenos Aires Open, ousting eighth seed Mariano Zabaleta. He showed admirable resolve to win a rain-affected match 6-7 6-4 6-4."
sport,5,1,"Melzer shocks Agassi in San Jose Second seed Andre Agassi suffered a comprehensive defeat by Jurgen Melzer in the quarter-finals of the SAP Open. Agassi was often bamboozled by the Austrian's drop shots in San Jose, losing 6-3 6-1. Defendin"
sport,5,1,"Mirza makes Indian tennis history Teenager Sania Mirza completed a superb week at the Hyderabad Open by becoming the first Indian in history to win a WTA singles title. In front of a delirious home crowd, the 18-year-old battled past Alyona"
sport,5,1,"Roddick to face Saulnier in final Andy Roddick will play Cyril Saulnier in the final of the SAP Open in San Jose on Sunday. The American top seed and defending champion overcame Germany's Tommy Haas, the third seed, 7-6 (7-3) 6-3. ""I was fe"
tech,1,2,"Ink helps drive democracy in Asia The Kyrgyz Republic, a small, mountainous state of the former Soviet republic, is using invisible ink and ultraviolet readers in the country's elections as part of a drive to prevent multiple voting. This n"
tech,2,3,"China net cafe culture crackdown Chinese authorities closed 12,575 net cafes in the closing months of 2004, the country's government said. According to the official news agency most of the net cafes were closed down because they were operat"
tech,2,3,Microsoft seeking spyware trojan Microsoft is investigating a trojan program that attempts to switch off the firm's anti-spyware software. The spyware tool was only released by Microsoft in the last few weeks and has been downloaded by six 
tech,2,3,"Digital guru floats sub-$100 PC Nicholas Negroponte, chairman and founder of MIT's Media Labs, says he is developing a laptop PC that will go on sale for less than $100 (Â£53). He told the BBC World Service programme Go Digital he hoped it "
tech,2,3,Technology gets the creative bug The hi-tech and the arts worlds have for some time danced around each other and offered creative and technical help when required. Often this help has come in the form of corporate art sponsorship or infrast
tech,2,3,"Wi-fi web reaches farmers in Peru A network of community computer centres, linked by wireless technology, is providing a helping hand for poor farmers in Peru. The pilot scheme in the Huaral Valley, 80 kilometres north of the capital Lima, "
tech,2,3,"Microsoft releases bumper patches Microsoft has warned PC users to update their systems with the latest security fixes for flaws in Windows programs. In its monthly security bulletin, it flagged up eight ""critical"" security holes which coul"
tech,2,3,Virus poses as Christmas e-mail Security firms are warning about a Windows virus disguising itself as an electronic Christmas card. The Zafi.D virus translates the Christmas greeting on its subject line into the language of the person recei
tech,2,3,"Apple laptop is 'greatest gadget' The Apple Powerbook 100 has been chosen as the greatest gadget of all time, by US magazine Mobile PC. The 1991 laptop was chosen because it was one of the first ""lightweight"" portable computers and helped d"
tech,2,3,Google's toolbar sparks concern Search engine firm Google has released a trial tool which is concerning some net users because it directs people to pre-selected commercial websites. The AutoLink feature comes with Google's latest toolbar an
tech,2,3,"UK net users leading TV downloads British TV viewers lead the trend of illegally downloading US shows from the net, according to research. New episodes of 24, Desperate Housewives and Six Feet Under, appear on the web hours after they are s"
tech,2,3,IBM puts cash behind Linux push IBM is spending $100m (Â£52m) over the next three years beefing up its commitment to Linux software. The cash injection will be used to help its customers use Linux on every type of device from handheld compu
tech,2,4,"UK pioneers digital film network The world's first digital cinema network will be established in the UK over the next 18 months. The UK Film Council has awarded a contract worth Â£11.5m to Arts Alliance Digital Cinema (AADC), who will set u"
tech,1,3,EU software patent law faces axe The European Parliament has thrown out a bill that would have allowed software to be patented. Politicians unanimously rejected the bill and now it must go through another round of consultation if it is to h
tech,2,3,"Xbox power cable 'fire fear' Microsoft has said it will replace more than 14 million power cables for its Xbox consoles due to safety concerns. The company said the move was a ""preventative step"" after reports of fire hazard problems with t"
tech,2,3,Global blogger action day called The global web blog community is being called into action to lend support to two imprisoned Iranian bloggers. The month-old Committee to Protect Bloggers' is asking those with blogs to dedicate their sites o
tech,2,3,"Finding new homes for old phones Re-using old mobile phones is not just good for the environment, it has social benefits too. Research has found that in some developing nations old mobile phones can help close the digital divide. The Forum "
tech,2,3,"PlayStation 3 chip to be unveiled Details of the chip designed to power Sony's PlayStation 3 console will be released in San Francisco on Monday. Sony, IBM and Toshiba, who have been working on the Cell processor for three years, will unvei"
tech,2,3,Intel unveils laser breakthrough Intel has unveiled research that could mean data is soon being moved around chips at the speed of light. Scientists at Intel have overcome a fundamental problem that before now has prevented silicon being us
tech,2,3,Security scares spark browser fix Microsoft is working on a new version of its Internet Explorer web browser. The revamp has been prompted by Microsoft's growing concern with security as well as increased competition from rival browsers. Mi
tech,2,3,"Britons fed up with net service A survey conducted by PC Pro Magazine has revealed that many Britons are unhappy with their internet service. They are fed up with slow speeds, high prices and the level of customer service they receive. 17% "
tech,2,3,Sun offers processing by the hour Sun Microsystems has launched a pay-as-you-go service which will allow customers requiring huge computing power to rent it by the hour. Sun Grid costs users $1 (53p) for an hour's worth of processing and st
tech,2,3,Lasers help bridge network gaps An Indian telecommunications firm has turned to lasers to help it overcome the problems of setting up voice and data networks in the country. Tata Teleservices is using the lasers to make the link between cus
tech,2,3,"Game firm holds 'cast' auditions Video game firm Bioware is to hold open auditions for people to become cast members for future games. The company, which makes role playing games such as Knights of the Old Republic and Neverwinter Nights, i"
tech,2,3,"Sony PSP console hits US in March US gamers will be able to buy Sony's PlayStation Portable from 24 March, but there is no news of a Europe debut. The handheld console will go on sale for $250 (Â£132) and the first million sold will come wi"
tech,2,3,"Warnings about junk mail deluge The amount of spam circulating online could be about to undergo a massive increase, say experts. Anti-spam group Spamhaus is warning about a novel virus which hides the origins of junk mail. The program makes"
tech,2,3,Warning over tsunami aid website Net users are being told to avoid a scam website that claims to collect cash on behalf of tsunami victims. The site looks plausible because it uses an old version of the official Disasters Emergency Committe
tech,2,3,Piero gives rugby perspective BBC Sport unveils its new analysis tool Piero at the Wales v England rugby union match on Saturday. But what does it do and how does it work? Picture the scene - Wales are camped on the England line in the dyin
tech,2,3,Open source leaders slam patents The war of words between Microsoft and the open source movement heated up this week as Linux founder Linus Torvalds led an attack on software patents. In a panel discussion at a Linux summit in California Mr
tech,1,3,Reboot ordered for EU patent law A European Parliament committee has ordered a rewrite of the proposals for controversial new European Union rules which govern computer-based inventions. The Legal Affairs Committee (JURI) said the Commissio
tech,2,3,"Solutions to net security fears Fake bank e-mails, or phishing, and stories about ID theft are damaging the potential of using the net for online commerce, say e-business experts. Trust in online security is falling as a result. Almost 70% "
tech,2,3,Mobile networks seek turbo boost Third-generation mobile (3G) networks need to get faster if they are to deliver fast internet surfing on the move and exciting new services. That was one of the messages from the mobile industry at the 3GSM 
tech,3,3,"Global digital divide 'narrowing' The ""digital divide"" between rich and poor nations is narrowing fast, according to a World Bank report. The World Bank questioned a United Nation's campaign to increase usage and access to technology in poo"
tech,2,3,"UK gets official virus alert site A rapid alerting service that tells home computer users about serious internet security problems is being launched by the UK government. The service, IT Safe, will issue warnings about damaging viruses, sof"
tech,1,3,Iran jails blogger for 14 years An Iranian weblogger has been jailed for 14 years on charges of spying and aiding foreign counter-revolutionaries. Arash Sigarchi was arrested last month after using his blog to criticise the arrest of other 
tech,2,3,Microsoft seeking spyware trojan Microsoft is investigating a trojan program that attempts to switch off the firm's anti-spyware software. The spyware tool was only released by Microsoft in the last few weeks and has been downloaded by six 
tech,2,3,"US woman sues over cartridges A US woman is suing Hewlett Packard (HP), saying its printer ink cartridges are secretly programmed to expire on a certain date. The unnamed woman from Georgia says that a chip inside the cartridge tells the pr"
tech,2,3,Movie body hits peer-to-peer nets The movie industry has struck out at file-sharing networks with another round of lawsuits in the US. The Motion Picture Association of America (MPAA) also said it had succeeded in getting a network called L
tech,2,3,Security warning over 'FBI virus' The US Federal Bureau of Investigation is warning that a computer virus is being spread via e-mails that purport to be from the FBI. The e-mails show that they have come from an fbi.gov address and tell rec
tech,2,3,Apple iPod family expands market Apple has expanded its iPod family with the release of its next generation of the digital music players. Its latest challenges to the growing digital music gadget market include an iPod mini model which can 
tech,2,3,"T-Mobile bets on 'pocket office' T-Mobile has launched its latest ""pocket office"" third-generation (3G) device which also has built-in wi-fi - high-speed wireless net access. Unlike other devices where the user has to check which high-speed"
tech,2,3,Hotspot users gain free net calls People using wireless net hotspots will soon be able to make free phone calls as well as surf the net. Wireless provider Broadreach and net telephony firm Skype are rolling out a service at 350 hotspots aro
tech,2,3,DVD copy protection strengthened DVDs will be harder to copy thanks to new anti-piracy measures devised by copy protection firm Macrovision. The pirated DVD market is enormous because current copy protection was hacked more than five years 
tech,2,3,Apple attacked over sources row Civil liberties group the Electronic Frontier Foundation (EFF) has joined a legal fight between three US online journalists and Apple. Apple wants the reporters to reveal 20 sources used for stories which lea
tech,2,3,"Sony PSP tipped as a 'must-have' Sony's Playstation Portable is the top gadget for 2005, according to a round-up of ultimate gizmos compiled by Stuff Magazine. It beats the iPod into second place in the Top Ten Essentials list which predict"
tech,4,4,BBC leads interactive Bafta wins The BBC and the National Theatre have led the field at this year's Interactive Bafta awards. The National Theatre's Stagework website picked up the prize for best learning as well as top factual site. The BB
tech,2,3,"Millions buy MP3 players in US One in 10 adult Americans - equivalent to 22 million people - owns an MP3 player, according to a survey. A study by the Pew Internet and American Life Project found that MP3 players are the gadget of choice am"
tech,1,3,'No re-draft' for EU patent law A proposed European law on software patents will not be re-drafted by the European Commission (EC) despite requests by MEPs. The law is proving controversial and has been in limbo for a year. Some major tech 
tech,2,3,"Domain system scam fear A system to make it easier to create website addresses using alphabets like Cyrillic could open a back door for scammers, a trade body has warned. The Internationalised Domain Names system has been a work in progress"
tech,2,3,"Cheaper chip for mobiles A mobile phone chip which combines a modem and a computer processor on one bit of silicon instead of two could make phones cheaper and more powerful. The specially-designed chip, developed by Texas Instruments, coul"
tech,2,3,"Blind student 'hears in colour' A blind student has developed software that turns colours into musical notes so that he can read weather maps. Victor Wong, a graduate student from Hong Kong studying at Cornell University in New York State, "
tech,2,3,"Xbox 2 may be unveiled in summer Details of the next generation of Microsoft's Xbox games console - codenamed Xenon - will most likely be unveiled in May, according to reports. It was widely expected that gamers would get a sneak preview of"
tech,2,3,Microsoft launches its own search Microsoft has unveiled the finished version of its home-grown search engine. The now formally launched MSN search site takes the training wheels off the test version unveiled in November 2003. The revamped 
tech,2,3,Moving mobile improves golf swing A mobile phone that recognises and responds to movements has been launched in Japan. The motion-sensitive phone - officially titled the V603SH - was developed by Sharp and launched by Vodafone's Japanese di
tech,2,3,"Junk e-mails on relentless rise Spam traffic is up by 40%, putting the total amount of e-mail that is junk up to an astonishing 90%. The figures, from e-mail management firm Email Systems, will alarm firms attempting to cope with the amount"
tech,2,1,Sporting rivals go to extra time The current slew of sports games offers unparalleled opportunities for fans who like to emulate on-field action without ever moving from the couch. The two giants in the field - ESPN and EA Sports - have bee
tech,4,4,"Half-Life 2 sweeps Bafta awards PC first person shooter Half-Life 2 has won six Bafta Awards, including best game and best online game. The title, developed by Valve, was released last year to universal acclaim - receiving special praise fo"
tech,2,3,BT boosts its broadband packages British Telecom has said it will double the broadband speeds of most of its home and business customers. The increased speeds will come at no extra charge and follows a similar move by internet service provi
tech,2,3,"Mobiles 'not media players yet' Mobiles are not yet ready to be all-singing, all-dancing multimedia devices which will replace portable media players, say two reports. Despite moves to bring music download services to mobiles, people do not"
tech,2,3,"Microsoft releases patches Microsoft has warned PC users to update their systems with the latest security fixes for flaws in Windows programs. In its monthly security bulletin, it flagged up eight ""critical"" security holes which could leave"
tech,2,3,"Concern over RFID tags Consumers are very concerned about the use of radio frequency ID (RFID) tags in shops, a survey says. More than half of 2,000 people surveyed said they had privacy worries about the tags, which can be used to monitor "
tech,2,3,"Ask Jeeves joins web log market Ask Jeeves has bought the Bloglines website to improve the way it handles content from web journals or blogs. The Bloglines site has become hugely popular as it gives users one place in which to read, search "
tech,2,3,"Digital guru floats sub-$100 PC Nicholas Negroponte, chairman and founder of MIT's Media Labs, says he is developing a laptop PC that will go on sale for less than $100 (Â£53). He told the BBC World Service programme Go Digital he hoped it "
tech,2,3,"Looks and music to drive mobiles Mobile phones are still enjoying a boom time in sales, according to research from technology analysts Gartner. More than 674 million mobiles were sold last year globally, said the report, the highest total s"
tech,2,3,"Yahoo celebrates a decade online Yahoo, one of the net's most iconic companies, is celebrating its 10th anniversary this week. The web portal has undergone remarkable change since it was set up by Stanford University students David Filo and"
tech,2,3,Kenyan school turns to handhelds At the Mbita Point primary school in western Kenya students click away at a handheld computer with a stylus. They are doing exercises in their school textbooks which have been digitised. It is a pilot projec
tech,2,3,Tough rules for ringtone sellers Firms that flout rules on how ringtones and other mobile extras are sold could be cut off from all UK phone networks. The rules allow offenders to be cut off if they do not let consumers know exactly what th
tech,2,3,"Creator of first Apple Mac dies Jef Raskin, head of the team behind the first Macintosh computer, has died. Mr Raskin was one of the first employees at Apple and made many of the design decisions that made the Mac so distinctive when it was"
tech,2,3,'Friends fear' with lost mobiles People are becoming so dependent on their mobile phones that one in three are concerned that losing their phone would mean they lose their friends. More than 50% of mobile owners reported they had had their 
tech,2,3,"Telewest to challenge Sky Plus Cable firm Telewest is to offer a personal video recorder (PVR) in a set -top box to challenge Sky Plus. Sky Plus is the market leader in the field of digital video recorders in the UK, with 474,000 subscriber"
tech,2,3,"Games enter the classroom Video games could soon be transplanted from their natural habitat to the more academic atmosphere of the classroom. With violent titles continuing to top the charts, gaming and learning have not always sat well tog"
tech,2,3,Gadget growth fuels eco concerns Technology firms and gadget lovers are being urged to think more about the environment when buying and disposing of the latest hi-tech products. At the Consumer Electronics Show in Las Vegas earlier this mon
tech,2,3,"'Evil twin' fear for wireless net People using wireless high-speed net (wi-fi) are being warned about fake hotspots, or access points. The latest threat, nicknamed evil twins, pose as real hotspots but are actually unauthorised base station"
tech,2,3,"China 'to overtake US net use' The Chinese net-using population looks set to exceed that of the US in less than three years, says a report. China's net users number 100m but this represents less than 8% of the country's 1.3 billion people. "
tech,2,3,US peer-to-peer pirates convicted The first convictions for piracy over peer-to-peer networks have been handed down in the US. New Yorker William Trowbridge and Texan Michael Chicoine have pleaded guilty to charges that they infringed copyr
tech,2,3,"Google launches TV search service The net search giant Google has launched a search service that lets people look for TV programmes. The service, Google Video beta, searches closed caption information that comes with programmes. It only sea"
tech,2,3,"Rich pickings for hi-tech thieves Viruses, trojans and other malicious programs sent on to the net to catch you out are undergoing a subtle change. The shift is happening as tech savvy criminals turn to technology to help them con people ou"
tech,2,3,"Blog reading explodes in America Americans are becoming avid blog readers, with 32 million getting hooked in 2004, according to new research. The survey, conducted by the Pew Internet and American Life Project, showed that blog readership h"
tech,2,3,Software watching while you work Software that can not only monitor every keystroke and action performed at a PC but also be used as legally binding evidence of wrong-doing has been unveiled. Worries about cyber-crime and sabotage have prom
tech,2,3,New delay hits EU software laws A fresh delay has hit controversial new European Union rules which govern computer-based inventions. The draft law was not adopted by EU ministers as planned at a Brussels meeting on Monday during which it wa
tech,2,3,"Savvy searchers fail to spot ads Internet search engine users are an odd mix of naive and sophisticated, suggests a report into search habits. The report by the US Pew Research Center reveals that 87% of searchers usually find what they wer"
tech,2,3,"Games firms 'face tough future' UK video game firms face a testing time as they prepare for the next round of games consoles, the industry warns. Fred Hasson, head of Tiga, which represents independent developers, said that more UK firms wo"
tech,2,3,Microsoft makes anti-piracy move Microsoft says it is clamping down on people running pirated versions of its Windows operating system by restricting their access to security features. The Windows Genuine Advantage scheme means people will 
tech,2,3,"Nintendo handheld given Euro date Nintendo's new handheld console, the DS, will launch in Europe on 11 March, the company has announced. The portable games machine, which features touch-screen control, will retail for Â£99 in the UK (149 eu"
tech,2,3,"Smart search lets art fans browse If you don't know art but know what you like, new search technology could prove a useful gateway to painting. ArtGarden, developed by BT's research unit, is being tested by the Tate as a new way of browsing"
tech,2,3,"Warning over Windows Word files Writing a Microsoft Word document can be a dangerous business, according to document security firm Workshare. Up to 75% of all business documents contained sensitive information most firms would not want expo"
tech,2,3,"Net regulation 'still possible' The blurring of boundaries between TV and the internet raises questions of regulation, watchdog Ofcom has said. Content on TV and the internet is set to move closer this year as TV-quality video online become"
tech,2,4,"Voters flock to blog awards site Voting is under way for the annual Bloggies which recognise the best web blogs - online spaces where people publish their thoughts - of the year. Nominations were announced on Sunday, but traffic to the offi"
tech,2,3,"Latest Opera browser gets vocal Net browser Opera 8.0, due for official release at the end of next month, will be ""the most accessible browser on the market"", according to its authors. The latest version of the net browser can be controlled"
tech,2,3,Web radio takes Spanish rap global Spin the radio dial in the US and you are likely to find plenty of Spanish-language music. But what you will not find is much Spanish-language hip-hop. Hip-hop and rap are actually quite popular in the Spa
tech,2,3,"Movie body targets children's PCs The body that represents the US movie industry has released its latest tool in its campaign to clamp down on movie file-sharing, aimed at parents. The Movie Association for America's (MPAA) free Parent File"
tech,2,3,"Norway upholds 'Napster' ruling A Norwegian student who ran a website which linked to downloadable MP3 files has been ordered to pay compensation by the country's Supreme Court. Frank Allan Bruvik was ordered to pay 100,000 kroner (Â£8,000)"
tech,2,3,"The future in your pocket If you are a geek or gadget fan, the next 12 months look like they are going to be a lot of fun. The relentless pace of development in the hi-tech world and rampant competition in many of its sectors, particularly "
tech,2,4,"What high-definition will do to DVDs First it was the humble home video, then it was the DVD, and now Hollywood is preparing for the next revolution in home entertainment - high-definition. High-definition gives incredible, 3D-like pictures"
tech,2,3,Mobile games come of age The BBC News website takes a look at how games on mobile phones are maturing. A brief round-up follows but you can skip straight to the reviews by clicking on the links below. If you think of Snake when some mention
tech,2,3,"California sets fines for spyware The makers of computer programs that secretly spy on what people do with their home PCs could face hefty fines in California. From 1 January, a new law is being introduced to protect computer users from sof"
tech,2,3,Web helps collect aid donations The web is helping aid agencies gather resources to help cope with the aftermath of the tsunami disaster. Many people are making donations via websites or going online to see how they can get involved with ai
tech,2,3,Mobiles rack up 20 years of use Mobile phones in the UK are celebrating their 20th anniversary this weekend. Britain's first mobile phone call was made across the Vodafone network on 1 January 1985 by veteran comedian Ernie Wise. In the 20 
tech,2,3,"Blogs take on the mainstream Web logs or blogs are everywhere, with at least an estimated five million on the web and that number is set to grow. These online diaries come in many shapes and styles, ranging from people willing to sharing th"
tech,2,1,Honour for UK games maker Leading British computer games maker Peter Molyneux has been made an OBE in the New Year Honours list. The head of Surrey's Lionhead Studios was granted the honour for services to the computer games industry. Mr Mo
tech,2,3,Bush website blocked outside US Surfers outside the US have been unable to visit the official re-election site of President George W Bush. The blocking of browsers sited outside the US began in the early hours of Monday morning. Since then 
tech,2,3,"Blogger grounded by her airline A US airline attendant is fighting for her job after she was suspended over postings on her blog, or online diary. Queen of the Sky, otherwise known as Ellen Simonetti, evolved into an anonymous semi-fictiona"
tech,2,3,"Camera phones are 'must-haves' Four times more mobiles with cameras in them will be sold in Europe by the end of 2004 than last year, says a report from analysts Gartner. Globally, the number sold will reach 159 million, an increase of 104%"
tech,2,3,"Games 'deserve a place in class' Computer games could enhance learning and have a legitimate place in the classroom, say researchers. Academics from the Institute of Education at London University found that ""games literacy"" was a key skill"
tech,2,3,Nuclear body seeks new tech The computer systems used to monitor the world's nuclear power installations are so outdated that they are hampering the work of inspectors. A spokesman for the International Atomic Energy Agency (IAEA) said its 
tech,2,3,Web logs aid disaster recovery Some of the most vivid descriptions of the devastation in southern Asia are on the internet - in the form of web logs or blogs. Bloggers have been offering snapshots of information from around the region and a
tech,2,3,"Pandas benefit from wireless net The world's dwindling panda population is getting a helping hand from a wireless internet network. The Wolong Nature Reserve in the Sichuan Province of southwest China is home to 20% of the remaining 1,500 g"
tech,2,3,Search wars hit desktop PCs Another front in the on-going battle between Microsoft and Google is about to be opened. By the end of 2004 Microsoft aims to launch search software to find any kind of file on a PC hard drive. The move is in ans
tech,2,3,Home phones face unclear future The fixed line phone in your home could soon be an endangered species. Research by handset maker Nokia shows that more and more people are using their mobile phone for every call they make or take. According 
tech,2,3,"Podcasts mark rise of DIY radio An Apple iPod or other digital music players can hold anything up to 10,000 songs, which is a lot of space to fill. But more and more iPod owners are filling that space with audio content created by an unpred"
tech,2,4,"Sony wares win innovation award Sony has taken the prize for top innovator at the annual awards of PC Pro Magazine. It won the award for taking risks with products and for its ""brave"" commitment to good design. Conferring the award, PC Pro'"
tech,2,3,"Portable PlayStation ready to go Sony's PlayStation Portable (PSP) will go on sale in Japan on 12 December. The long-awaited handheld game playing gadget will cost about 19,800 yen (145 euros) when it hits the shelves. At launch 21 games wi"
tech,2,3,Viewers to be able to shape TV Imagine editing Titanic down to watch just your favourite bits or cutting out the slushier moments of Star Wars to leave you with a bare bones action-fest. Manipulating your favourite films to make a more pers
tech,3,5,"Games maker fights for survival One of Britain's largest independent game makers, Argonaut Games, has been put up for sale. The London-based company behind the Harry Potter games has sacked about 100 employees due to a severe cash crisis. T"
tech,2,3,Pompeii gets digital make-over The old-fashioned audio tour of historical places could soon be replaced with computer-generated images that bring the site to life. A European Union-funded project is looking at providing tourists with comput
tech,2,3,Fast moving phone bugs appear Security firms are warning about several mobile phone viruses that can spread much faster than similar bugs. The new strains of the Cabir mobile phone virus use short-range radio technology to leap to any vulne
tech,2,3,Joke e-mail virus tricks users A virus that disguises itself as a joke is spreading rapidly across the net. Anti-virus firms are issuing high-level warnings about the new version of the Bagle e-mail program that seems to be catching a lot o
tech,2,3,Progress on new internet domains By early 2005 the net could have two new domain names. The .post and .travel net domains have been given preliminary approval by the net's administrative body. The names are just two of a total of 10 propose
tech,3,5,"Argonaut founder rebuilds empire Jez San, the man behind the Argonaut games group which went into administration a week ago, has bought back most of the company. The veteran games developer has taken over the Cambridge-based Just Add Monste"
tech,2,3,"Dozens held over ID fraud site Twenty-eight people, including a Briton, have been arrested after a global operation against a website allegedly involved in identity fraud. Those arrested are accused of operating Shadowcrew.com, which invest"
tech,2,3,"Robots learn 'robotiquette' rules Robots are learning lessons on ""robotiquette"" - how to behave socially - so they can mix better with humans. By playing games, like pass-the-parcel, a University of Hertfordshire team is finding out how fut"
tech,2,3,"Concerns over Windows ATMs Cash machine networks could soon be more susceptible to computer viruses, a security firm has warned. The warning is being issued because many banks are starting to use the Windows operating system in machines. Al"
tech,2,3,"Attack prompts Bush site block The official re-election site of President George W Bush is blocking visits from overseas users for ""security reasons"". The blocking began early on Monday so those outside the US and trying to view the site go"
tech,2,3,Loyalty cards idea for TV addicts Viewers could soon be rewarded for watching TV as loyalty cards come to a screen near you. Any household hooked up to Sky could soon be using smartcards in conjunction with their set-top boxes. Broadcasters
tech,2,3,"The Force is strong in Battlefront The warm reception that has greeted Star Wars: Battlefront is a reflection not of any ingenious innovation in its gameplay, but of its back-to-basics approach and immense nostalgia quotient. Geared towards"
tech,4,4,"'Ultimate game' award for Doom 3 Sci-fi shooter Doom 3 has blasted away the competition at a major games ceremony, the Golden Joystick awards. It was the only title to win twice, winning Ultimate Game of the year and best PC game at the awa"
tech,2,3,"Gadget show heralds MP3 season Partners of those who love their hi-tech gear may want to get their presents in early as experts predict a gadget shortage this Christmas. With Apple's iPod topping wish lists again, there may not be enough iP"
tech,2,3,Commodore finds new lease of life The once-famous Commodore computer brand could be resurrected after being bought by a US-based digital music distributor. New owner Yeahronimo Media Ventures has not ruled out the possibility of a new breed
tech,2,3,"Broadband in the UK growing fast High-speed net connections in the UK are proving more popular than ever. BT reports that more people signed up for broadband in the last three months than in any other quarter. The 600,000 connections take t"
tech,2,3,"Slim PlayStation triples sales Sony PlayStation 2's slimmer shape has proved popular with UK gamers, with 50,000 sold in its first week on sale. Sales have tripled since launch, outstripping Microsoft's Xbox, said market analysts Chart-Trac"
tech,2,3,"Seamen sail into biometric future The luxury cruise liner Crystal Harmony, currently in the Gulf of Mexico, is the unlikely setting for tests of biometric technology. As holidaymakers enjoy balmy breezes, their ship's crew is testing protot"
tech,3,3,US duo in first spam conviction A brother and sister in the US have been convicted of sending hundreds of thousands of unsolicited e-mail messages to AOL subscribers. It is the first criminal prosecution of internet spam distributors. Juror
tech,3,5,"US blogger fired by her airline A US airline attendant suspended over ""inappropriate images"" on her blog - web diary - says she has been fired. Ellen Simonetti, known as Queen of the Sky, wrote an anonymous semi-fictional account of her lif"
tech,2,3,"Gates opens biggest gadget fair Bill Gates has opened the Consumer Electronics Show (CES) in Las Vegas, saying that gadgets are working together more to help people manage multimedia content around the home and on the move. Mr Gates made no"
tech,2,1,"GTA sequel is criminally good The Grand Theft Auto series of games have set themselves the very highest of standards in recent years, but the newest addition is more than able to live up to an increasingly grand tradition. The 18 certificat"
tech,2,3,BT offers free net phone calls BT is offering customers free internet telephone calls if they sign up to broadband in December. The Christmas give-away entitles customers to free telephone calls anywhere in the UK via the internet. Users wi
tech,2,3,When invention turns to innovation It is unlikely that future technological inventions are going to have the same kind of transformative impact that they did in the past. When history takes a look back at great inventions like the car and t
tech,2,3,"Firefox browser takes on Microsoft Microsoft's Internet Explorer has a serious rival in the long-awaited Firefox 1.0 web browser, which has just been released. Few people get excited when some new software is released, especially when the p"
tech,2,3,"Halo fans' hope for sequel Xbox video game Halo 2 has been released in the US on 9 November, with a UK release two days later. Why is the game among the most anticipated of all time? Halo is considered by many video game pundits to be one o"
tech,5,1,Players sought for $1m prize UK gamers are getting a chance to take part in a $1m tournament thanks to one of the country's top teams. The Four-Kings clan is staging a Pop Idol type competition to find new members who can take on the world'
tech,2,3,"US top of supercomputing charts The US has pushed Japan off the top of the supercomputing chart with IBM's prototype Blue Gene/L machine. It is being assembled for the Lawrence Livermore National Laboratory, under the US Department of Energ"
tech,2,3,Text messages aid disaster recovery Text messaging technology was a valuable communication tool in the aftermath of the tsunami disaster in Asia. The messages can get through even when the cell phone signal is too weak to sustain a spoken c
tech,2,3,Putting a face to 'Big Brother' Literally putting a face on technology could be one of the keys to improving our interaction with hi-tech gadgets. Imagine a surveillance system that also presents a virtual embodiment of a person on a screen
tech,5,1,"Football Manager scores big time For the past decade or so the virtual football fans among us will have become used to the annual helping of Championship Manager (CM). Indeed, it seems like there has been a CM game for as many years as ther"
tech,2,3,"Musicians 'upbeat' about the net Musicians are embracing the internet as a way of reaching new fans and selling more music, a survey has found. The study by US researchers, Pew Internet, suggests musicians do not agree with the tactics adop"
tech,2,3,"Broadband takes on TV viewing The number of Europeans with broadband has exploded over the past 12 months, with the web eating into TV viewing habits, research suggests. Just over 54 million people are hooked up to the net via broadband, up"
tech,2,3,Freeze on anti-spam campaign A campaign by Lycos Europe to target spam-related websites appears to have been put on hold. Earlier this week the company released a screensaver that bombarded the sites with data to try to bump up the running 
tech,2,3,ITunes user sues Apple over iPod A user of Apple's iTunes music service is suing the firm saying it is unfair he can only use an iPod to play songs. He says Apple is breaking anti-competition laws in refusing to let other music players work
tech,2,3,"Microsoft gets the blogging bug Software giant Microsoft is taking the plunge into the world of blogging. It is launching a test service to allow people to publish blogs, or online journals, called MSN Spaces. Microsoft is trailing behind c"
tech,2,3,"Broadband fuels online change Fast web access is encouraging more people to express themselves online, research suggests. A quarter of broadband users in Britain regularly upload content and have personal sites, according to a report by UK "
tech,2,3,"'Blog' picked as word of the year The term ""blog"" has been chosen as the top word of 2004 by a US dictionary publisher. Merriam-Webster said ""blog"" headed the list of most looked-up terms on its site during the last twelve months. During 20"
tech,2,3,"New Year's texting breaks record A mobile phone was as essential to the recent New Year's festivities as a party mood and Auld Lang Syne, if the number of text messages sent is anything to go by. Between midnight on 31 December and midnight"
tech,2,3,"DS aims to touch gamers The mobile gaming industry is set to explode in 2005 with a number of high-profile devices offering a range of gaming and other features such as movie and music playback. Market leader Nintendo, however, is releasing"
tech,2,1,No half measures with Half-Life 2 Could Half-Life 2 possibly live up to the hype? After almost two years of tantalising previews and infuriating delays it's safe to say that this is the most highly-anticipated computer game of all time. For
tech,2,3,"Games win for Blu-ray DVD format The next-generation DVD format Blu-ray is winning more supporters than its rival, according to its backers. Blu-ray, backed by 100 firms including Sony, is competing against Toshiba and NEC-backed HD-DVD to "
tech,2,3,File-swappers ready new network Legal attacks on websites that help people swap pirated films have forced the development of a system that could be harder to shut down. One site behind the success of the BitTorrent file-swapping system is p
tech,2,3,"Online games play with politics After bubbling under for some time, online games broke through onto the political arena in 2004. The US presidential election provided a showcase for many, aimed at talking directly to a generation that has g"
tech,2,3,"Broadband challenges TV viewing The number of Europeans with broadband has exploded over the past 12 months, with the web eating into TV viewing habits, research suggests. Just over 54 million people are hooked up to the net via broadband, "
tech,2,3,Freeze on anti-spam campaign A campaign by Lycos Europe to target spam-related websites appears to have been put on hold. Earlier this week the company released a screensaver that bombarded the sites with data to try to bump up the running 
tech,2,3,"Halo 2 sells five million copies Microsoft is celebrating bumper sales of its Xbox sci-fi shooter, Halo 2. The game has sold more than five million copies worldwide since it went on sale in mid-November, the company said. Halo 2 has proved "
tech,2,3,"When technology gets personal In 2020, whipping out your mobile phone to make a call will be quaintly pass&#233;. By then phones will be printed directly on to wrists, or other parts of the body, says Ian Pearson, BT's resident futurologist"
tech,2,3,"Microsoft gets the blogging bug Software giant Microsoft is taking the plunge into the world of blogging. It is launching a test service to allow people to publish blogs, or online journals, called MSN Spaces. Microsoft is trailing behind c"
tech,2,3,Doors open at biggest gadget fair Thousands of technology lovers and industry experts have gathered in Las Vegas for the annual Consumer Electronics Show (CES). The fair showcases the latest technologies and gadgets that will hit the shops 
tech,2,3,"Who do you think you are? The real danger is not what happens to your data as it crosses the net, argues analyst Bill Thompson. It is what happens when it arrives at the other end. The Financial Services Authority has warned banks and other"
tech,2,3,"'Brainwave' cap controls computer A team of US researchers has shown that controlling devices with the brain is a step closer. Four people, two of them partly paralysed wheelchair users, successfully moved a computer cursor while wearing a "
tech,2,3,"'Brainwave' cap controls computer A team of US researchers has shown that controlling devices with the brain is a step closer. Four people, two of them partly paralysed wheelchair users, successfully moved a computer cursor while wearing a "
tech,2,3,"Europe backs digital TV lifestyle How people receive their digital entertainment in the future could change, following the launch of an ambitious European project. In Nice last week, the European Commission announced its Networked & Electro"
tech,2,3,"A decade of good website design The web looks very different today than it did 10 years ago. Back in 1994, Yahoo had only just launched, most websites were text-based and Amazon, Google and eBay had yet to appear. But, says usability guru D"
tech,2,1,"2D Metal Slug offers retro fun Like some drill sergeant from the past, Metal Slug 3 is a wake-up call to today's gamers molly-coddled with slick visuals and fancy trimmings. With its hand-animated sprites and 2D side-scrolling, this was eve"
tech,2,3,"Casual gaming to 'take off' Games aimed at ""casual players"" are set to be even bigger in 2005, according to industry experts. Easy-to-play titles that do not require too much time and that are playable online or downloadable to mobile devic"
tech,4,4,"'Ultimate game' award for Doom 3 Sci-fi shooter Doom 3 has blasted away the competition at a major games ceremony, the Golden Joystick awards. It was the only title to win twice, winning Ultimate Game of the year and best PC game at the awa"
tech,2,3,"Gadget show heralds MP3 Christmas Partners of those who love their hi-tech gear may want to get their presents in early as experts predict a gadget shortage this Christmas. With Apple's iPod topping wish lists again, there may not be enough"
tech,2,3,"Supercomputer breaks speed record The US is poised to push Japan off the top of the supercomputing chart with IBM's prototype Blue Gene/L machine. It is being assembled for the Lawrence Livermore National Laboratory, a US Department of Ener"
tech,2,3,"Gadgets galore on show at fair The 2005 Consumer Electronics Show in Las Vegas is a geek's paradise with more than 50,000 new gadgets and technologies launched during the four-day event. Top gadgets at the show are highlighted in the Innova"
tech,2,3,"Broadband in the UK growing fast High-speed net connections in the UK are proving more popular than ever. BT reports that more people signed up for broadband in the last three months than in any other quarter. The 600,000 connections take t"
tech,3,3,US duo in first spam conviction A brother and sister in the US have been convicted of sending hundreds of thousands of unsolicited e-mail messages to AOL subscribers. It is the first criminal prosecution of internet spam distributors. Juror
tech,2,3,Microsoft debuts security tools Microsoft is releasing tools that clean up PCs harbouring viruses and spyware. The virus-fighting program will be updated monthly and is a precursor to Microsoft releasing dedicated anti-virus software. Also 
tech,2,3,"Slimmer PlayStation triple sales Sony PlayStation 2's slimmer shape has proved popular with UK gamers, with 50,000 sold in its first week on sale. Sales have tripled since launch, outstripping Microsoft's Xbox, said market analysts Chart-Tr"
tech,2,3,"Seamen sail into biometric future The luxury cruise liner Crystal Harmony, currently in the Gulf of Mexico, is the unlikely setting for tests of biometric technology. As holidaymakers enjoy balmy breezes, their ship's crew is testing protot"
tech,3,5,"US blogger fired by her airline A US airline attendant suspended over ""inappropriate images"" on her blog - web diary - says she has been fired. Ellen Simonetti, known as Queen of the Sky, wrote an anonymous semi-fictional account of her lif"
tech,2,3,"Mobiles double up as bus tickets Mobiles could soon double up as travel cards, with Nokia planning to try out a wireless ticket system on German buses. Early next year travellers in the city of Hanau, near Frankfurt, will be able to pay for"
tech,2,3,"Mobile gig aims to rock 3G Forget about going to a crowded bar to enjoy a gig by the latest darlings of the music press. Now you could also be at a live gig on your mobile, via the latest third generation (3G) video phones. Rock outfit Roos"
tech,2,3,"Consumers 'snub portable video' Consumers want music rather than movies while on the move, says a report. Produced by Jupiter Research the analysis of the portable media player market found only 13% of Europeans want to watch video while ou"
tech,2,3,"Learning to love broadband We are reaching the point where broadband is a central part of daily life, at least for some, argues technology analyst Bill Thompson. One of the nice things about being a writer is that I rarely have to go to an "
tech,2,3,"Nintendo DS aims to touch gamers The mobile gaming industry is set to explode in 2005 with a number of high-profile devices offering a range of gaming and other features such as movie and music playback. Market leader Nintendo, however, is "
tech,2,3,"China 'blocks Google news site' China has been accused of blocking access to Google News by the media watchdog, Reporters Without Borders. The Paris-based pressure group said the English-language news site had been unavailable for the past "
tech,2,3,"A question of trust and technology A major government department is without e-mail for a week, and technology analyst Bill Thompson wants to know what happened. A couple of weeks ago I wrote about how my girlfriend had suffered when her cab"
tech,2,3,"Call for action on internet scam Phone companies are not doing enough to warn customers about internet ""rogue-dialling"" scams, according to premium phone line regulator Icstis. It has received 45,000 complaints in recent months about dial-u"
tech,2,3,Screensaver tackles spam websites Net users are getting the chance to fight back against spam websites Internet portal Lycos has made a screensaver that endlessly requests data from sites that sell the goods and services mentioned in spam e
tech,2,3,"First look at PlayStation 3 chip Some details of the chip inside Sony's PlayStation 3 have been revealed. Sony, IBM and Toshiba have released limited data about the so-called Cell chip that will be able to carry out trillions of calculation"
tech,1,3,"Online commons to spark debate Online communities set up by the UK government could encourage public debate and build trust, says the Institute of Public Policy Research (IPPR). Existing services such as eBay could provide a good blueprint "
tech,2,3,"Mobile gaming takes off in India Gaming on the move is one of the fastest-growing activities among the tech-savvy in India, says a report. The Indian mobile gaming market is expected to generate about $26m (Â£13.8m) by the end of 2004, acco"
tech,2,3,"Gadget market 'to grow in 2005' The explosion in consumer technology is to continue into 2005, delegates at the world's largest gadget show, in Las Vegas, have been told. The number of gadgets in the shops is predicted to grow by 11%, while"
tech,2,3,Swap offer for pirated Windows XP Computer giant Microsoft has launched a pilot scheme to replace counterfeit versions of Windows XP with legal ones. The first-time initiative is restricted to the UK and to users with pre-installed copies o
tech,2,3,"Ban hits Half-Life 2 pirates hard About 20,000 people have been banned from playing the Half-Life 2 game. Game maker Valve shut down the online accounts of the players because it had evidence that their copy of the game had been obtained il"
tech,2,3,"New browser wins over net surfers The proportion of surfers using Microsoft's Internet Explorer (IE) has dropped to below 90%, say web analysts. Net traffic monitor, OneStat.com, has reported that the open-source browser Firefox 1.0, releas"
tech,2,3,Smartphones suffer Skulls attack Owners of some Nokia smartphones are being warned to watch out for malicious wallpaper. Those downloading the software could find all the icons on their 7610 phone swapped for images of skulls. When installe
tech,2,3,"Musical future for phones Analyst Bill Thompson has seen the future and it is in his son's hands. I bought my son Max a 3G phone, partly because they are so cheap and he needed a phone, and partly because I am supposed to know about the lat"
tech,2,3,"Multi-purpose TV aids India Two-thirds of the world's population, 4 billion people, live on $2,000 a year or less. You might think that the last thing on their minds would be getting a television set or a computer. But that's not the case. "
tech,2,3,"Computer grid to help the world Your computer can now help solve the world's most difficult health and social problems. Launched this week, the World Community Grid will use idle computer time to test solutions to these problems. The donate"
tech,2,3,How to make a gigapixel picture The largest digital panoramic photo in the world has been created by researchers in the Netherlands. The finished image is 2.5 billion pixels in size - making it about 500 times the resolution of images produ
tech,2,3,"Remote control rifle range debuts Soon you could go hunting via the net. A Texas company is considering letting web users use a remote-controlled rifle to shoot down deer, antelope and wild pigs. For a small fee users will take control of a"
tech,2,3,"Gangsters dominate gaming chart Video games on consoles and computers proved more popular than ever in 2004. Gamers spent more than Â£1.34bn in 2004, almost 7% more than they did in 2003 according to figures released by the UK gaming indust"
tech,2,3,British Library gets wireless net Visitors to the British Library will be able to get wireless internet access alongside the extensive information available in its famous reading rooms. Broadband wireless connectivity will be made available
tech,2,3,UK broadband gets speed injection Broadband's rapid rise continues apace as speeds gear up a notch. An eight megabit service has been launched by internet service provider UK Online. It is 16 times faster than the average broadband package 
tech,2,3,Row brewing over peer-to-peer ads Music download networks are proving popular not just with an audience of youngsters keen to take advantage of free music but with advertisers equally keen to reach out to a captive audience. The debate over
tech,2,3,"How to smash a home computer An executive who froze his broken hard disk thinking it would be fixed has topped a list of the weirdest computer mishaps. Although computer malfunctions remain the most common cause of file loss, data recovery "
tech,2,3,"Mobile picture power in your pocket How many times have you wanted to have a camera to hand to catch an unexpected event that would make headlines? With a modern mobile phone that has a camera built in, you no longer need to curse, you can "
tech,2,3,"Man auctions ad space on forehead A 20-year-old US man is selling advertising space on his forehead to the highest bidder on website eBay. Andrew Fisher, from Omaha, Nebraska, said he would have a non-permanent logo or brand name tattooed o"
tech,2,3,Toxic web links help virus spread Virus writers have begun using the power of the web to spread their malicious wares. A Windows virus called Bofra is turning infected machines into distributors of its malicious code. Those clicking on the 
tech,2,3,"Millions to miss out on the net By 2025, 40% of the UK's population will still be without internet access at home, says a study. Around 23 million Britons will miss out on a wide range of essential services such as education and medical inf"
tech,2,3,"Lifestyle 'governs mobile choice' Faster, better or funkier hardware alone is not going to help phone firms sell more handsets, research suggests. Instead, phone firms keen to get more out of their customers should not just be pushing the t"
tech,2,3,"Search sites get closer to users Search sites want to get to know you better. Not content with providing access to the millions of websites, many now offer ways that do a better job of remembering, cataloguing and managing all the informati"
tech,2,3,"Anti-spam screensaver scrapped A contentious campaign to bump up the bandwidth bills of spammers by flooding their sites with data has been dropped. Lycos Europe's Make Love, Not Spam campaign began in late November but its tactics proved c"
tech,2,3,"Europe backs digital TV lifestyle How people receive their digital entertainment in the future could change, following the launch of an ambitious European project. In Nice last week, the European Commission announced its Networked & Electro"
tech,2,3,"TV future in the hands of viewers With home theatre systems, plasma high-definition TVs, and digital video recorders moving into the living room, the way people watch TV will be radically different in five years' time. That is according to "
tech,2,3,"Cyber criminals step up the pace So-called phishing attacks that try to trick people into handing over confidential details have boomed in 2004, say security experts. The number of phishing e-mail messages stopped by security firm MessageLa"
tech,2,1,"Gritty return for Prince of Persia Still basking in the relatively recent glory of last year's Sands Of Time, the dashing Prince of Persia is back in Warrior Within, and in a more bellicose mood than last time. This sequel gives the franchi"
tech,2,4,"Disney backs Sony DVD technology A next generation DVD technology backed by Sony has received a major boost. Film giant Disney says it will produce its future DVDs using Sony's Blu-ray Disc technology, but has not ruled out a rival format d"
tech,2,3,"Britons growing 'digitally obese' Gadget lovers are so hungry for digital data many are carrying the equivalent of 10 trucks full of paper in ""weight"". Music, images, e-mails, and texts are being hoarded on mobiles, cameras laptops and PDAs"
tech,2,3,"Halo 2 heralds traffic explosion The growing popularity of online gaming could spell problems for net service firms, warns network monitoring company Sandvine. It issued the warning following analysis which shows that traffic on the Xbox ga"
tech,2,3,"Media gadgets get moving Pocket-sized devices that let people carry around video and images are set to have a big year in 2005, according to industry experts. Last year saw the emergence of portable media players, such as the Windows-based "
tech,2,3,"Satellite mapping aids Darfur relief Aid workers trying to house, feed and clothe millions of homeless refugees in the Sudanese region of Darfur are getting a helping hand from advanced mapping technology. A European consortium of companies"
tech,2,4,"Disney backs Sony DVD technology A next generation DVD technology backed by Sony has received a major boost. Film giant Disney says it will produce its future DVDs using Sony's Blu-ray Disc technology, but has not ruled out a rival format d"
tech,2,3,"Lifestyle 'governs mobile choice' Faster, better or funkier hardware alone is not going to help phone firms sell more handsets, research suggests. Instead, phone firms keen to get more out of their customers should not just be pushing the t"
tech,2,3,"Millions to miss out on the net By 2025, 40% of the UK's population will still be without internet access at home, says a study. Around 23 million Britons will miss out on a wide range of essential services such as education and medical inf"
tech,2,3,"Spam e-mails tempt net shoppers Computer users across the world continue to ignore security warnings about spam e-mails and are being lured into buying goods, a report suggests. More than a quarter have bought software through spam e-mails "
tech,2,3,"More power to the people says HP The digital revolution is focused on letting people tell and share their own stories, according to Carly Fiorina, chief of technology giant Hewlett Packard. The job of firms such as HP now, she said in a spe"
tech,2,3,Robotic pods take on car design A new breed of wearable robotic vehicles that envelop drivers are being developed by Japanese car giant Toyota. The company's vision for the single passenger in the 21st Century involves the driver cruising b
tech,2,3,"Hi-tech posters guide commuters Interactive posters are helping Londoners get around the city during the festive season. When interrogated with a mobile phone, the posters pass on a number that people can call to get information about the s"
tech,1,3,"Parents face video game lessons Ways of ensuring that parents know which video games are suitable for children are to be considered by the games industry. The issue was discussed at a meeting between UK government officials, industry repres"
tech,2,3,"BBC web search aids odd queries The BBC's online search engine was used a record amount in 2004, helping with enquires both simple and strange. More than 277 million enquiries were made, asking for informaton of a wide range of subjects. Th"
tech,2,1,"2D Metal Slug offers retro fun Like some drill sergeant from the past, Metal Slug 3 is a wake-up call to today's gamers molly-coddled with slick visuals and fancy trimmings. With its hand-animated sprites and 2D side-scrolling, this was eve"
tech,2,3,"Mobile multimedia slow to catch on There is no doubt that mobile phones sporting cameras and colour screens are hugely popular. Consumers swapping old phones for slinkier, dinkier versions are thought to be responsible for a 26% increase in"
tech,2,3,"Internet boom for gift shopping Cyberspace is becoming a very popular destination for Christmas shoppers. Forecasts predict that British people will spend Â£4bn buying gifts online during the festive season, an increase of 64% on 2003. Surv"
tech,2,3,Google to scan famous libraries The libraries of five of the world's most important academic institutions are to be digitised by Google. Scanned pages from books in the public domain will then be made available for search and reading online
tech,2,3,"Microsoft takes on desktop search Microsoft has entered the desktop search fray, releasing a test version of its tool to find documents, e-mails and other files on a PC hard drive. The beta program only works on PCs running Windows XP or Wi"
tech,2,3,"Gamers snap up new Sony PSP Gamers have bought almost all of the first batch of Sony's new PlayStation Portable (PSP) games console, which went on sale in Japan on Sunday. Thousands of people queued for hours to get hold of one of the 200,0"
tech,2,3,"Go-ahead for new internet names The internet could soon have two new domain names, aimed at mobile services and the jobs market. The Internet Corporation for Assigned Names and Numbers (Icann) has given preliminary approval to two new addre"
tech,2,3,"Set your television to wow Television started off as a magical blurry image. Then came the sharpness, the colour and the widescreen format. Now the TV set is taking another leap forward into a crystal clear future, although those in Europe "
tech,2,3,Hollywood to sue net film pirates The US movie industry has launched legal action to sue people who facilitate illegal film downloading. The Motion Picture Association of America wants to stop people using the program BitTorrent to swap mov
tech,3,5,"PC ownership to 'double by 2010' The number of personal computers worldwide is expected to double by 2010 to 1.3 billion machines, according to a report by analysts Forrester Research. The growth will be driven by emerging markets such as C"
tech,2,3,"PC photo printers challenge pros Home printed pictures can be cheaper and higher quality than those from High Street developers, tests shows. A survey carried out by PC Pro magazine looked at which of 100 home photo printers offered a bette"
tech,2,1,"The gaming world in 2005 If you have finished Doom 3, Half Life 2 and Halo 2, don't worry. There's a host of gaming gems set for release in 2005. WORLD OF WARCRAFT The US reception to this game from developers Blizzard has been hugely enthu"
tech,4,1,"Bond game fails to shake or stir For gaming fans, the word GoldenEye evokes excited memories not only of the James Bond revival flick of 1995, but also the classic shoot-em-up that accompanied it and left N64 owners glued to their consoles "
tech,2,3,"Humanoid robot learns how to run Car-maker Honda's humanoid robot Asimo has just got faster and smarter. The Japanese firm is a leader in developing two-legged robots and the new, improved Asimo (Advanced Step in Innovative Mobility) can no"
tech,2,3,"Nintendo adds media playing to DS Nintendo is releasing an adapter for its DS handheld console so it can play music and video. The add-on for the DS means people can download TV programmes, film clips or MP3 files to the adaptor and then pl"
tech,2,3,"Apple sues to stop product leaks Computer firm Apple has issued a lawsuit to prevent online leaks of information about future products. The lawsuit, against an unidentified individual, comes just weeks before the MacWorld conference in San "
tech,2,3,"Gamer buys $26,500 virtual land A 22-year-old gamer has spent $26,500 (Â£13,700) on an island that exists only in a computer role-playing game (RPG). The Australian gamer, known only by his gaming moniker Deathifier, bought the island in an"
tech,2,3,"Microsoft sets sights on spyware Windows users could soon be paying Microsoft to keep PCs free of spyware. Following the takeover of anti-spyware firm Giant, Microsoft said it would soon release a toolkit that strips machines of the irritat"
tech,2,3,Video phone help for deaf people Deaf people who prefer to communicate using British Sign Language (BSL) could soon be having their phone conversations relayed using webcams or videophones and an interpreter. The Video Relay Service is bein
tech,2,3,Virus poses as Christmas e-mail Security firms are warning about a Windows virus disguising itself as an electronic Christmas card. The Zafi.D virus translates the Christmas greeting on its subject line into the language of the person recei
tech,3,3,Fast lifts rise into record books Two high-speed lifts at the world's tallest building have been officially recognised as the planet's fastest. The lifts take only 30 seconds to whisk passengers to the top of the 508m tall TFC 101 Tower in 
tech,2,3,"Broadband in the UK gathers pace One person in the UK is joining the internet's fast lane every 10 seconds, according to BT. The telecoms giant said the number of people on broadband via the telephone line had now surpassed four million. In"
tech,2,3,Hollywood campaign hits websites Movie studio efforts to stop pirated films being shared on peer-to-peer networks have claimed a high-profile victim. The campaign of legal action is thought to be behind the closure of the widely used Suprno
tech,2,3,"Poles play with GameBoy 'blip-pop' A group of artists in Poland has taken the cacophony of blips, boops and beeps created as players bash buttons on Nintendo's handheld GameBoy console to a new level. The Gameboyzz Orchestra Project has tak"
tech,2,3,Santy worm makes unwelcome visit Thousands of website bulletin boards have been defaced by a virus that used Google to spread across the net. The Santy worm first appeared on 20 December and within 24 hours had successfully hit more than 40
tech,2,3,EU software patent law delayed Controversial new EU rules for the patenting of computer-based inventions have been put on hold due to a last minute intervention from Poland. Poland - a large and therefore crucial EU member - has requested m
tech,2,3,Apple sues 'Tiger' file sharers Apple has taken more legal action to stop online leaks of its new products. The computer giant has sued three men for releasing preview versions of its latest Mac OSX software onto file-sharing sites prior to
tech,2,3,"Apple unveils low-cost 'Mac mini' Apple has unveiled a new, low-cost Macintosh computer for the masses, billed as the Mac mini. Chief executive Steve Jobs showed off the new machine at his annual MacWorld speech, in San Francisco. The $499 "
tech,2,3,"Speech takes on search engines A Scottish firm is looking to attract web surfers with a search engine that reads out results. Called Speegle, it has the look and feel of a normal search engine, with the added feature of being able to read o"
tech,2,3,"Broadband steams ahead in the US More and more Americans are joining the internet's fast lane, according to official figures. The number of people and business connected to broadband jumped by 38% in a year, said the US Federal Communicatio"
tech,2,3,"Napster offers rented music to go Music downloading, for those that have rejected the free peer to peer services, can be a costly business. The cost of paying even as little as 70p per track can add up, particularly for those people who own"
tech,2,3,"Broadband soars in 2004 If broadband were a jumbo jet, then 2003 would have seen it taxiing down the runway, firing up its engines and preparing for take-off. But this year has seen it soar. In the spring it literally took to the skies as L"
tech,2,3,"Half of UK's mobiles 'go online' Multimedia mobile phones are finally showing signs of taking off, with more Britons using them to go online. Figures from industry monitor, the Mobile Data Association (MDA), show the number of phones with G"
tech,2,1,"Blinx sequel purrs nicely The original Blinx was intended to convert many platform game lovers to Microsoft's then new Xbox console. Its sharp graphics and novel gameplay, with the main character able to pause, slow, rewind and fast-forward"
tech,2,3,"The year search became personal The odds are that when you fire up your browser, you go straight to your favourite search engine, rather than type in a web address. Some may see this as the height of laziness, but in an era of information o"
tech,2,3,IBM frees 500 software patents Computer giant IBM says 500 of its software patents will be released into the open development community. The move means developers will be able to use the technologies without paying for a licence from the co
tech,2,3,"Yahoo moves into desktop search Internet giant Yahoo has launched software to allow people to search e-mail and other files on their PCs. The firm is following in the footsteps of Microsoft, Google and Ask Jeeves, which have offered similar"
tech,2,3,"Rings of steel combat net attacks Gambling is hugely popular, especially with tech-savvy criminals. Many extortionists are targeting net-based betting firms and threatening to cripple their websites with deluges of data unless a ransom is p"
tech,2,3,"US hacker breaks into T-Mobile A man is facing charges of hacking into computers at the US arm of mobile phone firm T-Mobile. The Californian man, Nicholas Lee Jacobsen, was arrested in October. Mr Jacobsen tried at least twice to hack T-Mo"
tech,2,3,Windows worm travels with Tetris Users are being warned about a Windows virus that poses as the hugely popular Tetris game. The Cellery worm installs a playable version of the classic falling blocks game on PCs that it has infected. While u
tech,2,3,US state acts to stop 'spammers' US state Texas has filed a lawsuit against two men believed to be among the world's top five spammers. It is seeking millions of dollars in damages in a civil lawsuit filed earlier this week. The Texas attor
tech,5,1,World tour for top video gamers Two UK gamers are about to embark on a world tour as part of the most lucrative-ever global games tournament. Aaron Foster and David Treacy have won the right to take part in a tournament offering $1m in tota
tech,2,3,Souped-up wi-fi is on the horizon Super high-speed wireless data networks could soon be in use in the UK. The government's wireless watchdog is seeking help on the best way to regulate the technology behind such networks called Ultra Wideba
tech,2,3,EA to take on film and TV giants Video game giant Electronic Arts (EA) says it wants to become the biggest entertainment firm in the world. The US firm says it wants to compete with companies such as Disney and will only achieve this by mak
tech,2,3,"Tech helps disabled speed demons An organisation has been launched to encourage disabled people to get involved in all aspects of motorsport, which is now increasingly possible thanks to technological innovations. The Motorsport Endeavour C"
tech,2,3,Web photo storage market hots up An increasing number of firms are offering web storage for people with digital photo collections. Digital cameras were the hot gadget of Christmas 2004 and worldwide sales of the cameras totalled $24bn last 
tech,2,3,"Speak easy plan for media players Music and film fans will be able to control their digital media players just by speaking to them, under plans in development by two US firms. ScanSoft and Gracenote are developing technology to give people "
tech,2,3,"Cable offers video-on-demand Cable firms NTL and Telewest have both launched video-on-demand services as the battle between satellite and cable TV heats up. Movies from Sony Pictures, Walt Disney, Touchstone, Miramax, Columbia and Buena Vis"
tech,2,3,"Cyber crime booms in 2004 The last 12 months have seen a dramatic growth in almost every security threat that plague Windows PCs. The count of known viruses broke the 100,000 barrier and the number of new viruses grew by more than 50%. Simi"
tech,2,3,"Dublin hi-tech labs to shut down Dublin's hi-tech research laboratory, Media Labs Europe, is to shut down. The research centre, which was started by the Irish government and the Massachusetts Institute of Technology, was a hotbed for techno"
tech,2,3,"Games help you 'learn and play' 'God games' in which players must control virtual people and societies could be educational, says research. A US researcher has suggested that games such as The Sims could be a good way to teach languages. Ra"
tech,2,3,Hacker threat to Apple's iTunes Users of Apple's music jukebox iTunes need to update the software to avoid a potential security threat. Hackers can build malicious playlist files which could crash the program and let them seize control of t
tech,2,3,"Format wars could 'confuse users' Technology firms Sony, Philips, Matsushita and Samsung are developing a common way to stop people pirating digital music and video. The firms want to make a system that ensures files play on the hardware th"
tech,2,3,"Peer-to-peer nets 'here to stay' Peer-to-peer (P2P) networks are here to stay, and are on the verge of being exploited by commercial media firms, says a panel of industry experts. Once several high-profile legal cases against file-sharers a"
tech,2,3,"Text message record smashed UK mobile owners continue to break records with their text messaging, with latest figures showing that 26 billion texts were sent in total in 2004. The figures collected by the Mobile Data Association (MDA) showe"
tech,2,1,Big war games battle it out The arrival of new titles in the popular Medal Of Honor and Call of Duty franchises leaves fans of wartime battle titles spoilt for choice. The acclaimed PC title Call of Duty has been updated for console formats
tech,2,3,Mobiles rack up 20 years of use Mobile phones in the UK are celebrating their 20th anniversary this weekend. Britain's first mobile phone call was made across the Vodafone network on 1 January 1985 by veteran comedian Ernie Wise. In the 20 
tech,2,3,Fast moving phone viruses appear Security firms are warning about several mobile phone viruses that can spread much faster than similar bugs. The new strains of the Cabir mobile phone virus use short-range radio technology to leap to any vu
tech,2,3,Doors open at biggest gadget fair Thousands of technology lovers and industry experts have gathered in Las Vegas for the annual Consumer Electronics Show (CES). The fair showcases the latest technologies and gadgets that will hit the shops 
tech,2,3,Microsoft debuts security tools Microsoft is releasing tools that clean up PCs harbouring viruses and spyware. The virus-fighting program will be updated monthly and is a precursor to Microsoft releasing dedicated anti-virus software. Also 
tech,2,3,File-swappers ready new network Legal attacks on websites that help people swap pirated films have forced the development of a system that could be harder to shut down. One site behind the success of the BitTorrent file-swapping system is p
tech,2,3,"Games win for Blu-ray DVD format The next-generation DVD format Blu-ray is winning more supporters than its rival, according to its backers. Blu-ray, backed by 100 firms including Sony, is competing against Toshiba and NEC-backed HD-DVD to "
tech,2,3,"More power to the people says HP The digital revolution is focused on letting people tell and share their own stories, according to Carly Fiorina, chief of technology giant Hewlett Packard. The job of firms such as HP now, she said in a spe"
tech,2,3,"Gadget market 'to grow in 2005' The explosion in consumer technology is to continue into 2005, delegates at the world's largest gadget show, in Las Vegas, have been told. The number of gadgets in the shops is predicted to grow by 11%, while"
tech,2,3,"Apple unveils low-cost 'Mac mini' Apple has unveiled a new, low-cost Macintosh computer for the masses, billed as the Mac mini. Chief executive Steve Jobs showed off the new machine at his annual MacWorld speech, in San Francisco. The $499 "
tech,2,3,"Napster offers rented music to go Music downloading, for those that have rejected the free peer to peer services, can be a costly business. The cost of paying even as little as 70p per track can add up, particularly for those people who own"
tech,2,3,"Rings of steel combat net attacks Gambling is hugely popular, especially with tech-savvy criminals. Many extortionists are targeting net-based betting firms and threatening to cripple their websites with deluges of data unless a ransom is p"
tech,2,3,"Apple Mac mini gets warm welcome The Mac mini has been welcomed by Apple fans, industry experts and PC users. The release of the tiny, low-cost machine is seen as a good move for Apple which currently has a small share of the desktop comput"
tech,2,3,Rivals of the Â£400 Apple... The Mac mini is the cheapest Apple computer ever. But though it is cheap for a Mac how does it compare to PCs that cost about the same amount? Dot.life tries to find out if you can you get more for your money if
tech,2,3,"Speak easy plan for media players Music and film fans will be able to control their digital media players just by speaking to them, under plans in development by two US firms. ScanSoft and Gracenote are developing technology to give people "
tech,2,3,US peer-to-peer pirates convicted The first convictions for piracy over peer-to-peer networks have been handed down in the US. New Yorker William Trowbridge and Texan Michael Chicoine have pleaded guilty to charges that they infringed copyr
tech,2,3,"Format wars could 'confuse users' Technology firms Sony, Philips, Matsushita and Samsung are developing a common way to stop people pirating digital music and video. The firms want to make a system that ensures files play on the hardware th"
tech,2,3,"Mobiles get set for visual radio The growth in the mobile phone market in the past decade has been nothing less than astonishing, but the ability to communicate on the go is not the only reason we are hooked. Games, cameras and music player"
tech,2,3,"Gamers could drive high-definition TV, films, and games have been gearing up for some time now for the next revolution to transform the quality of what is on our screens. It is called high-definition - HD for short - and it is already hugel"
tech,2,3,How to make a greener computer The hi-tech industry is starting to get more environmentally aware. Bill Thompson thinks it's about time. My first car ran on four star petrol and pumped vast quantities of lead into the atmosphere as I drove 
tech,2,3,Microsoft makes anti-piracy move Microsoft says it is clamping down on people running pirated versions of its Windows operating system by restricting their access to security features. The Windows Genuine Advantage scheme means people will 
tech,2,3,"What's next for next-gen consoles? The next generation of video games consoles are in development but what will the new machines mean for games firms and consumers? We may not know when they will be released, what they will be called or eve"
tech,2,3,"Latest Opera browser gets vocal Net browser Opera 8.0, due for official release at the end of next month, will be ""the most accessible browser on the market"", according to its authors. The latest version of the net browser can be controlled"
tech,2,3,Mobile games come of age The BBC News website takes a look at how games on mobile phones are maturing. A brief round-up follows but you can skip straight to the reviews by clicking on the links below. Part two will follow on Monday. Reviews
tech,2,3,Web radio takes Spanish rap global Spin the radio dial in the US and you are likely to find plenty of Spanish-language music. But what you will not find is much Spanish-language hip-hop. Hip-hop and rap are actually quite popular in the Spa
tech,2,4,"What high-definition will do to DVDs First it was the humble home video, then it was the DVD, and now Hollywood is preparing for the next revolution in home entertainment - high-definition. High-definition gives incredible, 3D-like pictures"
tech,2,3,"Junk e-mails on relentless rise Spam traffic is up by 40%, putting the total amount of e-mail that is junk up to an astonishing 90%. The figures, from e-mail management firm Email Systems, will alarm firms attempting to cope with the amount"
tech,2,3,Warning over tsunami aid website Net users are being told to avoid a scam website that claims to collect cash on behalf of tsunami victims. The site looks plausible because it uses an old version of the official Disasters Emergency Committe
tech,2,3,"More women turn to net security Older people and women are increasingly taking charge of protecting home computers against malicious net attacks, according to a two-year study. The number of women buying programs to protect PCs from virus, "
tech,2,3,"Sony PSP console hits US in March US gamers will be able to buy Sony's PlayStation Portable from 24 March, but there is no news of a Europe debut. The handheld console will go on sale for $250 (Â£132) and the first million sold will come wi"
tech,2,3,"Ask Jeeves joins web log market Ask Jeeves has bought the Bloglines website to improve the way it handles content from web journals or blogs. The Bloglines site has become hugely popular as it gives users one place in which to read, search "
tech,2,3,"Why Cell will get the hard sell The world is casting its gaze on the Cell processor for the first time, but what is so important about it, and why is it so different? The backers of the processor are big names in the computer industry. IBM "
tech,2,3,"PlayStation 3 processor unveiled The Cell processor, which will drive Sony's PlayStation 3, will run 10-times faster than current PC chips, its designers have said. Sony, IBM and Toshiba, who have been working on the Cell processor for thre"
tech,2,3,"Consumer concern over RFID tags Consumers are very concerned about the use of radio frequency ID (RFID) tags in shops, a survey says. More than half of 2,000 people surveyed said they had privacy worries about the tags, which can be used to"
tech,2,3,"Mobiles 'not media players yet' Mobiles are not yet ready to be all-singing, all-dancing multimedia devices which will replace portable media players, say two reports. Despite moves to bring music download services to mobiles, people do not"
tech,2,3,"Blind student 'hears in colour' A blind student has developed software that turns colours into musical notes so that he can read weather maps. Victor Wong, a graduate student from Hong Kong studying at Cornell University in New York State, "
tech,2,3,Apple attacked over sources row Civil liberties group the Electronic Frontier Foundation (EFF) has joined a legal fight between three US online journalists and Apple. Apple wants the reporters to reveal 20 sources used for stories which lea
tech,2,3,"Mobile audio enters new dimension As mobile phones move closer to being a ubiquitous, all-in-one media player, audio is becoming ever more important. But how good can that sound be from such a small device? The sound of a buzzing bee jumps "
tech,2,3,DVD copy protection strengthened DVDs will be harder to copy thanks to new anti-piracy measures devised by copy protection firm Macrovision. The pirated DVD market is enormous because current copy protection was hacked more than five years 
tech,2,3,"Millions buy MP3 players in US One in 10 adult Americans - equivalent to 22 million people - owns an MP3 player, according to a survey. A study by the Pew Internet and American Life Project found that MP3 players are the gadget of choice am"
tech,2,3,"Britons fed up with net service A survey conducted by PC Pro Magazine has revealed that many Britons are unhappy with their internet service. They are fed up with slow speeds, high prices and the level of customer service they receive. 17% "
tech,2,3,"Intel unveils laser breakthrough Intel has said it has found a way to put a silicon-based laser on a chip, raising hopes of much faster networks. Scientists at Intel have overcome a fundamental problem that before now has prevented silicon "
tech,1,3,EU software patent law faces axe The European Parliament has thrown out a bill that would have allowed software to be patented. Politicians unanimously rejected the bill and now it must go through another round of consultation if it is to h
tech,2,3,IBM puts cash behind Linux push IBM is spending $100m (Â£52m) over the next three years beefing up its commitment to Linux software. The cash injection will be used to help its customers use Linux on every type of device from handheld compu
tech,2,3,Apple iPod family expands market Apple has expanded its iPod family with the release of its next generation of the digital music players. Its latest challenges to the growing digital music gadget market include an iPod mini model which can 
tech,2,3,"US woman sues over ink cartridges A US woman is suing Hewlett Packard (HP), saying its printer ink cartridges are secretly programmed to expire on a certain date. The unnamed woman from Georgia says that a chip inside the cartridge tells th"
tech,2,3,Security warning over 'FBI virus' The US Federal Bureau of Investigation is warning that a computer virus is being spread via e-mails that purport to be from the FBI. The e-mails show that they have come from an fbi.gov address and tell rec
tech,2,3,Mobile networks seek turbo boost Third-generation mobile (3G) networks need to get faster if they are to deliver fast internet surfing on the move and exciting new services. That was one of the messages from the mobile industry at the 3GSM 
tech,2,3,"Mac Mini heralds mini revolution The Mac Mini was launched amid much fanfare by Apple and great excitement by Apple watchers last month. But does the latest Macintosh justify the hype? Let us get a few things dealt with at the outset - yes,"
tech,2,3,"Can Yahoo dominate next decade? Yahoo has reached the grand old age of 10 and, in internet years, that is a long time. For many, Yahoo remains synonymous with the internet - a veteran that managed to ride the dot-com wave and the subsequent"
tech,2,3,"Looks and music to drive mobiles Mobile phones are still enjoying a boom time in sales, according to research from technology analysts Gartner. More than 674 million mobiles were sold last year globally, said the report, the highest total s"
tech,2,3,Hotspot users gain free net calls People using wireless net hotspots will soon be able to make free phone calls as well as surf the net. Wireless provider Broadreach and net telephony firm Skype are rolling out a service at 350 hotspots aro
tech,2,3,"Domain system opens door to scams A system to make it easier to create website addresses using alphabets like Cyrillic could open a back door for scammers, a trade body has warned. The Internationalised Domain Names system has been a work i"
tech,2,3,"Sony PSP tipped as a 'must-have' Sony's Playstation Portable is the top UK gadget for 2005, according to a round-up of ultimate gizmos compiled by Stuff Magazine. It beats the iPod into second place in the Top Ten Essentials list which pred"
tech,1,3,'No re-draft' for EU patent law A proposed European law on software patents will not be re-drafted by the European Commission (EC) despite requests by MEPs. The law is proving controversial and has been in limbo for a year. Some major tech 
tech,2,3,Ultra fast wi-fi nears completion Ultra high speed wi-fi connections moved closer to reality on Thursday when Intel said it would list standards for the technology later this year. Intel is developing ultra-wideband technology (UWB) which w
tech,2,3,"Virgin Radio offers 3G broadcast UK broadcaster Virgin Radio says it will become the first station in the world to offer radio via 3G mobiles. The radio station, in partnership with technology firm Sydus, will broadcast on selected 2G and h"
tech,2,4,More movies head to Sony's PSP Movies Open Water and Saw are among those to be made available for Sony's PSP games console. Film studio Lions Gate entertainment has announced an initial list of 12 movies that will be on the UMD format used 
tech,2,3,"Warnings on woeful wi-fi security Companies are getting worse at keeping their wireless data networks secure. A survey of wi-fi networks in London, Frankfurt, New York and San Francisco by RSA Security found more than a third had basic secu"
tech,2,3,"Cebit opens to mobile music tune Cebit, the world's largest hi-tech fair, has opened its doors in Hanover for a look at the latest technologies for homes and businesses. There are more than 6,000 exhibitors registered and about 500,000 visi"
tech,2,3,Game makers get Xbox 2 sneak peek Microsoft has given game makers a glimpse of the new Xbox 2 console. Some details of the Xbox's performance and what gaming will be like with the device were given at the annual Game Developers Conference i
tech,2,3,"Broadband set to revolutionise TV BT is starting its push into television with plans to offer TV over broadband. As a telecoms company, BT is moving to a content distribution strategy, Andrew Burke, chief of BT's new Entertainment unit told"
tech,2,3,"Chip maker backs net phone calls Rich Templeton, the head of giant chip maker Texas Instruments, has given his backing to the growing sector of Voice over Internet Telephony (Voip) Voip allows PC users, and in some cases those with just a b"
tech,2,3,Nintendo DS makes its Euro debut Nintendo's DS handheld game console has officially gone on sale in Europe. Many stores around the UK opened at midnight to let keen gamers get their hands on the device. The two-screen clamshell gadget costs
tech,2,3,"Slow start to speedy net services Faster broadband in the UK is becoming a reality as more internet providers offer super-fast services. Some lucky Britons can already take advantage of UK Online's 8 megabits per second service, which was l"
tech,2,3,"Anti-tremor mouse stops PC shakes A special adaptor that helps people with hand tremors control a computer mouse more easily has been developed. The device uses similar ""steady cam"" technology found in camcorders to filter out shaking hand "
tech,2,3,"The pirates with no profit motive Two men who were part of a huge network of internet software pirates, known as Drink Or Die, have been convicted at the Old Bailey. BBC News investigates how the network worked and what motivated those invo"
tech,2,3,Apple makes blogs reveal sources Apple has won its legal fight to make three bloggers reveal who told them about unreleased products. The bid to unmask the employees leaking information was launched in December 2004 following online article
tech,2,3,"Hitachi unveils 'fastest robot' Japanese electronics firm Hitachi has unveiled its first humanoid robot, called Emiew, to challenge Honda's Asimo and Sony's Qrio robots. Hitachi said the 1.3m (4.2ft) Emiew was the world's quickest-moving ro"
tech,2,3,Have hackers recruited your PC? More than one million computers on the net have been hijacked to attack websites and pump out spam and viruses. The huge number was revealed by security researchers who have spent months tracking more than 10
tech,2,3,"What price for 'trusted PC security'? You can now buy ""trusted computers"", but can we really trust the PC vendors, asks technology analyst Bill Thompson. If you have recently bought an IBM ThinkVantage computer, a Dell Optiplex, or one of a"
tech,2,3,"Gizmondo gadget hits the shelves The Gizmondo combined media player, phone and gaming gadget goes on sale on Saturday. Priced at Â£229, the handheld device is debuting in the UK and goes on sale in the US and mainland Europe in the next few"
tech,2,3,"Confusion over high-definition TV Now that a critical mass of people have embraced digital TV, DVDs, and digital video recorders, the next revolution for TV is being prepared for our sets. In most corners of TV and technology industries, hi"
tech,2,3,"Digital UK driven by net and TV The UK's adoption of digital TV and broadband has helped make it the fourth most digitally-savvy nation in Europe, according a report by Jupiter Research. But the UK still lags in terms of broadband speeds co"
tech,2,3,"Bad e-mail habits sustains spam The 'bad behaviour' of e-mail users is helping to sustain the spam industry, a new study has found. According to a survey conducted by security firm Mirapoint and market research company the Radicati Group, n"
tech,2,3,"Sony PSP handheld console hits US The latest handheld gaming gadget, Sony's PlayStation Portable, goes on sale in the US on Thursday. The entertainment device, which also stores images, music and video, is intended to compete with Nintendo'"
tech,2,3,"'Podcasters' look to net money Nasa is doing it, 14-year-old boys in bedrooms are doing it, couples are doing it, gadget lovers - male and female - are definitely doing it. It is podcasting - DIY radio in the form of downloadable MP3 audio "
tech,2,3,"Local net TV takes off in Austria An Austrian village is testing technology that could represent the future of television. The people of Engerwitzdorf are filming, editing and producing their own regional news channel. The channel covers lo"
tech,2,3,"Rolling out next generation's net The body that oversees how the net works, grows and evolves says it has coped well with its growth in the last 10 years, but it is just the start. ""In a sense, we have hardly started in reaching the whole p"
tech,2,3,"Long life promised for laptop PCs Scientists are working on ways to ensure laptops can stay powered for an entire working day. Building batteries from new chemical mixes could boost power significantly, say industry experts. The changes inc"
tech,2,3,Net fingerprints combat attacks Eighty large net service firms have switched on software to spot and stop net attacks automatically. The system creates digital fingerprints of ongoing incidents that are sent to every network affected. Firms
tech,2,3,"Microsoft plans 'safer ID' system Microsoft is planning to make Windows and Internet Explorer more secure by including software to give people more control over personal information. ""Info cards"" will help people manage personal details on "
tech,2,3,Court mulls file-sharing future Judges at the US Supreme Court have been hearing evidence for and against file-sharing networks. The court will decide whether producers of file-sharing software can ultimately be held responsible for copyrig
tech,2,3,"France starts digital terrestrial France has become the last big European country to launch a digital terrestrial TV (DTT) service. Initially, more than a third of the population will be able to receive 14 free-to-air channels. Despite the "
tech,2,3,"Text message record smashed again UK mobile owners continue to break records with their text messaging, with latest figures showing that 26 billion texts were sent in total in 2004. The figures collected by the Mobile Data Association (MDA)"
tech,2,3,Software watching while you work Software that can not only monitor every keystroke and action performed at a PC but also be used as legally binding evidence of wrong-doing has been unveiled. Worries about cyber-crime and sabotage have prom
tech,2,3,Commodore finds new lease of life The once-famous Commodore computer brand could be resurrected after being bought by a US-based digital music distributor. New owner Yeahronimo Media Ventures has not ruled out the possibility of a new breed
tech,2,3,"Cabs collect mountain of mobiles Gadgets are cheaper, smaller and more common than ever. But that just means we are more likely to lose them. In London alone over the past six months more than 63,000 mobile phones have been left in the back"
tech,2,3,"T-Mobile bets on 'pocket office' T-Mobile has launched its latest ""pocket office"" third-generation (3G) device which also has built-in wi-fi - high-speed wireless net access. Unlike other devices where the user has to check which high-speed"
tech,2,3,"California sets fines for spyware The makers of computer programs that secretly spy on what people do with their home PCs could face hefty fines in California. From 1 January, a new law is being introduced to protect computer users from sof"
tech,2,3,"Mobile TV tipped as one to watch Scandinavians and Koreans, two of the most adventurous groups of mobile users, are betting on mobile TV. Anders Igels, chief executive of Nordic operator Teliasonera, tipped it as the next big thing in mobil"
tech,2,3,"Apple laptop is 'greatest gadget' The Apple Powerbook 100 has been chosen as the greatest gadget of all time, by US magazine Mobile PC. The 1991 laptop was chosen because it was one of the first ""lightweight"" portable computers and helped d"
tech,2,3,Sun offers processing by the hour Sun Microsystems has launched a pay-as-you-go service which will allow customers requiring huge computing power to rent it by the hour. Sun Grid costs users $1 (53p) for an hour's worth of processing and st
tech,2,3,Kenyan school turns to handhelds At the Mbita Point primary school in western Kenya students click away at a handheld computer with a stylus. They are doing exercises in their school textbooks which have been digitised. It is a pilot projec
tech,2,3,Tough rules for ringtone sellers Firms that flout rules on how ringtones and other mobile extras are sold could be cut off from all UK phone networks. The rules allow offenders to be cut off if they do not let consumers know exactly what th
tech,2,3,"Mobile music challenges 'iPod age' Nokia and Microsoft have agreed a deal to work on delivery of music to handsets, while Sony Ericsson has unveiled its phone Walkman and Motorola is working on an iTunes phone. Can mobile phones replace the"
tech,3,5,"China 'ripe' for media explosion Asia is set to drive global media growth to 2008 and beyond, with China and India filling the two top spots, analysts have predicted. Japan, South Korea and Singapore will also be strong players, but China's"
tech,2,3,Beckham virus spotted on the net Virus writers are trading on interest in David Beckham to distribute their malicious wares. Messages are circulating widely that purport to have evidence of the England captain in a compromising position. Bu
tech,2,3,"Video phones act as dating tools Technologies, from e-mail, to net chatrooms, instant messaging and mobiles, have proved to be a big pull with those looking for love. The lure once was that you could hide behind the technology, but now vide"
tech,2,3,Progress on new internet domains By early 2005 the net could have two new domain names. The .post and .travel net domains have been given preliminary approval by the net's administrative body. The names are just two of a total of 10 propose
tech,2,3,"Camera phones are 'must-haves' Four times more mobiles with cameras in them will be sold in Europe by the end of 2004 than last year, says a report from analysts Gartner. Globally, the number sold will reach 159 million, an increase of 104%"
tech,2,3,"Mobile multimedia slow to catch on There is no doubt that mobile phones sporting cameras and colour screens are hugely popular. Consumers swapping old phones for slinkier, dinkier versions are thought to be responsible for a 26% increase in"
tech,3,3,"Anti-spam laws bite spammer hard The net's self-declared spam king is seeking bankruptcy protection. Scott Richter, the man behind OptInRealBig.com and billions of junk mail messages, said lawsuits had forced the company into Chapter 11. Op"
tech,2,3,"Peer-to-peer nets 'here to stay' Peer-to-peer (P2P) networks are here to stay, and are on the verge of being exploited by commercial media firms, says a panel of industry experts. Once several high-profile legal cases against file-sharers a"
tech,2,3,"Broadband fuels online expression Fast web access is encouraging more people to express themselves online, research suggests. A quarter of broadband users in Britain regularly upload content and have personal sites, according to a report by"
tech,2,3,"Savvy searchers fail to spot ads Internet search engine users are an odd mix of naive and sophisticated, suggests a report into search habits. The report by the US Pew Research Center reveals that 87% of searchers usually find what they wer"
tech,2,3,TV's future down the phone line Internet TV has been talked about since the start of the web as we know it now. But any early attempts to do it - the UK's Home Choice started in 1992 - were thwarted by the lack of a fast network. Now that b
tech,2,3,"Cebit fever takes over Hanover Thousands of products and tens of thousands of visitors make Cebit the place to be for technology lovers. ""Welcome to CeBit 2005"" was the message from the pilot as we landed, the message on flyers at the airpo"
tech,2,3,"New consoles promise big problems Making games for future consoles will require more graphic artists and more money, an industry conference has been told. Sony, Microsoft and Nintendo will debut their new consoles at the annual E3 games Exp"
tech,2,3,"BT program to beat dialler scams BT is introducing two initiatives to help beat rogue dialler scams, which can cost dial-up net users thousands. From May, dial-up net users will be able to download free software to stop computers using numb"
tech,2,3,"Spam e-mails tempt net shoppers Computer users across the world continue to ignore security warnings about spam e-mails and are being lured into buying goods, a report suggests. More than a quarter have bought software through spam e-mails "
tech,2,3,"Be careful how you code A new European directive could put software writers at risk of legal action, warns former programmer and technology analyst Bill Thompson. If it gets its way, the Dutch government will conclude its presidency of the "
tech,2,3,US cyber security chief resigns The man making sure US computer networks are safe and secure has resigned after only a year in his post. Amit Yoran was director of the National Cyber Security Division within the US Department of Homeland Se
tech,2,1,"Losing yourself in online gaming Online role playing games are time-consuming, but enthralling flights from reality. But are some people taking their fantasy lives too seriously? When video game World of Warcraft hit the shops in Europe las"
