id,model,question,prediction,references,confidence,exact_match,f1
571cd3b55efbb31900334e04,DistilBERT,What does increased oxygen concentrations in the patient's lungs displace?,carbon monoxide from the heme group of hemoglobin,carbon monoxide | carbon monoxide | carbon monoxide | carbon monoxide | carbon monoxide,0.5498782992362976,0.0,0.4444444444444445
57097d63ed30961900e841fd,DistilBERT,Does the new deal include Video on demand and High Definition?,Currently there is no indication,no | no indication | no indication,0.1778886467218399,0.0,0.5714285714285715
572754cd5951b619008f8866,DistilBERT,In which year did Genghis Khan's grandson invade Kievan Rus'?,1237,1237 | 1237 | 1237,0.9922041893005371,1.0,1.0
572855973acd2414000df929,DistilBERT,Where is the Hyde Park Day School located?,University of Chicago campus,the University of Chicago campus | University of Chicago campus | the University of Chicago campus,0.4288467466831207,1.0,1.0
57293e221d046914007791d5,DistilBERT,What does the WG I Summary for Policymakers report say human activities are doing to greenhouse gases?,increasing the atmospheric concentrations,substantially increasing the atmospheric concentrations | substantially increasing the atmospheric concentrations of the greenhouse gases | substantially increasing the atmospheric concentrations,0.4446036219596863,0.0,0.8571428571428571
5729edd56aef051400155116,DistilBERT,For how many years was evidence shown that humans shaped the the Amazon?,"11,000","11,000 years | at least 11,000 years | at least 11,000 years",0.44122689962387085,0.0,0.6666666666666666
56beb7953aeaaa14008c92ab,DistilBERT,Who lost to the Broncos in the divisional round?,Pittsburgh Steelers,Pittsburgh Steelers | the Pittsburgh Steelers | Steelers,0.9138361811637878,1.0,1.0
5725c604271a42140099d188,DistilBERT,Who was hired to be the deputy director of the Office of Manned Space Flight?,Joseph Shea,"Joseph Shea | Joseph Shea, | Joseph Shea, | Joseph Shea | Joseph Shea | , Joseph Shea",0.9950964450836182,1.0,1.0
56e769dc00c9c71400d770ec,DistilBERT,What register did Chris Keates think that some teachers should not be placed on?,sex offenders register,the sex offenders register | sex offenders | sex offenders register,0.4807016849517822,1.0,1.0
56f8c5909b226e1400dd0f81,DistilBERT,What did Luther say would allow the Jews to stay?,Christian love toward them and pray that they convert,that they convert | became Christians | convert,0.10529433935880661,0.0,0.5
571cd5b1dd7acb1400e4c179,DistilBERT,What medical treatment is used to increase oxygen uptake in a patient?,Oxygen therapy,oxygen supplementation | oxygen supplementation | oxygen supplementation | Oxygen therapy | Oxygen therapy,0.5450678467750549,1.0,1.0
570d2556fed7b91900d45c49,DistilBERT,Where was the 1857 riot?,Buckland Valley,Buckland Valley | Buckland Valley near Bright | Buckland Valley,0.49770134687423706,1.0,1.0
56d9a0eadc89441400fdb63e,DistilBERT,Who was the first quarterback to take two teams to more than one Super Bowl?,Peyton Manning,Peyton Manning | Peyton Manning | Manning | Manning,0.9992324709892273,1.0,1.0
572881704b864d1900164a52,DistilBERT,How did Chinese medicine spread?,Chinese physicians were brought along military campaigns by the Mongols,Chinese physicians were brought along military campaigns by the Mongols | to other parts of the empire | Under the Mongols,0.06263450533151627,1.0,1.0
56e1ec83cd28a01900c67c0a,DistilBERT,What computational problem is commonly associated with prime factorization?,integer factorization problem,The integer factorization problem | integer factorization | integer factorization problem,0.4214459955692291,1.0,1.0
57266e72f1498d1400e8df8d,DistilBERT,The point at which different radiometric isotopes stop diffusing into and out of the crystal lattice is called what?,closure temperature,particular closure temperature | closure temperature | closure temperature,0.66583651304245,1.0,1.0
5726415bec44d21400f3dcd3,DistilBERT,What is a trait of sequential hermaphrodites?,the eggs and sperm mature at different times,the eggs and sperm mature at different times | eggs and sperm mature at different times | eggs and sperm mature at different times,0.41935211420059204,1.0,1.0
57285841ff5b5019007da19d,DistilBERT,What lab does the university have a joint stake in? ,Fermilab,Fermilab | Fermilab | Fermilab,0.9784624576568604,1.0,1.0
57379ed81c456719005744d5,DistilBERT,What can be used to model tension forces?,ideal strings,"ideal strings | ideal strings that are massless | ideal strings that are massless | ideal strings that are massless, frictionless, unbreakable, and unstretchable",0.43163633346557617,1.0,1.0
5728d9403acd2414000e001e,DistilBERT,Civil Disobedience is mainly performed by what population group?,citizen,private citizen | private citizen | private citizen | private,0.5887153744697571,0.0,0.6666666666666666
572812142ca10214002d9d2a,DistilBERT,Who was the executive producer of the 2005 Doctor Who revival series?,Russell T Davies,Russell T Davies | Russell T Davies | Russell T Davies,0.9991732239723206,1.0,1.0
572fcd86947a6a140053ccdc,DistilBERT,An MSP may introduce a bill as what?,a private member,a private member | a private member | private member,0.5886422395706177,1.0,1.0
5727cd0f4b864d1900163d72,DistilBERT,How much more land does the school own in Allston than Cambridge?,fifty percent,approximately fifty percent | fifty percent | fifty percent more,0.7386512160301208,1.0,1.0
572ffbaa947a6a140053ceea,DistilBERT,What did the non-Afghan veterans returning home have in addition to their prestige?,"experience, ideology, and weapons","considerable impact | experience, ideology, and weapons | experience, ideology, and weapons",0.48511171340942383,1.0,1.0
572a0bebaf94a219006aa76f,DistilBERT,In what year did the Amazon experience a drought that may have been more extreme than in 2005?,2010,2010 | 2010 | 2010,0.9916706681251526,1.0,1.0
5725e6f6ec44d21400f3d72d,DistilBERT,What month and year was Apollo 13 launched?,April 1970,"April 1970 | April | April 1970 | April 1970 | April 1970,",0.8559088110923767,1.0,1.0
5733266d4776f41900660715,DistilBERT,Why did Warsaw become the capital of the Commonwealth?,central location between the Commonwealth's capitals of Kraków and Vilnius,Due to its central location | its central location | central location,0.26810455322265625,0.0,0.3636363636363636
57300ec0947a6a140053d008,DistilBERT,How many Muslims came from around the world to fight in Afghanistan?,"16,000 to 35,000","16,000 to 35,000 | 16,000 to 35,000 | 16,000 to 35,000",0.7470874786376953,1.0,1.0
5733fe73d058e614000b673e,DistilBERT,What was the purpose of Loudoun's troops at Fort Henry?,to distract Montcalm,to distract Montcalm | distract Montcalm | distract Montcalm | distract Montcalm | to distract Montcalm,0.8298344016075134,1.0,1.0
56beaa4a3aeaaa14008c91c2,DistilBERT,What team did the Panthers defeat?,Arizona Cardinals,Arizona Cardinals | the Arizona Cardinals | Arizona Cardinals,0.9266324639320374,1.0,1.0
5733fb7bd058e614000b66ff,DistilBERT,Who was appointed as second in command to Lor Loudoun in 1756?,Major General James Abercrombie,Major General James Abercrombie | Lord Loudoun | Major General James Abercrombie | Major General James Abercrombie | Major General James Abercrombie,0.9713228940963745,1.0,1.0
56e0c0c7231d4119001ac378,DistilBERT,Where did the family move in 1862?,"Gospić, Austrian Empire","Gospić, Austrian Empire | Gospić | Gospić",0.6201795339584351,1.0,1.0
5728fd9b3f37b31900477f3b,DistilBERT,Who build the major port city in Kenya?,The Swahili,The Swahili | Swahili | Swahili,0.5308948755264282,1.0,1.0
5728fc9e1d04691400778f14,DistilBERT,What type of defense is sometimes used in court by protestors?,necessity defense has sometimes been used as a shadow defense,competing harms defense | necessity defense | necessity defense | necessity,0.11866487562656403,0.0,0.3636363636363636
573312fcd058e614000b56e7,DistilBERT,When was Warsaw ranked as the 32nd most liveable city in the world?,2012,2012 | 2012 | 2012,0.9158978462219238,1.0,1.0
5725e6f6ec44d21400f3d72c,DistilBERT,What was redesigned during the Apollo program being grounded during 1970?,oxygen tank,oxygen tank | oxygen tank | oxygen tank | oxygen tank | oxygen tank,0.816289484500885,1.0,1.0
572735a15951b619008f86c2,DistilBERT,Where is the ABC four-note jingle still in use?,Demand,ABC on Demand to the beginning of the ABC show | ABC on Demand | ABC on Demand,0.7252894639968872,0.0,0.5
5730b8ca8ab72b1400f9c708,DistilBERT,"What was Isiah Bowman nick name, as known by the public.",Wilson's geographer,Wilson's geographer | Wilson's geographer | Wilson's geographer | Wilson's geographer | Wilson's geographer.,0.859907329082489,1.0,1.0
56d602631c85041400946edc,DistilBERT,Which Super Bowl halftime show did Beyoncé headline?,Super Bowl XLVII,Super Bowl XLVII | Super Bowl XLVII | Super Bowl XLVII,0.12131817638874054,1.0,1.0
573099f42461fd1900a9cef9,DistilBERT,"In 1735, who did John and Charles Wesley teach the gospel to in America?",American Indians,American Indians | to the American Indians | American Indians,0.42437607049942017,1.0,1.0
57337f6ad058e614000b5bcc,DistilBERT,What had the number of people living in Warsaw declined to by 1945?,"420,000","420,000 | 420,000 | 420,000",0.9281324744224548,1.0,1.0
572685d1f1498d1400e8e2a1,DistilBERT,What position did Mark Woods take on at the new American Broadcasting Company?,president and CEO of ABC,president and CEO | president and CEO | president,0.5255356431007385,0.0,0.7499999999999999
5730042804bcaa1900d77013,DistilBERT,What country did the Rhine continue to rise during the holocene?,Netherlands,Netherlands | Netherlands | Netherlands,0.7843967080116272,1.0,1.0
5726c0c5dd62a815002e8f79,DistilBERT,How many soldiers did Genghis Khan take with him to Khwarezmia?,"100,000","100,000 | 100,000 | 100,000 soldiers",0.6709954142570496,1.0,1.0
572a0ecb1d0469140077971a,DistilBERT,Why does unemployment harm growth?,it is a waste of resources,because it is a waste of resources | waste of resources | waste of resources,0.417368620634079,0.0,0.9090909090909091
56e05a78231d4119001ac062,DistilBERT,Who was the War of Currents waged between? ,Thomas Edison and George Westinghouse,Thomas Edison and George Westinghouse | Thomas Edison and George Westinghouse | Thomas Edison and George Westinghouse,0.9746015071868896,1.0,1.0
5728809f2ca10214002da40f,DistilBERT,What was the English name of Gou's calendar?,Shoushi Li,Calendar for Fixing the Seasons | Calendar for Fixing the Seasons | Calendar for Fixing the Seasons,0.34379860758781433,0.0,0.0
57280757ff5b5019007d9b42,DistilBERT,What term is used to explain a change in the appearance of Doctor Who?,the Second Doctor,regeneration | regeneration | renewal,0.5779353380203247,0.0,0.0
5725f07f89a1e219009ac0be,DistilBERT,Which NASA orbiter photographed evidence of each site on the moon that a manned Apollo mission landing occurred?,Lunar Reconnaissance Orbiter,Lunar Reconnaissance Orbiter | Japan Aerospace Exploration Agency's SELENE | Reconnaissance Orbiter | robotic Lunar Reconnaissance Orbiter | Lunar Reconnaissance Orbiter,0.9587429761886597,1.0,1.0
57339c16d058e614000b5ec7,DistilBERT,How long was the Summer Theatre in operation?,from 1870 to 1939,1870 to 1939 | 1870 to 1939 | 1870 to 1939,0.7729729413986206,0.0,0.8571428571428571
5730afed069b531400832262,DistilBERT,"What is a genuine love of God with heart, soul and mind?",Sanctifying Grace,Christian Perfection | Christian Perfection | Christian Perfection,0.3729662597179413,0.0,0.0
57296f85af94a219006aa404,DistilBERT,What shape are pyrenoids?,spherical,roughly spherical | roughly spherical | spherical,0.3591722249984741,1.0,1.0
56de49564396321400ee277a,DistilBERT,What continent are the Canarian Islands off the coast of?,Africa,Africa | Africa | Africa,0.8734568357467651,1.0,1.0
57265aaf5951b619008f706e,DistilBERT,What do the auricles do?,produce water currents that help direct microscopic prey toward the mouth,help direct microscopic prey toward the mouth | produce water currents that help direct microscopic prey toward the mouth | produce water currents that help direct microscopic prey toward the mouth,0.22327986359596252,1.0,1.0
5726a7ecf1498d1400e8e656,DistilBERT,Which articles state that the member states' rights to deliver public services may not be obstructed?,Articles 106 and 107,Articles 106 and 107 | Articles 106 and 107 | Articles 106 and 107,0.6338366866111755,1.0,1.0
57332f81d058e614000b5779,DistilBERT,What building was a gift from the Soviet Union?,Palace of Culture and Science,Palace of Culture and Science | Palace of Culture and Science | Palace of Culture and Science,0.7076152563095093,1.0,1.0
5726e773f1498d1400e8ef6a,DistilBERT,For what league does ABC broadcast games on Christmas day?,NBA Finals,NBA | NBA | NBA,0.48678267002105713,0.0,0.6666666666666666
572683075951b619008f7513,DistilBERT,How are eggs and sperm released?,via pores in the epidermis,via pores in the epidermis | pores in the epidermis | via pores in the epidermis,0.4889301657676697,1.0,1.0
5730bc308ab72b1400f9c73f,DistilBERT,"The Ottoman empire controlled territory on three continents, Africa, Asia and which other?","the Caucasus, North Africa, and the Horn of Africa",Europe | Europe | Europe | Europe | Europe,0.3478286564350128,0.0,0.0
56f8907faef23719006261b5,DistilBERT,Which group did not agree to sign these agreements?,The Swiss cities,The Swiss cities | Swiss cities | The Swiss cities,0.5128172636032104,1.0,1.0
56beb90c3aeaaa14008c92cb,DistilBERT,Who was the #2 pick in the 2011 NFL Draft?,Newton,Von Miller | Von Miller | Miller,0.795647382736206,0.0,0.0
5730aeba069b531400832245,DistilBERT,What did John Wesley originally call the experience of conversion?,the New Birth,New Birth | John Wesley originally called this experience the New Birth. | New Birth,0.7793027758598328,1.0,1.0
56bead5a3aeaaa14008c91ed,DistilBERT,Who was this season's NFL MVP?,Cam Newton,Cam Newton | Cam Newton | Cam Newton,0.856515645980835,1.0,1.0
5727436af1498d1400e8f559,DistilBERT,For which ABC Movie of the Week film did Steven Spielberg first gain success?,Duel,Duel | Duel | Duel,0.9754893779754639,1.0,1.0
5725db4aec44d21400f3d6bf,DistilBERT,What was a plugs-out test done to simulate on the LC-34?,transferring from pad-supplied to internal power,launch countdown | simulate a launch countdown on | simulate a launch countdown | simulate a launch countdown | launch countdown,0.2377476990222931,0.0,0.0
572ff890a23a5019007fcbcd,DistilBERT,What is the term for closing off rivers that are no longer connected?,dammed,dammed | dammed | dammed,0.7257566452026367,1.0,1.0
572827fc3acd2414000df5bc,DistilBERT,How many of Jacksonville's city residents are younger than 18?,23.9%,23.9% | 23.9% | 23.9%,0.9764109253883362,1.0,1.0
57266e72f1498d1400e8df8e,DistilBERT,What type of ratios are used in geochronologic and thermochronologic studies?,isotope ratios,isotope ratios of radioactive elements | isotope | isotope | isotope,0.49129047989845276,0.0,0.6666666666666666
572982e66aef051400154f95,DistilBERT,What organization offers monetary awards for identifying primes with at least 100 million digits?,Electronic Frontier Foundation,"The Electronic Frontier Foundation | Electronic Frontier Foundation | Electronic Frontier Foundation | . The Electronic Frontier Foundation | $150,000",0.7576261758804321,1.0,1.0
56e17a7ccd28a01900c679a1,DistilBERT,What is the name given to the input string of a computational problem?,problem instance,problem instance | a problem instance | problem instance,0.8007973432540894,1.0,1.0
572961f61d0469140077935a,DistilBERT,What differs about secondary chloroplasts' membranes?,additional membranes outside of the original two,additional membranes outside of the original two | additional membranes | have additional membranes outside of the original two,0.38908347487449646,1.0,1.0
56beb86b3aeaaa14008c92bd,DistilBERT,How old was Peyton Manning when he played in Super Bowl 50?,39,39 | 39 | 39 | 39,0.9036508202552795,1.0,1.0
572966ebaf94a219006aa395,DistilBERT,Where does the diatom endosymbiont store starch?,granules,granules in the dinophyte host's cytoplasm | in the dinophyte host | granules in the dinophyte host's cytoplasm,0.18239019811153412,0.0,0.33333333333333337
56bec2013aeaaa14008c9371,DistilBERT,What service did Verizon customers need to use to stream the game on their smartphones?,NFL Mobile,NFL Mobile | NFL Mobile | NFL Mobile service.,0.5813303589820862,1.0,1.0
57283b91ff5b5019007d9fa7,DistilBERT,"What publication called Doctor Who ""The Greatest UK Science Fiction Series Ever""?",SFX,SFX magazine | SFX magazine | SFX magazine,0.7228822708129883,0.0,0.6666666666666666
573766251c45671900574473,DistilBERT,What offers a conceptual definition of force?,Newtonian mechanics,Newtonian mechanics | Newtonian mechanics | Newtonian mechanics | Newtonian mechanics | Newtonian mechanics,0.9269229173660278,1.0,1.0
572fff45947a6a140053cf27,DistilBERT,What stretched across middle Europe in the last ice age?,A tundra,tundra | tundra | A tundra,0.696562647819519,1.0,1.0
572881d34b864d1900164a5a,DistilBERT,What was huihui?,Muslim medicine,Muslim medicine | Muslim medicine | Muslim medicine,0.9405574798583984,1.0,1.0
5726b2fcf1498d1400e8e7e7,DistilBERT,Approximately how many architectural drawings does the V&A hold in its collection?,"600,000","over 600,000 | over 600,000 | 600,000",0.9248121976852417,1.0,1.0
56bead5a3aeaaa14008c91e9,DistilBERT,Who did the Panthers beat in the NFC Championship Game?,Arizona Cardinals,Arizona Cardinals | the Arizona Cardinals | Arizona Cardinals,0.8749830722808838,1.0,1.0
5726c3b3708984140094d0d0,DistilBERT,Which town's massacre did Genghis Khan order in retribution for the treatment of his envoys?,Inalchuq,Otrar | Otrar | Otrar,0.45713120698928833,0.0,0.0
56f7ef96aef2371900625c78,DistilBERT,What lesson did Johann von Staupitz teach Luther  repentance was?,change of heart,a change of heart | change of heart | true repentance does not involve self-inflicted penances and punishments but rather a change of heart.,0.43188539147377014,1.0,1.0
56e0dbb57aa994140058e779,DistilBERT,Who edited Electrical World magazine?,Thomas Commerford Martin,Thomas Commerford Martin | Thomas Commerford Martin | Thomas Commerford Martin,0.9983422160148621,1.0,1.0
5733d7cbd058e614000b63ad,DistilBERT,Where did Iroquois Confederation control?,Upstate New York and the Ohio Country,present-day Upstate New York and the Ohio Country | present-day Upstate New York and the Ohio Country | Upstate New York and the Ohio Country | New York and the Ohio | Upstate New York and the Ohio Country,0.38489988446235657,1.0,1.0
56f8c43d9b226e1400dd0f63,DistilBERT,How did Luther's writings sound as he became less healthy?,harsher,harsher | harsher | harsher,0.618714451789856,1.0,1.0
57267383dd62a815002e8552,DistilBERT,What's the climate like in Newcastle?,oceanic,oceanic | oceanic | significantly milder than some other locations,0.8032127618789673,1.0,1.0
571ce3745efbb31900334e23,DistilBERT,What is the most feared condition that divers want to avoid?,Acute oxygen toxicity,Acute oxygen toxicity | Acute oxygen toxicity | seizures | seizures | seizures,0.4695681929588318,1.0,1.0
571112ada58dae1900cd6bd0,DistilBERT,Other theories of the word's origin can be generally classed as what?,double or triple non-French,double or triple non-French linguistic origins | non-French linguistic origins,0.1773267686367035,0.0,0.8
570607f575f01819005e78b6,DistilBERT,"How many cities in southern California have over 200,000 residents?",34,twelve | twelve | twelve,0.4869302213191986,0.0,0.0
5727780a5951b619008f8a9d,DistilBERT,What kind of programs can be credited for ABC's success in the late 1950s?,westerns and detective series,westerns and detective series | westerns and detective series | westerns and detective series,0.9274280667304993,1.0,1.0
572974923f37b3190047840c,DistilBERT,What is the process of changing light into chemical energy?,photosynthesis,photosynthesis | photosynthesis | photosynthesis,0.9897714257240295,1.0,1.0
57264991f1498d1400e8db2f,DistilBERT,When had the plague reached Alexandria?,autumn 1347,autumn 1347 | 1347 | 1347,0.7322688698768616,1.0,1.0
572758c3dd62a815002e9b7b,DistilBERT,What are alternate English spelling of Genghis?,"Chinghiz, Chinghis, and Chingiz","Chinghiz, Chinghis, and Chingiz | Chinghiz, Chinghis, and Chingiz | Chinghiz, Chinghis, and Chingiz | Chinghiz, Chinghis, and Chingiz",0.5621092319488525,1.0,1.0
5729e2b76aef0514001550cf,DistilBERT,What did the increase in skilled workers lead to?,decrease in the price of skilled labor,a decrease in the price of skilled labor | decrease in the price of skilled labor | decrease in the price of skilled labor,0.5415113568305969,1.0,1.0
5705eccb52bb8914006896b9,DistilBERT,Other than the desert city why do many locals and tourists frequent southern California?,popular beaches,beaches | for its popular beaches | beaches,0.43761715292930603,0.0,0.6666666666666666
5733314e4776f4190066076b,DistilBERT,How many miles east of Berlin is Warsaw?,325,325 | 325 | 325,0.8303341865539551,1.0,1.0
5729fc3d1d0469140077969e,DistilBERT,Lots of tumor cells have fewer of what type of molecule on their surface?,MHC class I molecules,MHC class I molecules | MHC class I | MHC class I molecules,0.47870346903800964,1.0,1.0
57302bd0b2c2fd14005689df,DistilBERT,What does the Islamic State lack from the international community?,international recognition,recognition | international recognition | recognition,0.7946863770484924,1.0,1.0
573027d6a23a5019007fce9d,DistilBERT,When was al-Nimeiry overthrown?,1985,1985 | 1985 | 1985,0.9669638276100159,1.0,1.0
57297bc9af94a219006aa4cb,DistilBERT,How many divisions are required to verify the primality of the number 37?,three,only three divisions | only for those m that are prime | three | three | three,0.5098674893379211,1.0,1.0
57277bfc708984140094dedb,DistilBERT,What is the largest ABC station operator in terms of market reach?,E. W. Scripps Company,E. W. Scripps Company | The E. W. Scripps Company | E. W. Scripps Company,0.5165141820907593,1.0,1.0
571093aba58dae1900cd6a5d,DistilBERT,When did Henry issue the Edict of Nantes?,1598,1598 | 1598 | 1598,0.970718502998352,1.0,1.0
5727cebc2ca10214002d96f2,DistilBERT,How many graduate students does Harvard have?,"14,000","14,000 | 14,000 | 14,000",0.9830313324928284,1.0,1.0
57273d19708984140094db3e,DistilBERT,What did Disney rename Capital City/ABC after first acquiring the company?,ABC Inc,ABC Inc. | ABC Inc. | ABC Inc,0.9812184572219849,1.0,1.0
57332442d058e614000b5720,DistilBERT,What is Warsaw's name in the Polish language?,Warszawa,Warszawa | Warszawa | Warszawa,0.9672547578811646,1.0,1.0
57107a3ea58dae1900cd69de,DistilBERT,What southern city did the Huguenots settle near?,Charleston,"Charleston, South Carolina | Charleston | Charleston, South Carolina",0.6113599538803101,1.0,1.0
56e749dd00c9c71400d76f51,DistilBERT,Who is most likely to teach a child at home?,a family member,family member | family member | family member,0.5264636278152466,1.0,1.0
5727f2714b864d1900164074,DistilBERT,What impact did the high school education movement have on the wages of skilled workers?,decrease in the price of skilled labor,decrease | decrease in the price of skilled labor | decrease,0.3539775013923645,1.0,1.0
5730040f947a6a140053cf4c,DistilBERT,Some elements of the Brotherhood directed what action against the government?,violence,violence | violence | violence,0.9073103666305542,1.0,1.0
572f5875947a6a140053c89e,DistilBERT,What is expected with the continuous input of sediment into the Dornbirner Ach?,will silt up the lake,silt | silt up the lake | the continuous input of sediment into the lake will silt up the lake | silt up the lake,0.5267758369445801,0.0,0.8571428571428571
5728185f3acd2414000df45f,DistilBERT,Who was the creator of the theme for the 50th Anniversary special?,Gold,Gold | Gold | Gold,0.7550617456436157,1.0,1.0
5726eb76f1498d1400e8efdc,DistilBERT,What are two of its subsystems?,the innate immune system versus the adaptive immune system,innate immune system versus the adaptive immune system | innate immune system versus the adaptive immune system | humoral immunity versus cell-mediated immunity | innate immune system versus the adaptive immune system,0.07849940657615662,1.0,1.0
572800b03acd2414000df1f3,DistilBERT,How many episodes were in The Daleks' Master Plan?,12,12 | 12 | 12,0.7908076047897339,1.0,1.0
5725c69738643c19005accba,DistilBERT,What was introduces into the Black Sea?,Mnemiopsis,Mnemiopsis | Mnemiopsis | Mnemiopsis,0.9315359592437744,1.0,1.0
57273d06f1498d1400e8f4f8,DistilBERT,How did Mongol armies lure enemy groups out of their defensive positions?,ambush and counterattack,feigned retreat | feigned retreat | feigned retreat,0.09683094918727875,0.0,0.0
572a1046af94a219006aa791,DistilBERT,What has become the secret to economic growth?,widespread education,widespread education | widespread education | widespread education,0.9404913783073425,1.0,1.0
572764855951b619008f8951,DistilBERT,What soap opera is currently featured in ABC's daytime programming?,General Hospital,General Hospital | General Hospital | General Hospital,0.9892268180847168,1.0,1.0
572700c8dd62a815002e976c,DistilBERT,Which English sculptor who became the leading portrait sculptor in Regency era Britain is represented in the V&A collection?,Nicholas Stone,"Sir Francis Chantrey | Sir Francis Chantrey, | Sir Francis Chantrey",0.1821083426475525,0.0,0.0
57268882f1498d1400e8e307,DistilBERT,What doctrine did the doctrine of the Principles of Geology successfully promote?,uniformitarianism,uniformitarianism | uniformitarianism | uniformitarianism,0.8449458479881287,1.0,1.0
5725cbb289a1e219009abed3,DistilBERT,During what time did civilization in the Amazon was flourishing when Orellana made his observations?,1540s,1540s | 1540s | 1540s,0.553642988204956,1.0,1.0
56d9ccacdc89441400fdb846,DistilBERT,How many total tackles did Charles Johnson have in Super Bowl 50?,four,four | four | four,0.6260481476783752,1.0,1.0
571a50df4faf5e1900b8a962,DistilBERT,"Peroxides, nitrates and dichromates are examples of what type of compounds?",Combustion hazards,compounds of oxygen with a high oxidative | compounds of oxygen with a high oxidative potential | compounds of oxygen with a high oxidative potential | compounds of oxygen with a high oxidative potential | compounds of oxygen with a high oxidative potential,0.2695212662220001,0.0,0.0
56d721af0d65d2140019839f,DistilBERT,Which company has been able to air multiple ads at a steep discount?,Anheuser-Busch InBev,Anheuser-Busch InBev | Anheuser-Busch InBev | Anheuser-Busch InBev,0.7362671494483948,1.0,1.0
57271f125951b619008f8635,DistilBERT,Sophocles demonstrated civil disobedience in a play that was called?,Antigone,Antigone | Antigone | Antigone | Antigone | Antigone,0.9966394901275635,1.0,1.0
57105da9a58dae1900cd699f,DistilBERT,What was the proportion of Huguenots to Catholics at their peak?,one-eighth,about one-eighth the number | about one-eighth | about one-eighth,0.5664317011833191,0.0,0.6666666666666666
57113be3a58dae1900cd6d2a,DistilBERT,How many horsepower was Watt's engine?,ten,ten | ten-horsepower | ten-horsepower | ten,0.6939075589179993,1.0,1.0
5725b7f389a1e219009abd5d,DistilBERT,What is European Union Law?,a body of treaties and legislation,"a body of treaties and legislation | a body of treaties and legislation, such as Regulations and Directives, which have direct effect or indirect effect on the laws of European Union member states | a body of treaties and legislation, such as Regulations and Directives | a body of treaties and legislation, such as Regulations and Directives",0.7391998171806335,1.0,1.0
5727d88b4b864d1900163e5e,DistilBERT,How many museums comprise Harvard Art Museums?,three,three museums. | three | three,0.8689211010932922,1.0,1.0
5733f9fa4776f41900661621,DistilBERT,What other clashes were involved in taking Louisbourg?,Petitcodiac in 1755 and at Bloody Creek near Annapolis Royal in 1757,Petitcodiac in 1755 and at Bloody Creek near Annapolis Royal in 1757 | Petitcodiac in 1755 and at Bloody Creek near Annapolis Royal in 1757 | deportation of the French-speaking Acadian population from the area | Petitcodiac in 1755 and at Bloody Creek | Petitcodiac in 1755 and at Bloody Creek near Annapolis Royal in 1757,0.36533889174461365,1.0,1.0
572974923f37b3190047840d,DistilBERT,What is chemical energy used to produce in plants?,light,food in the form of sugars | light | food in the form of sugars,0.40306758880615234,1.0,1.0
572ff56304bcaa1900d76f2e,DistilBERT,"Other than the Ijssel, where does the water from the Pannerdens Kanaal redsitrubute?",Nederrijn,Nederrijn | Nederrijn | Nederrijn,0.6863664388656616,1.0,1.0
5725b76389a1e219009abd4a,DistilBERT,When did the United States withdraw from the Bretton Woods Accord?,"August 15, 1971","On August 15, 1971 | August 15, 1971 | August 15, 1971 | August 15, 1971 | August 15, 1971",0.9766618609428406,1.0,1.0
5737a4511c456719005744e0,DistilBERT,What would change the rotational inertia of a body under Newton's First Law of Motion?,an unbalanced torque,unbalanced torque | unbalanced torque | unbalanced torque | an unbalanced torque,0.46905753016471863,1.0,1.0
56e16839cd28a01900c67887,DistilBERT,What measure of a computational problem broadly defines the inherent difficulty of the solution?,complexity,if its solution requires significant resources | its solution requires significant resources | if its solution requires significant resources,0.18346211314201355,0.0,0.0
5726b929f1498d1400e8e8ec,DistilBERT," In the 2009 Commission v Italy, case, the Court of Justice held that an Italian low prohibiting what infringed article 34?",motorcycles or mopeds pulling trailers,motorcycles or mopeds pulling trailers | motorcycles or mopeds pulling trailers | motorcycles or mopeds pulling trailers,1.9066089987754822,1.0,1.0
5726de7a5951b619008f80af,DistilBERT,The Art Deco style of glassware is represented by which artist?,René Lalique,René Lalique | René Lalique | René Lalique,0.9834517240524292,1.0,1.0
57296a65af94a219006aa3c6,DistilBERT,How does the secondary theory say most cpDNA replicates?,through homologous recombination,homologous recombination | homologous recombination | through homologous recombination,0.6558201313018799,1.0,1.0
572fac17947a6a140053cb54,DistilBERT,When was the current parliament of Scotland convened?,1998,Following a referendum in 1997 | 1998 | 1998,0.3926807940006256,1.0,1.0
57284d484b864d1900164903,DistilBERT,What public policy school found it's home in the building that Ludwig Mies van der Rohe designed?,School of Social Service Administration,Harris School of Public Policy Studies | Harris School of Public Policy Studies | the Harris School of Public Policy Studies,0.43688657879829407,0.0,0.3636363636363636
57268220f1498d1400e8e218,DistilBERT,Why is it important to precisely date rocks within the stratigraphic section? ,to provide better absolute bounds on the timing and rates of deposition,provide better absolute bounds on the timing and rates of deposition | gain information about past climate | provide better absolute bounds on the timing and rates of deposition,0.4091169238090515,0.0,0.9523809523809523
572882242ca10214002da424,DistilBERT,When was the Imperial Library Directorate established?,1273,1273 | 1273 | In 1273,0.9575326442718506,1.0,1.0
5728ef8d2ca10214002daac3,DistilBERT,When did the Bantu expansion reach the area from West-Central Africa?,By the first millennium AD,By the first millennium AD | By the first millennium AD | first millennium AD,0.4078889489173889,1.0,1.0
5727cff1ff5b5019007d95c4,DistilBERT,What was the Harvard endowment total in 2011?,$32 billion,$32 billion | $32 billion | $32 billion,0.8709742426872253,1.0,1.0
5726bcde708984140094cfbf,DistilBERT,What has lately been being viewed as a fundamental status of member state nationals by the Court of Justice?,Citizenship of the EU,Citizenship of the EU | Citizenship of the EU | Citizenship of the EU,0.9766989946365356,1.0,1.0
573408ef4776f41900661759,DistilBERT,What choice did French have for surrendering land?,France chose to cede the former,"continental North American possessions east of the Mississippi or the Caribbean islands of Guadeloupe and Martinique | surrendering either its continental North American possessions east of the Mississippi or the Caribbean islands of Guadeloupe and Martinique | either its continental North American possessions east of the Mississippi or the Caribbean islands of Guadeloupe and Martinique, | its continental North American possessions east of the Mississippi or the Caribbean islands | surrendering either its continental North American possessions east of the Mississippi or the Caribbean islands of Guadeloupe and Martinique",0.04780580475926399,0.0,0.0
5728231fff5b5019007d9dd8,DistilBERT,When was the debut of the 1983 special called The Five Doctors?,23 November,23 November | 23 November | 23 November,0.9384034276008606,1.0,1.0
56e1c2eee3433e1400423136,DistilBERT,A language solved in quadratic time implies the use of what type of Turing machine?,multi-tape,single-tape Turing machines | single-tape | single-tape,0.3510103225708008,0.0,0.0
57273a465951b619008f8703,DistilBERT,Construction takes place on location for who?,a known client,a known client | client | known client,0.7889915704727173,1.0,1.0
56f80ccfaef2371900625d84,DistilBERT,When did Luther publish On the Bondage of the Will?,1525,1525 | 1525 | 1525,0.9970270991325378,1.0,1.0
56e0fe85e3433e1400422a6a,DistilBERT,What natural phenomenon did Tesla create artificially? ,lightning,lightning | lightning | lightning,0.9785529971122742,1.0,1.0
56e19724cd28a01900c679f6,DistilBERT,A function problem is an example of what?,computational problem,a computational problem | a computational problem | a computational problem,0.43231987953186035,1.0,1.0
572ff932a23a5019007fcbd6,DistilBERT,What do supporters of Islamism believe their views reflect?,Islam,Islam | Islam | Islam,0.9254124760627747,1.0,1.0
56de4c324396321400ee27ac,DistilBERT,What is Norman art's most well known piece?,Bayeux Tapestry,Bayeux Tapestry | the Bayeux Tapestry | the Bayeux Tapestry,0.6462606191635132,1.0,1.0
57277af2708984140094dec5,DistilBERT,What company reached a deal to also stream its ABC affiliates?,Hearst Television,Hearst Television | Hearst Television | Hearst Television,0.9537452459335327,1.0,1.0
571c97e2dd7acb1400e4c121,DistilBERT,Where  by mass is oxygen a major part?,oceans,"world's oceans | the world's oceans | in the Earth's biosphere, air, sea and land | oceans | the world's oceans",0.30451270937919617,1.0,1.0
5729582b1d046914007792e7,DistilBERT,Which lineage includes land plants?,green chloroplast lineage,the green chloroplast lineage | the green chloroplast lineage | green chloroplast lineage,0.513553261756897,1.0,1.0
5726e834dd62a815002e94a5,DistilBERT,To whom has the Antwerp City Hall doors in the V&A collection been attributed?,Hans Vredeman de Vries,Hans Vredeman de Vries | Hans Vredeman de Vries | Hans Vredeman de Vries,0.975181519985199,1.0,1.0
5726c4b5dd62a815002e8fda,DistilBERT,The sculpture of Amida Nyorai that is included in the V&A's Japanese art collection is dated to which century?,13th,13th | 13th-century | 13th,0.6512612700462341,1.0,1.0
56d720c70d65d21400198398,DistilBERT,What followed the late local programming after Super Bowl 50?,The Late Show,The Late Late Show with James Corden. | The Late Late Show with James Corden | The Late Late Show with James Corden.,0.8791912794113159,0.0,0.5
5729ea263f37b319004785bf,DistilBERT,How much windblown dust leaves the Sahara each year?,182 million tons,182 million tons | 182 million tons | 182 million tons,0.7017680406570435,1.0,1.0
56e77b8c00c9c71400d77197,DistilBERT,Is the Pope's confessor a Bishop?,not always a bishop,not always | not always,0.5194648504257202,0.0,0.8
572976791d046914007794af,DistilBERT,What can rubisco do by mistake?,add O2 instead of CO2 to RuBP,add O2 instead of CO2 to RuBP | add O2 instead of CO2 | add O2 instead of CO2 to RuBP,0.4749980866909027,1.0,1.0
572925491d046914007790c5,DistilBERT,What are the biggest burdens?,Preventable diseases,"diseases like malaria, HIV/AIDS, pneumonia, diarrhoea and malnutrition | Preventable diseases like malaria, HIV/AIDS, pneumonia, diarrhoea and malnutrition | Preventable diseases",0.032076697796583176,1.0,1.0
57269526dd62a815002e8a4f,DistilBERT,How many of the schools in Newcastle are independent? ,seven,seven | seven | seven,0.9674292206764221,1.0,1.0
5728827b2ca10214002da42d,DistilBERT,What had the Yuan used to print its money before bronze plates?,woodblocks,woodblocks | woodblocks | woodblocks,0.9693508744239807,1.0,1.0
56f802c6a6d7ea1400e17378,DistilBERT,What were these indulgences supposed to grant the giver?,salvation,salvation | salvation | salvation,0.9746601581573486,1.0,1.0
5730cb8df6cb411900e244c4,DistilBERT,What is the greatest number of members a board of trustees can have?,at least three,nine | no more than nine members | nine,0.3319065272808075,0.0,0.0
56f81393aef2371900625dac,DistilBERT,What scripture did Luther use to back up his opinion that churchmen were not infallible?,Matthew 16:18,Matthew 16:18 | Matthew 16:18 | Matthew 16:18,0.9620791077613831,1.0,1.0
56bec4343aeaaa14008c93a9,DistilBERT,What Universal trailer debuted during the Super Bowl?,Alice Through the Looking Glass,Jason Bourne | Jason Bourne | Jason Bourne,0.18914881348609924,0.0,0.0
56e11ba9cd28a01900c675db,DistilBERT,To what place did he bring the injured pigeons to take care of them?,his hotel room,hotel room | his hotel room | his hotel room,0.49876561760902405,1.0,1.0
5725d2ef271a42140099d255,DistilBERT,What was the name of the upgraded Saturn I called?,Saturn IB,Saturn IB | S-IB | Saturn IB | Saturn IB | Saturn IB,0.6297239661216736,1.0,1.0
57284b904b864d19001648e5,DistilBERT,The Mitchell Tower is designed to look like what Oxford tower?,Magdalen Tower,Oxford's Magdalen Tower | Magdalen Tower | Magdalen Tower | Magdalen Tower,0.6739605665206909,1.0,1.0
56e11a73e3433e1400422bf0,DistilBERT,What was the daily distance walked by Tesla?,between 8 to 10 miles,between 8 to 10 miles per day | 8 to 10 miles | 8 to 10 miles,0.4645950496196747,0.0,0.888888888888889
56d20650e7d4791d00902614,DistilBERT,Who sang the national anthem?,Lady Gaga,Lady Gaga | Lady Gaga | Lady Gaga,0.9983307719230652,1.0,1.0
57115ff82419e314009555c3,DistilBERT,What is another term for rotors?,rotating discs,rotating discs | rotating discs | rotating discs,0.9945095777511597,1.0,1.0
56f84a60aef2371900625f9d,DistilBERT,How quick was the effect of Luther's preaching?,immediate,immediate | immediate | immediate,0.9337055087089539,1.0,1.0
57281940ff5b5019007d9d45,DistilBERT,What type of movies were produced in Jacksonville's 30 studios?,silent film,silent film | silent film | silent,0.6513493061065674,1.0,1.0
5706094b52bb8914006897e0,DistilBERT,The region was a leader in what event between 2001 - 2007?,housing bubble,the housing bubble | the housing bubble,0.7133632898330688,1.0,1.0
5728e5224b864d1900165035,DistilBERT,What type of goals are usually done skirting the law?,social goal,social goal | social goal | protests toward public policy | propaganda | social,0.2746419906616211,1.0,1.0
5726acc1f1498d1400e8e6cb,DistilBERT,Which shaman's proclamation aided Temüjin's rise? ,Kokochu,Kokochu | Kokochu | Kokochu,0.9892868995666504,1.0,1.0
572829532ca10214002d9fa3,DistilBERT,When did Torchwood premier?,22 October 2006,22 October 2006 | 22 October 2006 | 22 October 2006,0.7233723402023315,1.0,1.0
5726cfa3708984140094d20c,DistilBERT,Approximately how many images were digitized during the first year of the digitization project?,"15,000","15,000 | 15,000 | 15,000",0.9515479207038879,1.0,1.0
56bebde53aeaaa14008c9337,DistilBERT,What venue hosted Super Bowl Opening Night?,SAP Center,SAP Center | SAP Center | SAP Center,0.6643710732460022,1.0,1.0
5730afed069b531400832260,DistilBERT,What is that grace of God which sustains the believers in the journey towards Christian Perfection?,Sanctifying Grace,"Sanctifying Grace | a genuine love of God with heart, soul, mind, and strength, | Sanctifying Grace",0.9923081398010254,1.0,1.0
56f881e3a6d7ea1400e176f7,DistilBERT,When was the last use by Bach of Luther's work?,1724 to 1725,1735 | 1735 | Wär Gott nicht mit uns diese Zeit,0.4834177792072296,0.0,0.0
5726a4a9708984140094ccba,DistilBERT,When was Temüjin's half-brother Begter killed?,one hunting excursion,during one hunting excursion | one hunting excursion | during one hunting excursion,0.8561689853668213,1.0,1.0
56bf5abc3aeaaa14008c95ea,DistilBERT,What was the name of the fund setup to help with investing in the community? ,50 fund,50 fund | the 50 fund | 50 fund,0.6860032081604004,1.0,1.0
56e11cedcd28a01900c675eb,DistilBERT,What kind of memory was Tesla thought to have?,photographic,photographic memory | photographic | photographic,0.6940745711326599,1.0,1.0
570d2417fed7b91900d45c3e,DistilBERT,Where according to gross state product does Victoria rank in Australia?,second,second | second | second,0.9275469183921814,1.0,1.0
56be54bdacb8001400a50323,DistilBERT,How many times has the South Florida/Miami area hosted the Super Bowl?,10,10 | 10 | 10,0.7612583041191101,1.0,1.0
5726f36cdd62a815002e9602,DistilBERT,"Besides drugs, what else do specialty pharmacies provide?","lab monitoring, adherence counseling","lab monitoring, adherence counseling, and assist patients with cost-containment strategies needed to obtain their expensive specialty drugs | lab monitoring, adherence counseling, and assist patients with cost-containment strategies | lab monitoring, adherence counseling, and assist patients with cost-containment strategies needed to obtain their expensive specialty drugs",0.6617253422737122,0.0,0.5714285714285715
570d50a5fed7b91900d45e7d,DistilBERT,How much did the gross agricultural product increase from 2003-04?,17% to $8.7 billion,$8.7 billion | 24% | $8.7 billion,0.5008656978607178,0.0,0.6666666666666666
5728ebcb3acd2414000e01da,DistilBERT,Which duty do some people believe civil disobedients have?,to submit to the punishment prescribed by law,submit to the punishment prescribed by law | to submit to the punishment prescribed by law | submit to the punishment | to submit to the punishment prescribed by law | to submit to the punishment prescribed by law | to submit to the punishment prescribed by law,0.8576382398605347,1.0,1.0
56bec2013aeaaa14008c9374,DistilBERT,On what game console was the CBS Sports app available?,"Windows 10, Xbox One",Xbox One | Xbox One | Xbox One,0.39769941568374634,0.0,0.6666666666666666
56e1aba0e3433e1400423094,DistilBERT,What is the term for a mathematical model that theoretically represents a general computing machine?,Turing machine,A Turing machine | A Turing machine | Turing machine,0.4818803369998932,1.0,1.0
57280e1aff5b5019007d9bee,DistilBERT,What civilization did the pottery belong to?,Mocama,Timucua | Timucua people | Mocama,0.1616833657026291,1.0,1.0
572914441d04691400779025,DistilBERT,When did President Uhuru Kenyatta sign a Security Law Amendment Bill?,December 2014,December 2014 | December 2014 | December 2014,0.9779629111289978,1.0,1.0
572810ec2ca10214002d9d08,DistilBERT,Why the narrow part of St. John's River called Cowford?,cattle were brought across the river there.,cattle were brought across the river there. | cattle were brought across | cattle were brought across the river there,0.16612912714481354,1.0,1.0
571ce5055efbb31900334e2e,DistilBERT,How much damage does breathing oxygen in space conditions cause?,no damage,no damage | no damage | no | no | no damage,0.24883317947387695,1.0,1.0
5727500f708984140094dc00,DistilBERT,In what month and year was the revised Manual of Regulations for Private Schools released?,August 1992,August 1992 | August 1992 | August 1992,0.9479944705963135,1.0,1.0
56beb4e43aeaaa14008c9266,DistilBERT,Who played quarterback for the Broncos after Peyton Manning was benched?,Brock Osweiler,Brock Osweiler | Brock Osweiler | Osweiler,0.9610382318496704,1.0,1.0
57275409708984140094dc36,DistilBERT,How do academic results in former Model C schools compare to other schools?,better,better | better | produce better academic results,0.7412771582603455,1.0,1.0
572fbfa504bcaa1900d76c73,DistilBERT,Which month is the first in the year Parliament takes a two week vacation?,April and October,April | April | April,0.45368483662605286,0.0,0.5
5727f8342ca10214002d9a80,DistilBERT,What other series mentioned returned with a plot continuation?,Battlestar Galactica and Bionic Woman,"Mission Impossible, | Mission Impossible | Mission Impossible",0.6021554470062256,0.0,0.0
5728f6446aef0514001548e5,DistilBERT,What immune system is activated by the innate response?,adaptive immune system,adaptive immune system | adaptive | the adaptive immune system,0.6051857471466064,1.0,1.0
5726651ff1498d1400e8de31,DistilBERT,What trade was the city an important center of in the 14th century?,wool,wool | wool | the wool trade,0.4511473774909973,1.0,1.0
57300a25a23a5019007fcc99,DistilBERT,Who established the Confederation of the Rhine?,Napoleon,Napoleon | Napoleon | Napoleon,0.9285076260566711,1.0,1.0
57268527708984140094c8bf,DistilBERT,Who is viewed as the first modern geologist?,James Hutton,James Hutton | James Hutton | James Hutton,0.9980000853538513,1.0,1.0
56f86b44a6d7ea1400e175f7,DistilBERT,What did he work on refining until the end of his life?,the whole Bible,the translation | translation | translation,0.22871726751327515,0.0,0.0
573010fab2c2fd14005687d7,DistilBERT,Who did the attacks resonate most with?,conservative Muslims,conservative Muslims | Muslims | conservative Muslims,0.9651488661766052,1.0,1.0
56bf4e1b3aeaaa14008c95c0,DistilBERT,"If Roman numerals were used in the naming of the 50th Super Bowl, which one would have been used?",Super Bowl 50,L | L | L,0.40397995710372925,0.0,0.0
5726701add62a815002e84cb,DistilBERT,"When rock folds deep in the Earth it can fold one of two ways, when it buckles downwards it creates what? ",antiforms,synforms | synforms | synforms,0.4442455470561981,0.0,0.0
5730c8a1f6cb411900e2449e,DistilBERT,"In March 2007, the Mission Council of the South Central jurisdiction approved a 99-year lease on how many acres?",36,36 | 36 acres | 36,0.9660162329673767,1.0,1.0
57269aa65951b619008f77ab,DistilBERT,Which type of law makes EU institutions and its member states follow the law?,administrative law,administrative law | administrative law | administrative law,0.7108497023582458,1.0,1.0
5727ea45ff5b5019007d986f,DistilBERT,What impact does workers working harder have on productivity of a business?,downward pressure on wages,"less workers are required | raises the productivity of each worker,",0.030719498172402382,0.0,0.0
57297103af94a219006aa426,DistilBERT,What is beta carotene?,a bright red-orange carotenoid,a bright red-orange carotenoid | a bright red-orange carotenoid | bright red-orange carotenoid found in nearly all chloroplasts,0.6459092497825623,1.0,1.0
57300a9a04bcaa1900d77064,DistilBERT,When would the occupation of allies leave Rhineland?,1930,1935 | 1930 | 1935,0.935955286026001,1.0,1.0
5725f239271a42140099d35d,DistilBERT,What type of camera was used to record the Moon landing?,Apollo TV,special Apollo TV camera | Apollo TV camera | Apollo TV | Apollo TV camera | Apollo TV camera,0.4331464171409607,1.0,1.0
5726509bdd62a815002e815a,DistilBERT,Who challenged the plague theory first?,J. F. D. Shrewsbury,British bacteriologist J. F. D. Shrewsbury | J. F. D. Shrewsbury | J. F. D. Shrewsbury,0.8282673954963684,1.0,1.0
572906e23f37b31900477f90,DistilBERT,When did Kenya become an independent country?,1963,1963 | Kenya Independence Act | 1963,0.37199410796165466,1.0,1.0
5728223cff5b5019007d9dc7,DistilBERT,"Aside from being located on the coast, what contributes to Jacksonville's lack of cold weather?",low latitude,low latitude | low latitude | low latitude,0.9194783568382263,1.0,1.0
56e1c720e3433e140042316a,DistilBERT,What is an example of a measurement within a complexity class that would create a bigger set of problems if the bounds were relaxed?,DTIME(n),computation time | computation time | computation time,0.4407294690608978,0.0,0.0
56f7f2e0aef2371900625cb1,DistilBERT,When did Luther enter into the senate of the Theology faculty of the University of Wittenberg?,21 October 1512,"21 October 1512 | 21 October 1512 | October 1512,",0.8498243093490601,1.0,1.0
57376c50c3c5551400e51ece,DistilBERT,"If a force is pointing horizontally to the northeast, how many forces can you split the force into?",two,two | two | two | two,0.7870826125144958,1.0,1.0
572944e03f37b319004781e4,DistilBERT,"How many Medieval Warm Period reconstructions covered 1,000+ years?",Ten,Ten | 14 | Ten,0.6125038266181946,1.0,1.0
57269b165951b619008f77b4,DistilBERT,What year was the latest addition to the Church of St. Andrew?,1726,1726 | 1726 | 1726,0.9910388588905334,1.0,1.0
56e1cbe2cd28a01900c67baf,DistilBERT,What would need to remain constant in a multiplication algorithm to produce the same outcome whether multiplying or squaring two integers?  ,input,input | input | input,0.3228214681148529,1.0,1.0
5727f5622ca10214002d9a45,DistilBERT,Who ended the series in 1989?,Jonathan Powell,Jonathan Powell | Jonathan Powell | Jonathan Powell,0.9892647862434387,1.0,1.0
56d70d240d65d21400198326,DistilBERT,Where did the Panthers practice for the Super Bowl?,San Jose State,San Jose State practice facility | the San Jose State practice facility | San Jose State,0.49328866600990295,1.0,1.0
57286bf84b864d19001649d4,DistilBERT,"What alumni wrote ""The Closing of the American Mind""?",Allan Bloom,Allan Bloom | Allan Bloom | Allan Bloom,0.9796330332756042,1.0,1.0
571127a5a58dae1900cd6cc6,DistilBERT,Where did the world's first railway journey terminate?,Pen-y-darren ironworks,Abercynon | Abercynon in south Wales | Abercynon,0.1376887410879135,0.0,0.0
572872822ca10214002da376,DistilBERT,Who were later Yuan emperors isolated from?,both the army and the populace,both the army and the populace | army and the populace | the army and the populace,0.4803367853164673,1.0,1.0
572982e66aef051400154f92,DistilBERT,What is the name of one type of computing method that is used to find prime numbers?,distributed computing,distributed computing | distributed computing | distributed | distributed computing | distributed computing,0.6884294152259827,1.0,1.0
572825a92ca10214002d9eff,DistilBERT,Bedau notes that illegal protests towards public policy may serve as what purpose?,propaganda,propaganda | propaganda | propaganda | propaganda | just a harassment,0.41342583298683167,1.0,1.0
57108d69b654c5140001f983,DistilBERT,What country initially received the largest number of Huguenot refugees?,Dutch Republic,the Dutch Republic | Dutch Republic | Dutch Republic,0.5298178791999817,1.0,1.0
572a1a5c6aef051400155286,DistilBERT,What does it take a country with high inequality longer to achieve?,60 years to achieve the same reduction,reduction | halve poverty | halve poverty,0.26023003458976746,0.0,0.2857142857142857
5711619950c2381900b54ab3,DistilBERT,"In an atmospheric engine, what does air pressure push against?",a piston into the partial vacuum generated by condensing steam,piston | a piston | piston | a piston,0.11916402727365494,0.0,0.2222222222222222
5727f05b4b864d190016406c,DistilBERT,What are those with lower incomes less likely to have in order to prepare for the future?,lower wages,"savings and investment | education, | education",0.1378784328699112,0.0,0.0
5725bc7138643c19005acc1f,DistilBERT,How many days after Gagarin's flight did the US House Committee on Science and Astronautics meet?,one,one day | one | one | one | one day,0.6933578252792358,1.0,1.0
5725cc38ec44d21400f3d5bc,DistilBERT,Which two treaties provided more formal institutions of the European Union?,Treaty of Rome 1957 and the Maastricht Treaty 1992,Treaty of Rome 1957 and the Maastricht Treaty 1992 | the Treaty of Rome 1957 and the Maastricht Treaty 1992 | the Treaty of Rome 1957 and the Maastricht Treaty 1992 (now: TFEU) | the Treaty of Rome 1957 and the Maastricht Treaty 1992 (now: TFEU),0.5550958514213562,1.0,1.0
571cebc05efbb31900334e48,DistilBERT,What can concentrated oxygen produce?,rapid combustion,rapid combustion | rapid combustion | rapid combustion | rapid combustion | rapid combustion,0.834538996219635,1.0,1.0
572949306aef051400154c6b,DistilBERT,When was the Third Assessment Report published?,2001,2001 | 2001 | 2001,0.9832392334938049,1.0,1.0
572685d1f1498d1400e8e2a0,DistilBERT,Who did Noble acquire the rights to the American Broadcasting Company name from?,George B. Storer,George B. Storer | George B. Storer | 1944,0.9881067276000977,1.0,1.0
5725db98ec44d21400f3d6c7,DistilBERT,When was most of Sunnside developed?,1950s,1950s through the 1970s | 1950s through the 1970s | 1950s through the 1970s,0.5552378296852112,0.0,0.5
56e10412e3433e1400422abb,DistilBERT,Where did he work on the oscillators?,Houston Street lab,Houston Street lab | his Houston Street lab | his Houston Street lab,0.8981966972351074,1.0,1.0
5706074552bb8914006897d6,DistilBERT,Each of the extended metropolitan areas has a population that exceeds what number?,five million,five million | five million | five million,0.9494935870170593,1.0,1.0
56e0bcc0231d4119001ac36d,DistilBERT,What was Tesla's mother's name?,Đuka,Đuka Tesla | Đuka Tesla | Đuka Tesla (née Mandić),0.30516737699508667,0.0,0.6666666666666666
5727dc473acd2414000dee43,DistilBERT,What is the name of Harvard's basketball facility?,Lavietes Pavilion,Lavietes Pavilion | Lavietes Pavilion | Lavietes Pavilion,0.5841633081436157,1.0,1.0
572ff430a23a5019007fcbac,DistilBERT,What is the name of the longest bridge in Germany?,Emmerich Rhine Bridge,Emmerich Rhine Bridge | Emmerich Rhine Bridge | Emmerich Rhine Bridge,0.932711660861969,1.0,1.0
572667e2f1498d1400e8de94,DistilBERT,What is something that is often torn up and included in sedimentary rock?,gravel,gravel | gravel | gravel | gravel,0.9783443212509155,1.0,1.0
5730131c947a6a140053d055,DistilBERT,When did Jamaa Islamiya renounce violence?,2003,in 2003 | 2003 | 2003,0.9586959481239319,1.0,1.0
5725b7f389a1e219009abd5e,DistilBERT,What are the main sources of primary law?,the Treaties establishing the European Union,"Treaties establishing the European Union | the Treaties establishing the European Union | primary law, secondary law and supplementary law | the Treaties establishing the European Union",0.4392291307449341,1.0,1.0
56e0cbf3231d4119001ac3ac,DistilBERT,When did Tesla enroll in Austrian Polytechnic?,1875,1875 | In 1875 | 1875,0.9913153052330017,1.0,1.0
57268e2bf1498d1400e8e3b3,DistilBERT,When did Denmark join the EU?,1972,1972 | 1972 | 1972 | 1972,0.9772182703018188,1.0,1.0
57302a3aa23a5019007fced3,DistilBERT,Who influenced the Taliban's ideology?,Wahhabism,Osama bin Laden | Osama bin Laden | Osama bin Laden,0.6178573966026306,0.0,0.0
57275743f1498d1400e8f682,DistilBERT,What network did ABC beat out for third place in television ratings in 2010-11?,NBC,NBC | NBC | NBC,0.9836646914482117,1.0,1.0
57340d124776f419006617c3,DistilBERT,Where did many Spanish Catholic move after British takeover in Florida?,Cuba,"Most went to Cuba, | Most went to Cuba | Cuba | Cuba | Cuba",0.9406978487968445,1.0,1.0
56e0cdb9231d4119001ac3ca,DistilBERT,Who gave Tesla money to go to Prague?,two of Tesla's uncles,two of Tesla's uncles | Tesla's uncles | two of Tesla's uncles,0.8901005983352661,1.0,1.0
571161092419e314009555d8,DistilBERT,What parts of a conventional reciprocating steam engine could be replaced by a pistonless rotary engine?,valve gear,cylinders and valve gear | cylinders and valve gear | cylinders and valve gear,0.9911175966262817,0.0,0.6666666666666666
56be4db0acb8001400a502ef,DistilBERT,Which NFL team won Super Bowl 50?,Carolina Panthers,Denver Broncos | Denver Broncos | Denver Broncos,0.37563538551330566,0.0,0.0
57269d745951b619008f77da,DistilBERT,What Newcastle radio station is based at the Great North Children's Hospital?,Radio Lollipop,Radio Lollipop | Radio Lollipop | Radio Lollipop,0.7574478983879089,1.0,1.0
56d729ec0d65d21400198431,DistilBERT,Who tipped Peyton's pass for an interception?,Kony Ealy,Kony Ealy | Kony Ealy | Ealy,0.9939398169517517,1.0,1.0
57274a8ff1498d1400e8f5be,DistilBERT,How does the level of tuition in German private schools compare to private schools in other Western European countries?,low,very low | very low | very low tuition fees,0.3857991695404053,0.0,0.6666666666666666
5730a951069b531400832214,DistilBERT,What did France offer that was rare by imperial standards?,Full citizenship rights,assimilation | Full citizenship rights | assimilation | assimilation | Full citizenship rights,0.8222212195396423,1.0,1.0
5725f16f89a1e219009ac0cc,DistilBERT,What crew sent the first ever live images of the Earth and Moon to earth?,Apollo 8,Apollo 8 | Apollo 8 | Apollo 8 | Apollo 8 | Apollo 8,0.9103615283966064,1.0,1.0
56beb6f23aeaaa14008c92a1,DistilBERT,Who lost to the Panthers in the divisional round of the playoffs?,Seattle Seahawks,Seattle Seahawks | the Seattle Seahawks | Seahawks,0.8880017399787903,1.0,1.0
5730c810aca1c71400fe5aa8,DistilBERT,How many central conferences are outside of the United States?,seven,"seven | seven central conferences: Africa, Congo, West Africa, Central & Southern Europe, Germany, Northern Europe and the Philippines. | seven",0.8998083472251892,1.0,1.0
572a03086aef0514001551a4,DistilBERT,What are two examples of cytotoxic or immunosuppressive drugs?,methotrexate or azathioprine,methotrexate or azathioprine | methotrexate or azathioprine | methotrexate or azathioprine,0.9873510599136353,1.0,1.0
57297a276aef051400154f8c,DistilBERT,Of what form do Mersenne primes take?,2p − 1,"2p − 1 | 2p − 1, with p a prime | 2p − 1 | 2p − 1 | 2p − 1",0.9824981689453125,1.0,1.0
5726db5add62a815002e92d5,DistilBERT,What is Pedanius Dioscorides known for?,writing a five volume book,writing a five volume book in his native Greek | writing a five volume book | five volume book in his native Greek,0.26367563009262085,1.0,1.0
572671e55951b619008f72da,DistilBERT,How is the opening of the Grainger Market documented in the Laing Art Gallery?,a painting,a painting | a painting | a painting,0.724605143070221,1.0,1.0
57094b4f9928a814004714f8,DistilBERT,How many BSkyB channels were available to customers prior to October 2005?,three,three | three | three,0.8997578620910645,1.0,1.0
572922206aef051400154a8d,DistilBERT,Where is the only Jewish synagogue located?,Nairobi,Nairobi | Nairobi | Nairobi,0.9016202688217163,1.0,1.0
5726ed12708984140094d645,DistilBERT,When was the FCC's sixth report and order released?,1952,1952 | 1952 | 1952,0.9779507517814636,1.0,1.0
56e1b355e3433e14004230b1,DistilBERT,What often affects or facilitates ease of analysis in computational problems?,non-deterministic time,unusual resources | more unusual resources | more unusual resources,0.9037041068077087,0.0,0.0
56de10b44396321400ee2594,DistilBERT,Who was the leader when the Franks entered the Euphrates valley?,Oursel,Oursel | Oursel | Oursel,0.9495787024497986,1.0,1.0
5726bc1add62a815002e8ea7,DistilBERT,Which Belgian footballer claimed that he should be allowed to transfer from one football club to another when his contract was fulfilled?,Jean-Marc Bosman,Jean-Marc Bosman | the Belgian Football Association v Bosman | Jean-Marc Bosman,0.9797069430351257,1.0,1.0
57114667a58dae1900cd6d82,DistilBERT,What company developed the most successful steam engine indicator?,Charles Porter by Charles Richard,Charles Porter | Charles Porter | Charles Porter,0.5814275145530701,0.0,0.5714285714285715
5726f90b708984140094d760,DistilBERT,What do the Animal Locomotion photographs capture?,images of different animals and humans performimg various actions,animals and humans performimg various actions | images of different animals and humans performimg various actions | different animals and humans performimg various actions,0.5968245267868042,1.0,1.0
571cc6f85efbb31900334de7,DistilBERT,What element is used as a coolant in the process of making liquid oxygen?,nitrogen,liquid nitrogen | liquid nitrogen | liquid nitrogen | liquid nitrogen | nitrogen,0.5447363257408142,1.0,1.0
57269cc3dd62a815002e8b14,DistilBERT,How many paid holiday days do most member states require?,28,28 days | more than 28 days | more than 28 days,0.36549586057662964,0.0,0.6666666666666666
572927d06aef051400154ae1,DistilBERT,Why is the public library known as a people's university?,"it is open to all irrespective of age, literacy level","it is open to all irrespective of age, literacy level and has materials relevant to people of all walks of life | open to all irrespective of age, literacy level | open to all irrespective of age, literacy level",0.08639813214540482,0.0,0.888888888888889
56d9b389dc89441400fdb6ec,DistilBERT,What football associated thing started at Justin Herman Plaza in January?,Super Bowl City,"Super Bowl City | ""Super Bowl City"" | Super Bowl City",0.6749855279922485,1.0,1.0
5727c69d3acd2414000dec15,DistilBERT,What was the trend of female student population from 1970s and deyond?,the proportion of female undergraduates steadily increased,"the proportion of female undergraduates steadily increased, mirroring a trend throughout higher education in the United States | steadily increased | increased",0.27601882815361023,0.0,0.6
57299a6f6aef051400155017,DistilBERT,"For a field F containing 0 and 1, what would be the prime field?",the smallest subfield,the smallest subfield | the smallest subfield | Q or the finite field with p elements | the smallest subfield,0.4359190762042999,1.0,1.0
572f567cb2c2fd1400568040,DistilBERT,When was the scale to measure the Rhine introduced? ,1939,1939 | 1939 | 1939 | 1939 | 1939,0.9915438890457153,1.0,1.0
56d9b4ebdc89441400fdb709,DistilBERT,What was media day called for Super Bowl 50?,Super Bowl Opening Night,Super Bowl Opening Night. | Super Bowl Opening Night | Super Bowl Opening Night,0.9825392365455627,1.0,1.0
5705f7c875f01819005e77dc,DistilBERT,Where does southern California's megalopolis standard in terms of population nationwide?,third most populated megalopolis in the United States,third | third | third,0.4141524136066437,0.0,0.25
56de3d594396321400ee26ca,DistilBERT,Where was Ralph earl of?,Hereford,Hereford | Hereford | Hereford,0.9870531558990479,1.0,1.0
56f879bdaef23719006260e0,DistilBERT,What is a Hauptlied?,"Veni redemptor gentium, became the main hymn",main hymn | hymn | main hymn,0.3395899534225464,0.0,0.5
572fdc34a23a5019007fca95,DistilBERT,What net loss did the Conservatives suffer?,five seats,five seats | five seats | five seats,0.899390697479248,1.0,1.0
5726800add62a815002e8751,DistilBERT,What first opened in 1837?,Theatre Royal on Grey Street,the Theatre Royal | the Theatre Royal | the Theatre Royal,0.6410861015319824,0.0,0.5714285714285715
5725ca4389a1e219009abeb7,DistilBERT,Under what instances can individuals rely on primary law in the Court of Justice of European Union?,if the Treaty provisions,"if the Treaty provisions have a direct effect and they are sufficiently clear, precise and unconditional. | if the Treaty provisions have a direct effect and they are sufficiently clear, precise and unconditional | if the Treaty provisions have a direct effect and they are sufficiently clear, precise and unconditional | if the Treaty provisions have a direct effect and they are sufficiently clear, precise and unconditional",0.9113955497741699,0.0,0.35294117647058826
572976183f37b31900478433,DistilBERT,What happens when starch grains become overly large?,distorting the grana and thylakoids,"distorting the grana and thylakoids | distorting the grana and thylakoids | displace the thylakoids, but leave them intact.",0.6372947096824646,1.0,1.0
57294209af94a219006aa202,DistilBERT,"Who wrote the paper that the ""Millennial Northern Hemisphere temperature reconstruction"" graph was based on?","Michael E. Mann, Raymond S. Bradley and Malcolm K. Hughes","Michael E. Mann, Raymond S. Bradley and Malcolm K. Hughes | Michael E. Mann, Raymond S. Bradley and Malcolm K. Hughes | Michael E. Mann, Raymond S. Bradley and Malcolm K. Hughes",0.5939943194389343,1.0,1.0
5730c810aca1c71400fe5aa7,DistilBERT,The United States is divided into how many jurisdictions?,five,five | The United States is divided into five jurisdictions | five,0.8862535953521729,1.0,1.0
57286ab72ca10214002da321,DistilBERT,What alumni is also the Governor of the Bank of Japan?,Masaaki Shirakawa,Masaaki Shirakawa | Masaaki Shirakawa | Masaaki Shirakawa,0.9869480729103088,1.0,1.0
5705e26d75f01819005e76d5,DistilBERT,"Despite being traditionall described as ""eight counties"", how many counties does this region actually have?",10,10 counties | 10 | 10,0.8282414078712463,1.0,1.0
56f8a4e99e9bad19000a0255,DistilBERT,What did Luther claim the church would have to comprise if the law were not taught?,essentially holy people,essentially holy people | holy people | only of essentially holy people,0.5002606511116028,1.0,1.0
57111380a58dae1900cd6bd8,DistilBERT,When did this leader publish a French language Bible?,1530,1530 | 1523 | 1530,0.9485617280006409,1.0,1.0
5725ea6889a1e219009ac0a1,DistilBERT,What was the name of the rock found during the Apollo 15 mission that KREEP was discovered in?,Genesis Rock,Genesis Rock | Genesis | Genesis Rock | Genesis Rock | anorthosite,0.8032029867172241,1.0,1.0
572a1a5c6aef051400155288,DistilBERT,What isn't economic growth sufficient for progress on?,reducing poverty,reducing poverty | reducing poverty | reducing poverty,0.9477702975273132,1.0,1.0
5725b56589a1e219009abd21,DistilBERT,What program helped develop space travel techniques that Project Apollo used?,Apollo Applications Program,Gemini program | Gemini | Gemini | Gemini | Gemini program,0.38037219643592834,0.0,0.4
57300888b2c2fd1400568777,DistilBERT,Vetra and I Germanica and XX Valeria were the two legions for what?,the army of Germania Inferior,army of Germania Inferior | army of Germania Inferior | army of Germania Inferior,0.22903969883918762,1.0,1.0
56e76f7000c9c71400d7712e,DistilBERT,What is the name of Elementary Schools?,Grundschule,Grundschule | Grundschule | Grundschule,0.9709640145301819,1.0,1.0
5726b0985951b619008f7a93,DistilBERT,What does the title Gür Khan mean?,universal ruler,universal ruler | universal ruler | universal ruler,0.8845083713531494,1.0,1.0
5725e08389a1e219009ac012,DistilBERT,"When was Apollo 6, or AS-502, tested?","April 4, 1968","April 4, 1968 | 1968 | April 4, 1968 | April 4, 1968 | April 4, 1968",0.9881763458251953,1.0,1.0
573004bf947a6a140053cf57,DistilBERT,"For many years, what was the Brotherhood described as?",semi-legal,"""semi-legal"" | semi-legal | semi-legal",0.6137615442276001,1.0,1.0
571a53d410f8ca1400304fe6,DistilBERT,Granite is made up largely of what chemical compound?,oxygen,oxides of silicon | silicon | silicon,0.6631485819816589,0.0,0.0
5726778df1498d1400e8e0b0,DistilBERT,What can be achieved without building high or getting rid of common areas?,high density,high density | high density | high density,0.9641245007514954,1.0,1.0
56d9b43edc89441400fdb700,DistilBERT,What was the cost of the other Super Bowl events in the San Francisco area?,$2 million,$2 million | $2 million | $2 million,0.8716139793395996,1.0,1.0
56dfa0d84a1a83140091ebb9,DistilBERT,Where did Tesla live for much of his life?,New York hotels,New York hotels | New York hotels | New York hotels,0.7102459669113159,1.0,1.0
5725c4c289a1e219009abe44,DistilBERT,What did the engineers fear would be difficult in space due to it never being attempted in Earth orbit?,a rendezvous —let alone a docking,a rendezvous —let alone a docking | rendezvous | rendezvous | rendezvous | docking,0.5405031442642212,1.0,1.0
56e1c720e3433e140042316e,DistilBERT,What kind of statement is made in the effort of establishing the time and space requirements needed to enhance the ultimate number of problems solved?,quantitative,quantitative statements | quantitative | quantitative,0.7900295257568359,1.0,1.0
572678c0dd62a815002e863f,DistilBERT,Where does the proportion of shared and converted houses in 2011 put this dwelling type in the color-coded brackets?,5.9%,5.9% | highest | 5.9%,0.9514865279197693,1.0,1.0
5726400589a1e219009ac5ef,DistilBERT,What are the small tentacles on Cydippids called?,tentilla,tentilla | tentilla | tentilla,0.5156230926513672,1.0,1.0
56e1c720e3433e140042316c,DistilBERT,What theorems are responsible for determining questions of time and space requirements?,time and space hierarchy theorems,time and space hierarchy theorems | time and space hierarchy theorems | time and space hierarchy theorems,0.5308895707130432,1.0,1.0
5730b5cc396df919000962d2,DistilBERT,The UMC prohibits the celebration of what type of unions?,same-sex,same-sex unions | prohibits the celebration of same-sex unions. | same-sex,0.6599609851837158,1.0,1.0
571c8eb9dd7acb1400e4c0f8,DistilBERT,What did Lavoisier perceive the air had lost as much as the tin had gained,no overall increase in weight,weight | weight | weight | weight | weight,0.16968464851379395,0.0,0.33333333333333337
56f88c37aef237190062617a,DistilBERT,What one point was not agreed on that was dear to Luther?,the nature of the Eucharist,nature of the Eucharist | nature of the Eucharist | sacrament of the Lord's Supper,0.20535814762115479,1.0,1.0
56d98db6dc89441400fdb552,DistilBERT,What Florida stadium was considered for Super Bowl 50?,Sun Life Stadium,Sun Life Stadium | Sun Life Stadium | Sun Life Stadium,0.9536330103874207,1.0,1.0
572971af6aef051400154ee2,DistilBERT,What is wasted by rubisco's flaw?,ATP energy,ATP energy | ATP energy | ATP energy,0.9879620671272278,1.0,1.0
5725dd7d89a1e219009abfed,DistilBERT,What was the original name of California State University at Fresno?,Fresno Normal School,Fresno Normal School | Fresno Normal School | Fresno Normal School,0.9660521149635315,1.0,1.0
56d2051ce7d4791d0090260a,DistilBERT,What band headlined half-time during Super Bowl 50?,Coldplay,Coldplay | Coldplay | Coldplay,0.9919898509979248,1.0,1.0
57263b1638643c19005ad334,DistilBERT,What were X.25 and Frame relay used for ,interconnect LANs across wide area networks,"Frame Relay was used to interconnect LANs across wide area networks. However, X.25 and well as Frame Relay have been supplanted | provide connection-oriented operations | standardized interface",0.12585735321044922,0.0,0.4444444444444445
57273799f1498d1400e8f4c1,DistilBERT,When did Paul Rand's iconic ABC logo first debut?,1963–64,1963–64 season | 1963–64 season | 1962,0.6681858897209167,0.0,0.6666666666666666
56d701280d65d214001982b8,DistilBERT,Who did Carolina beat in the divisional round?,Seattle Seahawks,Seattle Seahawks | the Seattle Seahawks | Seahawks,0.8838333487510681,1.0,1.0
5730b4282461fd1900a9cfc9,DistilBERT,Who argued that the USSR had itself become an imperialist power?,Mao Zedong,Mao Zedong | Mao Zedong | Mao Zedong | Mao Zedong | Sultan Galiev and Vasyl Shakhrai,1.9927244186401367,1.0,1.0
56f7cb10a6d7ea1400e17286,DistilBERT,What version of the English translation of the Bible did Luther's translation affect?,Tyndale Bible,Tyndale Bible | Tyndale Bible. | Tyndale,0.5549792647361755,1.0,1.0
56f8a2969e9bad19000a022c,DistilBERT,Who did Luther think was behind the antinomian theses circulating in Wittenberg?,Agricola,Johannes Agricola | Agricola | Agricola,0.4296671748161316,1.0,1.0
57332a734776f41900660729,DistilBERT,When did Warsaw become the center of the Congress Poland?,1815,1815 | 1815 | 1815,0.581034243106842,1.0,1.0
56e7504437bdd419002c3e5c,DistilBERT,What is the name for a teacher of just one person?,tutor,tutor | tutor | tutor,0.7613028287887573,1.0,1.0
572881d34b864d1900164a5c,DistilBERT,When was the Office of Western Medicine founded?,1263,1263 | 1263 | 1263,0.992409348487854,1.0,1.0
56e0e518231d4119001ac445,DistilBERT,What ended up being used for the streetcars in the place of Tesla's system?,DC traction motor,a DC traction motor | a DC traction motor | DC traction motor,0.7702041268348694,1.0,1.0
5726d4a45951b619008f7f69,DistilBERT,Who purchased or commissioned the works of European artists included the British galleries of the V&A?,British patrons,British patrons | British patrons | British patrons,0.9607219099998474,1.0,1.0
56be5438acb8001400a5031c,DistilBERT,Which California venue was one of three considered for Super Bowl 50?,San Francisco Bay Area's Levi's Stadium,San Francisco Bay Area's Levi's Stadium | San Francisco Bay Area's Levi's Stadium | Levi's Stadium,0.09643334150314331,1.0,1.0
572847ff3acd2414000df86d,DistilBERT,What policy did the Kelven Report contain?,social and political action,social and political action | social and political action | social and political action | social and political action,0.383941650390625,1.0,1.0
5730afed069b531400832261,DistilBERT,What is Christian Perfection?,"a genuine love of God with heart, soul, mind, and strength","a genuine love of God with heart, soul, mind, and strength, and a genuine love of our neighbors as ourselves | leading a Spirit-filled and Christ-like life aimed toward love | a genuine love of God with heart, soul, mind",0.09813673049211502,0.0,0.888888888888889
5728274cff5b5019007d9e27,DistilBERT,What shows were released on Laserdisc?,Eight original series serials,Eight original series serials | Eight original series serials | Eight original series serials,0.9112552404403687,1.0,1.0
57309cd6069b5314008321c5,DistilBERT,Richard Allen and Absalom Jones were licensed by St. George's Church in what year?,1784,1784 | 1784 | 1784,0.9912009835243225,1.0,1.0
5726deed5951b619008f80c5,DistilBERT,How far does one pharmacy in Croatia date back to?,15th century,1317 | 1317 | 1317,0.6030187010765076,0.0,0.0
572feddda23a5019007fcb5c,DistilBERT,When did the Rhine Straightening program begin?,19th Century,19th Century | 19th | 19th Century,0.6437228322029114,1.0,1.0
57273887dd62a815002e99a4,DistilBERT,How was religion handled in the Mongol Empire?,religious tolerance,"a personal concept | tolerance | a personal concept, and not subject to law or interference",0.38954028487205505,0.0,0.6666666666666666
56de3cd0cffd8e1900b4b6be,DistilBERT,Who did Alexander I marry?,Sybilla of Normandy,Sybilla of Normandy | Sybilla of Normandy | Sybilla,0.8320874571800232,1.0,1.0
56f87e95aef237190062610c,DistilBERT,What is Psalm 67 about?,prayer for grace,prayer for grace | grace | prayer for grace,0.9846765398979187,1.0,1.0
5730b4282461fd1900a9cfc8,DistilBERT,Who was the leader of Russia in the 1960's?,Nikita Khrushchev,Nikita Khrushchev | Nikita Khrushchev | Nikita Khrushchev | Nikita Khrushchev | Khrushchev,0.8634776473045349,1.0,1.0
5725c91e38643c19005acceb,DistilBERT,When did the Cretaceous-Paleogene extinction happen?,66 million years ago,66 million years ago | 515 million years ago | 66 million years ago,0.9221766591072083,1.0,1.0
5729081d3f37b31900477fac,DistilBERT,What are the most abundant kind of phagocyte?,Neutrophils,Neutrophils | Neutrophils | Neutrophils,0.4728557765483856,1.0,1.0
57300137b2c2fd140056871a,DistilBERT,Where did Maududi exert the most impact?,political organising,through his writing | writing | writing,0.32665538787841797,0.0,0.0
572a1dbb3f37b319004786f9,DistilBERT,"When people take on debt, it leads potentially to what?",greater inequality and potential economic instability,economic instability | greater inequality and potential economic instability | greater inequality and potential economic instability,0.4580158591270447,1.0,1.0
56bf5e7b3aeaaa14008c95fb,DistilBERT,Where was Evan Washburn located while announcing during the game?,on the sidelines,sidelines | the sidelines | sidelines,0.525510311126709,0.0,0.6666666666666666
572fff45947a6a140053cf29,DistilBERT,"What covered Scandinavia, the Baltics, Scotland, and the Alps in the last Ice Age?",ice-sheets,ice-sheets | ice-sheets | ice-sheets,0.9962692856788635,1.0,1.0
572fc659b2c2fd1400568449,DistilBERT,Why are debates on proposed motions by an MSP conducted?,issues which may be of interest to a particular area,not a Scottish minister | may be of interest to a particular area such as a member's own constituency | issues which may be of interest to a particular area such as a member's own constituency,0.17375972867012024,0.0,0.782608695652174
57272ff2708984140094dabd,DistilBERT,Which pair of Genghis Khan's sons were most rivalrous?,Chagatai and Jochi,Chagatai and Jochi | Chagatai and Jochi | Chagatai and Jochi),0.948486864566803,1.0,1.0
5727590df1498d1400e8f6b6,DistilBERT,What soap operas did ABC cancel in 2011?,All My Children and One Life to Live,All My Children and One Life to Live | All My Children and One Life to Live | All My Children and One Life to Live,0.992361307144165,1.0,1.0
5728f2e26aef051400154896,DistilBERT,What happens when the immune system less active than normal?,Immunodeficiency,Immunodeficiency | Immunodeficiency | Immunodeficiency occurs,0.9545772075653076,1.0,1.0
5726bb645951b619008f7c3f,DistilBERT,Which of Genghis Khan's sons completed the conquest of the Jin dynasty?,Ögedei Khan,Ögedei Khan | Ögedei Khan | Ögedei Khan,0.9767317771911621,1.0,1.0
5711541350c2381900b54a6f,DistilBERT,Who patented a high-pressure compound engine in 1805?,Arthur Woolf,Arthur Woolf | Arthur Woolf | Arthur Woolf,0.9856835007667542,1.0,1.0
572953013f37b31900478251,DistilBERT,How many chloroplasts per cell does algae have?,1,1 | 1 | 1,0.6635093688964844,1.0,1.0
57060cc352bb89140068980f,DistilBERT,Downtown Santa Monica and Downtown Glendale are a part of which area?,Los Angeles Area,Los Angeles Area | the Los Angeles Area | major business,0.6104581356048584,1.0,1.0
5728e3c33acd2414000e0134,DistilBERT,What is the civil disobedience called where people refuse to be released?,jail solidarity,jail solidarity | solitary civil disobedience | jail solidarity | jail solidarity | jail solidarity,0.9487863779067993,1.0,1.0
572fac17947a6a140053cb58,DistilBERT,The Scottish Parliament may legislate as it pleases as long as the powers aren't already reserved by where?,Westminster,Westminster | Westminster | Westminster,0.7868583798408508,1.0,1.0
572883153acd2414000dfa6f,DistilBERT,What Mongolian system did Kublai's government compromise with?,Mongolian patrimonial feudalism,patrimonial feudalism | patrimonial feudalism | patrimonial feudalism,0.19995354115962982,0.0,0.8
5726a299dd62a815002e8b9f,DistilBERT,Which entities were originally concerned with preventing violation of human rights?,member states,member states | the European Convention on Human Rights | the European Convention on Human Rights in 1950 and the establishment of the European Court of Human Rights,0.8925459384918213,1.0,1.0
5726a8d4dd62a815002e8c36,DistilBERT,Who helped Temüjin rescue his wife from the Merkits?,Jamukha,"Jamukha, and his protector, Toghrul Khan of the Keraite tribe | Jamukha, and his protector, Toghrul Khan | Jamukha, and his protector, Toghrul Khan",0.38056761026382446,0.0,0.2857142857142857
572a096e6aef0514001551e5,DistilBERT,What is the main defense mechanism of bacteria known as?,restriction modification system,the restriction modification system | restriction modification system | restriction modification system,0.5299853086471558,1.0,1.0
571166352419e314009555f1,DistilBERT,What do nuclear power plants heat to create electricity?,water,water | water | water,0.9517236948013306,1.0,1.0
573776eec3c5551400e51ee9,DistilBERT,Who first described dynamic equilibrium?,Galileo,Galileo | Galileo | Galileo | Galileo | Galileo,0.9763345122337341,1.0,1.0
57280b2b2ca10214002d9c69,DistilBERT,What was the name of the 50th Anniversary episode?,The Day of the Doctor,The Day of the Doctor | The Day of the Doctor | The Day of the Doctor,0.5311031341552734,1.0,1.0
57277af2708984140094dec3,DistilBERT,What service did ABC launch in May 2013?,WATCH ABC,WATCH ABC | WATCH ABC | WATCH ABC,0.7016158103942871,1.0,1.0
56f8c2ee9b226e1400dd0f46,DistilBERT,"Besides the arguments with Rome and his own fellow reformers, what scandal  contributed to Luther's failing health?",Philip of Hesse incident,bigamy of the Philip of Hesse | the bigamy of the Philip of Hesse incident | bigamy of the Philip of Hesse,0.35613584518432617,0.0,0.8
5726e37ef1498d1400e8eed8,DistilBERT,Approximately how many items are in the costume collection of the V&A?,"14,000","over 14,000 | over 14,000 outfits | over 14,000 | over 14,000",0.8925440311431885,0.0,0.6666666666666666
56f8afbc9b226e1400dd0e07,DistilBERT,How near to his death was the work published?,three years,three years before | three years before | three years before his death,0.8233609199523926,0.0,0.8
56f86e91aef2371900626069,DistilBERT,What did the popularity of Luther's translation contribute to?,evolution of the German language and literature,evolution of the German language | evolution of the German language and literature | evolution of the German language and literature,0.323895663022995,1.0,1.0
572967e31d046914007793b3,DistilBERT,What did Lepidodinium viride lose?,their original peridinin chloroplast,their original peridinin chloroplast | nucleomorph | their original peridinin chloroplast,0.3775678873062134,1.0,1.0
5725d94bec44d21400f3d69c,DistilBERT,In what month and year was the AS-258 scheduled to launch?,August 1967,August 1967 | August 1967 | August 1967 | 1967,0.933341920375824,1.0,1.0
56bec2013aeaaa14008c9372,DistilBERT,On what service could the ESPN Deportes broadcast be streamed?,WatchESPN,WatchESPN | WatchESPN | WatchESPN,0.9808067083358765,1.0,1.0
56e1b00ce3433e140042309f,DistilBERT,What are two factors that directly effect how powerful a Turing machine may or may not be?,time or space,time or space | time or space | time or space,0.583884060382843,1.0,1.0
572683f95951b619008f7525,DistilBERT,Fielding H. Garrison believes that the science of geology can be traced to where?,Persia,Persia | Persia | Persia after the Muslim conquests had come to an end,0.9694549441337585,1.0,1.0
5726651ff1498d1400e8de34,DistilBERT,What globally popular half marathon began in 1981?,Great North Run,the Great North Run | the Great North Run | the Great North Run,0.5938321352005005,1.0,1.0
57273abef1498d1400e8f4db,DistilBERT,Who did the FCC rule in favor of in the April 2000 dispute between Time Warner Cable and ABC?,ABC,ABC | ABC | ABC,0.8931993246078491,1.0,1.0
57291f153f37b31900478044,DistilBERT,How many barrels of oil is it estimated Kenya has?,10 billion,around 10 billion barrels. | 10 billion | 10 billion,0.4364050626754761,1.0,1.0
56e751fb00c9c71400d76fab,DistilBERT,"What has started to change the way teachers teach in the classroom, generally?","increasing use of technology, specifically the rise of the internet","increasing use of technology | use of technology, | increasing use of technology",0.15500211715698242,0.0,0.6666666666666666
572838323acd2414000df738,DistilBERT,What years did Doctor Who win five consecutive awards?,2005–2010,2005–2010 | 2005–2010 | 2005–2010,0.9177016019821167,1.0,1.0
5730088e947a6a140053cfaf,DistilBERT,Who was it essential to Islam to imitate?,Prophet Mohammad,the Prophet Mohammad | Prophet Mohammad and his successors | Prophet Mohammad,0.4367753863334656,1.0,1.0
56e1bc3ae3433e1400423104,DistilBERT,Classification of resources is contingent on determining the upper and lower bounds of minimum time required by what?  ,the most efficient algorithm solving a given problem,the most efficient algorithm | the most efficient algorithm | the most efficient algorithm solving a given problem,0.4276740252971649,1.0,1.0
57264586f1498d1400e8dac9,DistilBERT,Was the Use of the DATANET 1 name correct ,this use of the name was incorrect,use of the name was incorrect all these services were managed by the same people within one department of KPN contributed to the confusion | the name was incorrect | Dutch PTT Telecom,0.10446228086948395,0.0,0.6666666666666666
5726ddf6f1498d1400e8ee07,DistilBERT,Which two compounds did Al-Muwaffaq differentiate between?,sodium carbonate and potassium carbonate,sodium carbonate and potassium carbonate | sodium carbonate and potassium carbonate | sodium carbonate and potassium carbonate,0.8815081119537354,1.0,1.0
5729727baf94a219006aa43a,DistilBERT,What is the application of prime numbers used in information technology which utilizes the fact that factoring very large prime numbers is very challenging?,public-key cryptography,public-key cryptography | public-key cryptography | public-key cryptography | cryptography | public-key cryptography,0.9874368906021118,1.0,1.0
57115c7450c2381900b54a9d,DistilBERT,What do power station steam turbines use as a cold sink in the absence of CHP?,surface condensers,surface condensers | surface condensers | surface condensers,0.9942388534545898,1.0,1.0
56e0fb887aa994140058e86c,DistilBERT,What was the occasion for the boat demonstration?,an electrical exhibition,an electrical exhibition | an electrical exhibition | an electrical exhibition,0.35880038142204285,1.0,1.0
572f65e9b2c2fd14005680cc,DistilBERT,Where does the Rhine encounter it's tributary the Neckar? ,Moselle,Germany | Germany | Germany,0.056758731603622437,0.0,0.0
57276a8f5951b619008f8996,DistilBERT,How many variants is the new ABC logo currently displayed in?,four,four variants | four | four,0.7422760725021362,1.0,1.0
57332b66d058e614000b575b,DistilBERT,When was the Polish-Bolshevik war fought?,1920,1920 | 1920 | 1920,0.9661608338356018,1.0,1.0
57268109f1498d1400e8e1fd,DistilBERT,What is the festival of food and drink known as?,EAT! NewcastleGateshead,EAT! | EAT! | EAT! NewcastleGateshead,0.9553258419036865,1.0,1.0
56f80e1daef2371900625d8f,DistilBERT,What fueled Luther's  concept of Christ and His Salvation?,His railing against the sale of indulgences,sale of indulgences | sale of indulgences | sale of indulgences | sale of indulgences,0.2527593970298767,0.0,0.6666666666666666
5710ed7bb654c5140001fa2e,DistilBERT,What leader led the Dutch Revolt and wrote Apologie?,William the Silent,William the Silent | Pierre L'Oyseleur | William the Silent,0.99667888879776,1.0,1.0
572a18a4af94a219006aa7e1,DistilBERT,What does a 2013 report on Nigeria suggest it's growth has done?,risen with increased income inequality,risen with increased income inequality | risen | risen,0.812559187412262,1.0,1.0
57094b4f9928a814004714f6,DistilBERT,What consortium was BSkyB excluded from?,ONdigital,ONdigital | ONdigital | ONdigital,0.4903571903705597,1.0,1.0
57273a0d708984140094db0f,DistilBERT,What hit reality series debuted for ABC in 2002?,The Bachelor,The Bachelor | The Bachelor | The Bachelor,0.8310977816581726,1.0,1.0
572fdb17b2c2fd1400568521,DistilBERT,What act sets the term for judging the boundaries of sanity to which individuals wishing to sit on the SP must adhere?,Mental Health (Care and Treatment) (Scotland) Act 2003,Mental Health (Care and Treatment) (Scotland) Act 2003 | Mental Health (Care and Treatment) (Scotland) Act 2003 | Mental Health (Care and Treatment) (Scotland) Act 2003,0.5280964374542236,1.0,1.0
573081c2069b531400832136,DistilBERT,One country's authority over a number of others would constitute the original country as what?,empires,empires | empires,0.985123336315155,1.0,1.0
572987e46aef051400154fa4,DistilBERT,What is the density of all primes compatible with a modulo 9?,1/6,1/6 | 1/6 | 1/6 | 1/6,0.9592730402946472,1.0,1.0
5727ed2e3acd2414000df005,DistilBERT,Who works to get workers higher compensation?,Professional and labor organizations,Professional and labor organizations | Professional and labor organizations | Professional and labor organizations,0.7114782333374023,1.0,1.0
572809ab4b864d19001642b1,DistilBERT,What was the name of the serial where the Valeyard appears?,The Trial of a Time Lord,The Trial of a Time Lord | The Trial of a Time Lord | The Trial of a Time Lord,0.9872551560401917,1.0,1.0
5729f4e46aef051400155157,DistilBERT,What forces should serve as a brake on wealth concentration?,market forces,market | market forces | market,0.6155968308448792,1.0,1.0
56bebc383aeaaa14008c9321,DistilBERT,What yard marker on the field was painted gold?,50,50 | 50-yard line | 50,0.5858843922615051,1.0,1.0
57106644b654c5140001f8e6,DistilBERT,When did the first French language bible appear?,1294,Around 1294 | 1294 | Around 1294,0.5900813341140747,1.0,1.0
56f884cba6d7ea1400e1770a,DistilBERT,When did Gerhard Lessing reach his conclusions about Luther?,1755,1755 | 1755 | 1755,0.9851965308189392,1.0,1.0
57113be3a58dae1900cd6d29,DistilBERT,What sort of motion did Watt's steam engine continuously produce?,rotary,rotary | rotary | rotary motion | continuous rotary motion,0.5366673469543457,1.0,1.0
57261dab38643c19005ad03a,DistilBERT,What is one of the reason that underdeveloped nations received aid from the oil income?,higher oil prices and lower prices for their own export commodities,shrinking Western demand | shrinking Western demand | economies had been caught between higher oil prices and lower prices for their own export commodities | economies had been caught between higher oil prices and lower prices for their own export commodities | shrinking Western demand,0.18575654923915863,0.0,0.8148148148148148
57294baaaf94a219006aa26d,DistilBERT,What approach did Oppenheimer advocate?,IPCC consensus,"concurring, smaller assessments of special problems | smaller assessments of special problems instead of the large scale approach | concurring, smaller assessments of special problems",0.3509472906589508,0.0,0.0
572976183f37b31900478432,DistilBERT,When might starch grains become overly large?,Under conditions such as high atmospheric CO2 concentrations,"Under conditions such as high atmospheric CO2 concentrations | high atmospheric CO2 concentrations | Under conditions such as high atmospheric CO2 concentrations,",0.6555479168891907,1.0,1.0
572768d9708984140094dd15,DistilBERT,When did Hulu begin offering ABC's programs for streaming?,"July 6, 2009","July 6, 2009 | July 6, 2009 | July 6, 2009",0.9867632985115051,1.0,1.0
5728d63c4b864d1900164f18,DistilBERT,Who wrote the poem The Mark of Anarchy?,Percy Shelley,Percy Shelley | Percy Shelley | Percy Shelley | Percy Shelley | Percy Shelley,0.9815758466720581,1.0,1.0
571cbe35dd7acb1400e4c13f,DistilBERT,On what scale would scientists show measurements of vegetation?,global scale,global | a global scale | global | global | a global scale,0.4232547879219055,1.0,1.0
56be53b8acb8001400a50315,DistilBERT,Which Super Bowl did Roger Goodell speak about?,50th,the 50th Super Bowl | the 50th | 50th,0.7286601662635803,1.0,1.0
571cd703dd7acb1400e4c185,DistilBERT,What does oxygen cause to form on metals?,chemical bonds,oxide | a thin film of oxide | a thin film of oxide | oxide | a thin film of oxide,0.5943110585212708,0.0,0.0
5727fc7f4b864d1900164162,DistilBERT,Who long was the broadcast delay claimed to be the first time the series premiered?,ten minutes,ten minutes | eighty seconds | ten minutes,0.9442498683929443,1.0,1.0
56bf301c3aeaaa14008c9551,DistilBERT,"In the 10th week of the 2015 season, what injury was Peyton Manning dealing with?",injured,plantar fasciitis | a partial tear of the plantar fasciitis,0.36283594369888306,0.0,0.0
572a03086aef0514001551a2,DistilBERT,What are the most powerful class of anti-inflammatory drugs?,Glucocorticoids,Glucocorticoids | Glucocorticoids | Glucocorticoids,0.9979991316795349,1.0,1.0
57096f37200fba1400367fe5,DistilBERT,Who does BSkyB have an operating license from?,Ofcom,Ofcom | Ofcom | Ofcom,0.9661144614219666,1.0,1.0
5725bbec271a42140099d0d1,DistilBERT,Who applies European Union law?,the courts of member states and the Court of Justice of the European Union,courts of member states and the Court of Justice of the European Union | the courts of member states and the Court of Justice of the European Union | the courts of member states and the Court of Justice of the European Union | the courts of member states and the Court of Justice of the European Union,0.39087194204330444,1.0,1.0
5725bb34271a42140099d0cb,DistilBERT,What was the term Kennedy used to show that America was falling behind the Soviet Union due to inactivity in space programs?,missile gap,"missile gap | first but, first and, first if, but first period | missile gap | missile gap",0.4939417839050293,1.0,1.0
5727492f708984140094dbb6,DistilBERT,What spinoff of Happy Days debuted in 1976?,Laverne & Shirley,Laverne & Shirley | Laverne & Shirley | Laverne & Shirley,0.9956398010253906,1.0,1.0
572918bd3f37b31900478017,DistilBERT,What are the principal cash crops in Kenya?,"tea, horticultural produce, and coffee","tea, horticultural produce, and coffee | tea, horticultural produce, and coffee | tea, horticultural produce, and coffee",0.9557483196258545,1.0,1.0
57299c2c6aef051400155022,DistilBERT,What is another general concept that applies to elements of commutative rings?,an algebraic structure,irreducible elements | irreducible elements | irreducible elements | irreducible elements,0.1746504306793213,0.0,0.0
57265700dd62a815002e8210,DistilBERT,How many residents of Seville died of plague in 1649?,1.25 million,reduced the population of Seville by half | half | half,0.10149364918470383,0.0,0.0
571c3e8cdd7acb1400e4c0a8,DistilBERT,In what century did Mayow and Boyle perform their experiments?,17th,17th century | 17th | 17th | late 17th century,0.6579665541648865,1.0,1.0
5725e152271a42140099d2ce,DistilBERT,From what pad was Apollo 5 launched from?,37,pad 37 | 37 | 37 | pad 37 | pad 37,0.5838537812232971,1.0,1.0
57286b003acd2414000df9c3,DistilBERT,When did Kublai move the Mongol capital?,1264,1264 | 1264 | 1264,0.9869699478149414,1.0,1.0
57272ff2708984140094dac0,DistilBERT,Which son did Genghis Khan view as his most dependable one?,Ögedei,Ögedei | Ögedei | Ögedei,0.4789588749408722,1.0,1.0
5730040f947a6a140053cf4d,DistilBERT,When was Al-Banna assassinated?,1949,1949 | 1949 | 1949,0.9894217252731323,1.0,1.0
571a4ead10f8ca1400304fdd,DistilBERT,What inventor built on to the findings of Philo of  Byzantium?,Leonardo da Vinci,Leonardo da Vinci | Leonardo da Vinci | Leonardo da Vinci | Leonardo da Vinci | da Vinci,0.9986828565597534,1.0,1.0
56f7e9caaef2371900625c58,DistilBERT,How early did Luther say he had to awaken every day?,four,at four | four | four,0.937409520149231,1.0,1.0
57273f27dd62a815002e9a0c,DistilBERT,What has a classification system for construction companies?,The Standard Industrial Classification,The Standard Industrial Classification and the newer North American Industry Classification System | Standard Industrial Classification | The Standard Industrial Classification and the newer North American Industry Classification System,0.25241148471832275,1.0,1.0
56e0f5a6231d4119001ac4d5,DistilBERT,What powered Tesla's high energy terminal vacuum tube?,no target electrode,Tesla Coil | Tesla Coil | Tesla Coil,0.20388492941856384,0.0,0.0
572977fbaf94a219006aa4b1,DistilBERT,"When a plant is injured, what can become proplastids?",chloroplasts,chloroplasts and other plastids | chloroplasts and other plastids can turn back into proplastids | chloroplasts and other plastids,0.7608745694160461,0.0,0.4
5737a84dc3c5551400e51f5c,DistilBERT,"Tension, compression, and drag are what kind of forces?",Nonconservative,Nonconservative | Nonconservative forces other than friction | Nonconservative | Nonconservative forces,0.7110278606414795,1.0,1.0
57284618ff5b5019007da0ac,DistilBERT,What did the early entrant program do for potential students?,allowed very young students to attend college,allowed very young students to attend college | allowed very young students to attend college | allowed very young students to attend college | allowed very young students to attend college,0.9072354435920715,1.0,1.0
572a2224af94a219006aa827,DistilBERT,"What can people work towards if they aren't denied their functionings, capabilities and agency?",better relevant income,a better relevant income. | better relevant income | a better relevant income,0.560996413230896,1.0,1.0
572903d96aef0514001549a6,DistilBERT,How did the settlers protect their interests?,banned the growing of coffee,"banned the growing of coffee, introduced a hut tax, and the landless were granted less and less land in exchange for their labour | banned the growing of coffee, introduced a hut tax, and the landless were granted less and less land | banned the growing of coffee, introduced a hut tax, and the landless were granted less and less land",0.2514522075653076,0.0,0.4210526315789474
5725c91e38643c19005accec,DistilBERT,Evidence indicates that Cydippids are not what?,monophyletic,"monophyletic | monophyletic | ""cydippids"" are not monophyletic",0.981027364730835,1.0,1.0
5711651050c2381900b54acb,DistilBERT,What is an example of a pump component?,injector,injector | condensers | injector,0.7237957119941711,1.0,1.0
571cdcb85efbb31900334e0f,DistilBERT,In what compound is oxygen part of a ring arrangement?,Epoxides,Epoxides | Epoxides | Epoxides | Epoxides | Epoxides,0.9812633991241455,1.0,1.0
57283db6ff5b5019007d9fbf,DistilBERT,What is the name of the largest university press in the U.S?,University of Chicago Press,University of Chicago Press | University of Chicago Press | University of Chicago Press | University of Chicago Press,0.9234575033187866,1.0,1.0
56e10b6ee3433e1400422b26,DistilBERT,What was Tesla's belief as to the selling price of the biplane?,"less than $1,000","less than $1,000 | less than $1,000 | less than $1,000",0.7657694816589355,1.0,1.0
56e10179cd28a01900c67413,DistilBERT,What did Tesla establish following his Colorado experiments?,trans-Atlantic wireless telecommunications facility,Wardenclyffe | Wardenclyffe | Wardenclyffe,0.6386198401451111,0.0,0.0
56f82989aef2371900625e6c,DistilBERT,Where did the highwaymen take Luther?,Wartburg Castle,Wartburg Castle | Wartburg Castle | Wartburg Castle,0.2605104148387909,1.0,1.0
57309921396df919000961f6,DistilBERT,When did the movement that would become The United Methodist Church begin?,mid-18th century,mid-18th century | began in the mid-18th century within the Church of England. | mid-18th century,0.5861131548881531,1.0,1.0
57113ba6b654c5140001fc1f,DistilBERT,What are sometimes present in the boiler's firebox crown?,Lead fusible plugs,Lead fusible plugs | Lead fusible plugs | Lead fusible plugs,0.9906520247459412,1.0,1.0
5725c01389a1e219009abdd6,DistilBERT,How big was the Vertical Assembly Building?,130 million cubic foot,130 million cubic foot | 130 million cubic foot | 3.7 million cubic meter | 3.7 million cubic meter | 130 million cubic foot,0.5731177926063538,1.0,1.0
570d4e6cb3d812140066d671,DistilBERT,How are Victorian cabinet members chosen?,elected to either house of parliament,elected | elected | elected,0.5148478746414185,0.0,0.2857142857142857
5727da564b864d1900163e90,DistilBERT,At what time is the Harvard-Yale rivalry set aside?,every two years,every two years when the Harvard and Yale Track and Field teams come together to compete against a combined Oxford University and Cambridge University team | every two years | every two years,0.9444758892059326,1.0,1.0
572ffc99947a6a140053cef8,DistilBERT,What was Sadat seeking by releasing Islamists from prison?,making peace with Israel,political support | making peace with Israel | political support,0.19462016224861145,1.0,1.0
5711475ca58dae1900cd6d8b,DistilBERT,"In a 4-cylinder compound engine, what degree were the individual pistons balanced at?",180°,180 | 180° | 180°,0.9826043844223022,1.0,1.0
56f8a4e99e9bad19000a0254,DistilBERT,What does refusing to preach the Ten Commandments not do?,eliminate the accusing law,eliminate the accusing law | eliminate the accusing law. | eliminate the accusing law,0.7217652797698975,1.0,1.0
572fd7b8947a6a140053cd3a,DistilBERT,What is set aside for question periods in the debating chamber?,Parliamentary time,Parliamentary time | Parliamentary time | Parliamentary time,0.9973821043968201,1.0,1.0
573776eec3c5551400e51eea,DistilBERT,What does motion at a constant velocity equal?,rest,rest | rest | rest | rest | rest,0.6075394153594971,1.0,1.0
57286d4f2ca10214002da328,DistilBERT,Where did Kublai build his administration's strength?,northern China,northern China | northern China | northern China,0.9645854234695435,1.0,1.0
572ffbaa947a6a140053cee8,DistilBERT,Western governments considered Islamists to be the lesser of two evils when compared to whom?,leftist/communist/nationalist insurgents/opposition,leftist/communist/nationalist insurgents/opposition | leftist/communist/nationalist insurgents/opposition | communist,0.5873785614967346,1.0,1.0
56beb6f23aeaaa14008c92a2,DistilBERT,Who did the Panthers face in the NFC Championship Game?,Arizona Cardinals,Arizona Cardinals | Arizona Cardinals | Cardinals,0.8418556451797485,1.0,1.0
571c8198dd7acb1400e4c0d0,DistilBERT,What distinct quality of combustion was  absent from philogiston theory? ,buoyancy,Air | Air | Air | Air | a substance like wood gains overall weight in burning,0.21424426138401031,0.0,0.0
572829532ca10214002d9fa6,DistilBERT,Was is the name of the Torchwood series that was mostly based in the US?,Torchwood: Miracle Day,Torchwood: Miracle Day | Torchwood: Miracle Day | Torchwood: Miracle Day,0.945959210395813,1.0,1.0
572814882ca10214002d9d76,DistilBERT,What actress plays the female Master?,Michelle Gomez,Michelle Gomez | Michelle Gomez | Michelle Gomez,0.9608436226844788,1.0,1.0
57379a4b1c456719005744d0,DistilBERT,What is the force that causes rigid strength in structures?,repulsive forces of interaction between atoms at close contact,normal | normal force | normal force | normal force,0.20662088692188263,0.0,0.0
57263ea0271a42140099d7c5,DistilBERT,DEC originally had 3 layers but evolved into how many layers ,seven,"Initially built with three layers, it later (1982) evolved into a seven-layer OSI-compliant networking protocol | seven | seven",0.6345210075378418,1.0,1.0
572963221d04691400779389,DistilBERT,How do cryptophyte chloroplasts arrange their pyrenoid and thylakoids?,in stacks of two,stacks of two | stacks of two | in stacks of two,0.5658739805221558,1.0,1.0
5725d183271a42140099d241,DistilBERT,What was the Fresno Fairgrounds used as?,an assembly center,an assembly center | an assembly center | an assembly center,0.6428429484367371,1.0,1.0
5727ff083acd2414000df1ad,DistilBERT,What introduces inequality to a country?,it acquires more capital,more capital | more capital | more capital,0.7493102550506592,0.0,0.6666666666666666
572776e85951b619008f8a83,DistilBERT,Where was ABC Marine World opened?,"Redwood City, California","Redwood City, California | Redwood City, California | July 1968",0.8699527382850647,1.0,1.0
5730b776069b5314008322bd,DistilBERT,In what year was Rose Mary Denman defrocked for openly living with a same-sex partner?,1987,1987 | 1987 | 1987,0.9950205087661743,1.0,1.0
5728170d3acd2414000df446,DistilBERT,What was the Jacksonville fire later known as?,Great Fire of 1901,Great Fire of 1901 | Great Fire of 1901 | Great Fire of 1901,0.34206175804138184,1.0,1.0
56e1066be3433e1400422ae7,DistilBERT,What was Maxwell's job?,superintendent of New York City schools,superintendent of New York City schools | superintendent of New York City schools | superintendent of New York City schools,0.9163703322410583,1.0,1.0
572982e66aef051400154f94,DistilBERT,"the Great Internet Mersenne Prime Search, what was the prize for finding a prime with at least 10 million digits?","US$100,000","US$100,000 | US$100,000 | US$100,000 | $100,000 | US$100,000",0.5533343553543091,1.0,1.0
57264efddd62a815002e8135,DistilBERT,What is the name of the law which imposed the speed limit?,Emergency Highway Energy Conservation Act,Emergency Highway Energy Conservation Act | Emergency Highway Energy Conservation Act | Emergency Highway Energy Conservation Act | Emergency Highway Energy Conservation Act | Emergency Highway Energy Conservation Act,0.6928026676177979,1.0,1.0
5725fcbe271a42140099d3ad,DistilBERT,What route connects Fresno with the California Central Valley?,State Route 99,State Route 99 | State Route 99 | State Route 99,0.9705966114997864,1.0,1.0
56f8074faef2371900625d7d,DistilBERT,How long did it take for the Theses to spread through Europe?,two months,two months | two months | two months,0.4400373101234436,1.0,1.0
5726a46cdd62a815002e8bd0,DistilBERT,How many member states adopted the Social Charter in 1989?,11,11 of the then 12 member states | 11 of the then 12 member states | 11,0.4799884855747223,1.0,1.0
5728e5224b864d1900165032,DistilBERT,What type of actions are taken sometimes in civil disobedience?,"a harassment and, at least to the bystander, somewhat inane",illegal acts | symbolic illegal protests | symbolic illegal protests | a variety of different illegal acts | illegal,0.15732023119926453,0.0,0.0
572881022ca10214002da416,DistilBERT,Who were otachi?,non-Mongol physicians,non-Mongol physicians | non-Mongol physicians | non-Mongol physicians,0.9331048130989075,1.0,1.0
572963876aef051400154dd6,DistilBERT,Where do Apicomplexans store energy?,amylopectin starch granules,in amylopectin starch granules that are located in their cytoplasm | amylopectin starch granules | amylopectin starch granules,0.7498985528945923,1.0,1.0
571cd11add7acb1400e4c171,DistilBERT,What type of exercise does research show receives a boost in performance from oxygen?,aerobic,aerobic | aerobic | aerobic | aerobic | aerobic exercise,0.708488941192627,1.0,1.0
56df9ee138dc42170015210c,DistilBERT,"What ""war"" was Tesla involved in?",War of Currents,War of Currents | War of Currents | War of Currents,0.8426140546798706,1.0,1.0
5725e152271a42140099d2d0,DistilBERT,Was the testing of the LM during Apollo 5 a failure or a success?,successfully test-fired and restarted,success | success | LM engines were successfully test-fired and restarted | successfully,0.45845508575439453,0.0,0.7272727272727273
572872dd2ca10214002da382,DistilBERT,Who was the second female Nobel laureate ?,Maria Goeppert-Mayer,Maria Goeppert-Mayer | Maria Goeppert-Mayer | Maria Goeppert-Mayer,0.9957910776138306,1.0,1.0
56e1c3e1e3433e140042314a,DistilBERT,Bounding of time and space or similar measurements is often used by algorithms to define what?,complexity classes,complexity classes | complexity classes | complexity classes,0.5066354274749756,1.0,1.0
570d50a5fed7b91900d45e7e,DistilBERT,What percentage was the increase of agricultural products in 2003-04?,17%,17% | 17% | 17%,0.8584805727005005,1.0,1.0
5726af765951b619008f7a53,DistilBERT,Who escaped when Temüjin emerged victorious in his conflict with Toghrul?,Jamukha,Jamukha | Jamukha | Jamukha,0.8211966156959534,1.0,1.0
570d4c3bfed7b91900d45e33,DistilBERT,What armed group stopped the uprising at Ballarat?,British troops,British troops | British troops | British troops,0.9641764760017395,1.0,1.0
571166352419e314009555f2,DistilBERT,What does the steam generated by a nuclear power plant drive?,a turbo generator set with propulsion provided by electric motors,turbine | turbine | a turbine connected to an electrical generator,0.10141348093748093,0.0,0.14285714285714285
5725d51589a1e219009abf71,DistilBERT,Which mission did Schmitt finally land on the moon?,Apollo 17,Apollo 17 | 17 | Apollo 17 | Apollo 17 | Apollo 17,0.9795597195625305,1.0,1.0
56f8ac579e9bad19000a02bb,DistilBERT,Who did Philip I want to marry?,one of his wife's ladies-in-waiting,one of his wife's ladies-in-waiting | Margarethe von der Saale | one of his wife's ladies-in-waiting,0.8568680882453918,1.0,1.0
5728f50baf94a219006a9e56,DistilBERT,Why would one want to give a speech?,explaining their actions,"explaining their actions | explaining their actions | make a defiant speech, or a speech explaining their actions, | explaining their actions | explaining their actions | explaining their actions",0.7184279561042786,1.0,1.0
5727f7523acd2414000df10d,DistilBERT,What country has low income inequality and high presence of unions?,Scandinavia,Scandinavia | Scandinavia | Scandinavia,0.9958780407905579,1.0,1.0
5728231fff5b5019007d9dd6,DistilBERT,In what area did the 1996 television film premier?,"Edmonton, Canada","Edmonton, Canada | Edmonton, Canada | Edmonton, Canada",0.9391542077064514,1.0,1.0
56e0fb14231d4119001ac526,DistilBERT,Which of Tesla's inventions was used in radio development?,Tesla Coil,Tesla Coil | the Tesla Coil | Tesla Coil,0.6016152501106262,1.0,1.0
5725daa8ec44d21400f3d6b4,DistilBERT,What was the pedestrian mall renamed?,Fulton Mall,Fulton Mall | Fulton Mall | Fulton Mall,0.67704838514328,1.0,1.0
572a2224af94a219006aa826,DistilBERT,Why would rampant violence prevent people from going to work?,for fear of their lives,for fear of their lives | fear of their lives | fear of their lives,0.6203562021255493,1.0,1.0
572683f95951b619008f7528,DistilBERT,"This person proposed explanations for the origins of earthquakes and the formation of mountains, what was his name?",Ibn Sina,Ibn Sina | Ibn Sina | Ibn Sina,0.954365074634552,1.0,1.0
571cd3b55efbb31900334e04,TinyRoBERTa,What does increased oxygen concentrations in the patient's lungs displace?,carbon monoxide,carbon monoxide | carbon monoxide | carbon monoxide | carbon monoxide | carbon monoxide,0.6081710457801819,1.0,1.0
57097d63ed30961900e841fd,TinyRoBERTa,Does the new deal include Video on demand and High Definition?,Currently there is no indication,no | no indication | no indication,0.07131946831941605,0.0,0.5714285714285715
572754cd5951b619008f8866,TinyRoBERTa,In which year did Genghis Khan's grandson invade Kievan Rus'?,1237,1237 | 1237 | 1237,0.9921478629112244,1.0,1.0
572855973acd2414000df929,TinyRoBERTa,Where is the Hyde Park Day School located?,University of Chicago campus,the University of Chicago campus | University of Chicago campus | the University of Chicago campus,0.7337364554405212,1.0,1.0
57293e221d046914007791d5,TinyRoBERTa,What does the WG I Summary for Policymakers report say human activities are doing to greenhouse gases?,substantially increasing the atmospheric concentrations,substantially increasing the atmospheric concentrations | substantially increasing the atmospheric concentrations of the greenhouse gases | substantially increasing the atmospheric concentrations,0.40936797857284546,1.0,1.0
5729edd56aef051400155116,TinyRoBERTa,For how many years was evidence shown that humans shaped the the Amazon?,"11,000","11,000 years | at least 11,000 years | at least 11,000 years",0.4713880121707916,0.0,0.6666666666666666
56beb7953aeaaa14008c92ab,TinyRoBERTa,Who lost to the Broncos in the divisional round?,Pittsburgh Steelers,Pittsburgh Steelers | the Pittsburgh Steelers | Steelers,0.9191936254501343,1.0,1.0
5725c604271a42140099d188,TinyRoBERTa,Who was hired to be the deputy director of the Office of Manned Space Flight?,Joseph Shea,"Joseph Shea | Joseph Shea, | Joseph Shea, | Joseph Shea | Joseph Shea | , Joseph Shea",0.9952906370162964,1.0,1.0
56e769dc00c9c71400d770ec,TinyRoBERTa,What register did Chris Keates think that some teachers should not be placed on?,sex offenders register,the sex offenders register | sex offenders | sex offenders register,0.48571446537971497,1.0,1.0
56f8c5909b226e1400dd0f81,TinyRoBERTa,What did Luther say would allow the Jews to stay?,if they could kill us all,that they convert | became Christians | convert,5.555424286285415e-05,0.0,0.2222222222222222
571cd5b1dd7acb1400e4c179,TinyRoBERTa,What medical treatment is used to increase oxygen uptake in a patient?,blood,oxygen supplementation | oxygen supplementation | oxygen supplementation | Oxygen therapy | Oxygen therapy,0.08979399502277374,0.0,0.0
570d2556fed7b91900d45c49,TinyRoBERTa,Where was the 1857 riot?,Buckland Valley,Buckland Valley | Buckland Valley near Bright | Buckland Valley,0.610034704208374,1.0,1.0
56d9a0eadc89441400fdb63e,TinyRoBERTa,Who was the first quarterback to take two teams to more than one Super Bowl?,Peyton Manning,Peyton Manning | Peyton Manning | Manning | Manning,0.9882712960243225,1.0,1.0
572881704b864d1900164a52,TinyRoBERTa,How did Chinese medicine spread?,to other parts of the empire,Chinese physicians were brought along military campaigns by the Mongols | to other parts of the empire | Under the Mongols,0.14315949380397797,1.0,1.0
56e1ec83cd28a01900c67c0a,TinyRoBERTa,What computational problem is commonly associated with prime factorization?,integer factorization problem,The integer factorization problem | integer factorization | integer factorization problem,0.42029014229774475,1.0,1.0
57266e72f1498d1400e8df8d,TinyRoBERTa,The point at which different radiometric isotopes stop diffusing into and out of the crystal lattice is called what?,closure temperature,particular closure temperature | closure temperature | closure temperature,0.830615758895874,1.0,1.0
5726415bec44d21400f3dcd3,TinyRoBERTa,What is a trait of sequential hermaphrodites?,the eggs and sperm mature at different times,the eggs and sperm mature at different times | eggs and sperm mature at different times | eggs and sperm mature at different times,0.4974031448364258,1.0,1.0
57285841ff5b5019007da19d,TinyRoBERTa,What lab does the university have a joint stake in? ,Fermilab,Fermilab | Fermilab | Fermilab,0.919990599155426,1.0,1.0
57379ed81c456719005744d5,TinyRoBERTa,What can be used to model tension forces?,ideal strings,"ideal strings | ideal strings that are massless | ideal strings that are massless | ideal strings that are massless, frictionless, unbreakable, and unstretchable",0.9323279857635498,1.0,1.0
5728d9403acd2414000e001e,TinyRoBERTa,Civil Disobedience is mainly performed by what population group?,citizen,private citizen | private citizen | private citizen | private,0.8470544815063477,0.0,0.6666666666666666
572812142ca10214002d9d2a,TinyRoBERTa,Who was the executive producer of the 2005 Doctor Who revival series?,Russell T Davies,Russell T Davies | Russell T Davies | Russell T Davies,0.9973998665809631,1.0,1.0
572fcd86947a6a140053ccdc,TinyRoBERTa,An MSP may introduce a bill as what?,a private member,a private member | a private member | private member,0.20514492690563202,1.0,1.0
5727cd0f4b864d1900163d72,TinyRoBERTa,How much more land does the school own in Allston than Cambridge?,fifty percent,approximately fifty percent | fifty percent | fifty percent more,0.6269723773002625,1.0,1.0
572ffbaa947a6a140053ceea,TinyRoBERTa,What did the non-Afghan veterans returning home have in addition to their prestige?,"experience, ideology, and weapons","considerable impact | experience, ideology, and weapons | experience, ideology, and weapons",0.6262944936752319,1.0,1.0
572a0bebaf94a219006aa76f,TinyRoBERTa,In what year did the Amazon experience a drought that may have been more extreme than in 2005?,2010,2010 | 2010 | 2010,0.9862198829650879,1.0,1.0
5725e6f6ec44d21400f3d72d,TinyRoBERTa,What month and year was Apollo 13 launched?,April 1970,"April 1970 | April | April 1970 | April 1970 | April 1970,",0.8696975708007812,1.0,1.0
5733266d4776f41900660715,TinyRoBERTa,Why did Warsaw become the capital of the Commonwealth?,its central location between the Commonwealth's capitals,Due to its central location | its central location | central location,0.0718514546751976,0.0,0.6666666666666666
57300ec0947a6a140053d008,TinyRoBERTa,How many Muslims came from around the world to fight in Afghanistan?,"16,000 to 35,000","16,000 to 35,000 | 16,000 to 35,000 | 16,000 to 35,000",0.8424288034439087,1.0,1.0
5733fe73d058e614000b673e,TinyRoBERTa,What was the purpose of Loudoun's troops at Fort Henry?,to distract Montcalm,to distract Montcalm | distract Montcalm | distract Montcalm | distract Montcalm | to distract Montcalm,0.8891717195510864,1.0,1.0
56beaa4a3aeaaa14008c91c2,TinyRoBERTa,What team did the Panthers defeat?,Arizona Cardinals,Arizona Cardinals | the Arizona Cardinals | Arizona Cardinals,0.9417704343795776,1.0,1.0
5733fb7bd058e614000b66ff,TinyRoBERTa,Who was appointed as second in command to Lor Loudoun in 1756?,Major General James Abercrombie,Major General James Abercrombie | Lord Loudoun | Major General James Abercrombie | Major General James Abercrombie | Major General James Abercrombie,0.38526517152786255,1.0,1.0
56e0c0c7231d4119001ac378,TinyRoBERTa,Where did the family move in 1862?,"Gospić, Austrian Empire","Gospić, Austrian Empire | Gospić | Gospić",0.6723247766494751,1.0,1.0
5728fd9b3f37b31900477f3b,TinyRoBERTa,Who build the major port city in Kenya?,The Swahili,The Swahili | Swahili | Swahili,0.7105951905250549,1.0,1.0
5728fc9e1d04691400778f14,TinyRoBERTa,What type of defense is sometimes used in court by protestors?,necessity defense,competing harms defense | necessity defense | necessity defense | necessity,0.4924536943435669,1.0,1.0
573312fcd058e614000b56e7,TinyRoBERTa,When was Warsaw ranked as the 32nd most liveable city in the world?,2012,2012 | 2012 | 2012,0.9649604558944702,1.0,1.0
5725e6f6ec44d21400f3d72c,TinyRoBERTa,What was redesigned during the Apollo program being grounded during 1970?,oxygen tank,oxygen tank | oxygen tank | oxygen tank | oxygen tank | oxygen tank,0.7859956622123718,1.0,1.0
572735a15951b619008f86c2,TinyRoBERTa,Where is the ABC four-note jingle still in use?,Demand,ABC on Demand to the beginning of the ABC show | ABC on Demand | ABC on Demand,0.3410269021987915,0.0,0.5
5730b8ca8ab72b1400f9c708,TinyRoBERTa,"What was Isiah Bowman nick name, as known by the public.",Wilson's geographer,Wilson's geographer | Wilson's geographer | Wilson's geographer | Wilson's geographer | Wilson's geographer.,0.5014986991882324,1.0,1.0
56d602631c85041400946edc,TinyRoBERTa,Which Super Bowl halftime show did Beyoncé headline?,Super Bowl XLVII,Super Bowl XLVII | Super Bowl XLVII | Super Bowl XLVII,0.540236234664917,1.0,1.0
573099f42461fd1900a9cef9,TinyRoBERTa,"In 1735, who did John and Charles Wesley teach the gospel to in America?",American Indians,American Indians | to the American Indians | American Indians,0.6130315661430359,1.0,1.0
57337f6ad058e614000b5bcc,TinyRoBERTa,What had the number of people living in Warsaw declined to by 1945?,"420,000","420,000 | 420,000 | 420,000",0.9148916006088257,1.0,1.0
572685d1f1498d1400e8e2a1,TinyRoBERTa,What position did Mark Woods take on at the new American Broadcasting Company?,vice-chairman,president and CEO | president and CEO | president,0.2410723865032196,0.0,0.0
5730042804bcaa1900d77013,TinyRoBERTa,What country did the Rhine continue to rise during the holocene?,Netherlands,Netherlands | Netherlands | Netherlands,0.026959287002682686,1.0,1.0
5726c0c5dd62a815002e8f79,TinyRoBERTa,How many soldiers did Genghis Khan take with him to Khwarezmia?,"100,000","100,000 | 100,000 | 100,000 soldiers",0.8872153162956238,1.0,1.0
572a0ecb1d0469140077971a,TinyRoBERTa,Why does unemployment harm growth?,it is a waste of resources,because it is a waste of resources | waste of resources | waste of resources,0.339022696018219,0.0,0.9090909090909091
56e05a78231d4119001ac062,TinyRoBERTa,Who was the War of Currents waged between? ,Thomas Edison and George Westinghouse,Thomas Edison and George Westinghouse | Thomas Edison and George Westinghouse | Thomas Edison and George Westinghouse,0.9823550581932068,1.0,1.0
5728809f2ca10214002da40f,TinyRoBERTa,What was the English name of Gou's calendar?,Shoushi Li,Calendar for Fixing the Seasons | Calendar for Fixing the Seasons | Calendar for Fixing the Seasons,0.7332509756088257,0.0,0.0
57280757ff5b5019007d9b42,TinyRoBERTa,What term is used to explain a change in the appearance of Doctor Who?,regeneration,regeneration | regeneration | renewal,0.7543346285820007,1.0,1.0
5725f07f89a1e219009ac0be,TinyRoBERTa,Which NASA orbiter photographed evidence of each site on the moon that a manned Apollo mission landing occurred?,Lunar Reconnaissance Orbiter,Lunar Reconnaissance Orbiter | Japan Aerospace Exploration Agency's SELENE | Reconnaissance Orbiter | robotic Lunar Reconnaissance Orbiter | Lunar Reconnaissance Orbiter,0.7253592014312744,1.0,1.0
57339c16d058e614000b5ec7,TinyRoBERTa,How long was the Summer Theatre in operation?,from 1870 to 1939,1870 to 1939 | 1870 to 1939 | 1870 to 1939,0.630733847618103,0.0,0.8571428571428571
5730afed069b531400832262,TinyRoBERTa,"What is a genuine love of God with heart, soul and mind?",Christian Perfection,Christian Perfection | Christian Perfection | Christian Perfection,0.8748185038566589,1.0,1.0
57296f85af94a219006aa404,TinyRoBERTa,What shape are pyrenoids?,spherical,roughly spherical | roughly spherical | spherical,0.3426162898540497,1.0,1.0
56de49564396321400ee277a,TinyRoBERTa,What continent are the Canarian Islands off the coast of?,Africa,Africa | Africa | Africa,0.9896977543830872,1.0,1.0
57265aaf5951b619008f706e,TinyRoBERTa,What do the auricles do?,produce water currents that help direct microscopic prey toward the mouth,help direct microscopic prey toward the mouth | produce water currents that help direct microscopic prey toward the mouth | produce water currents that help direct microscopic prey toward the mouth,0.26089414954185486,1.0,1.0
5726a7ecf1498d1400e8e656,TinyRoBERTa,Which articles state that the member states' rights to deliver public services may not be obstructed?,Articles 106 and 107,Articles 106 and 107 | Articles 106 and 107 | Articles 106 and 107,0.9001518487930298,1.0,1.0
57332f81d058e614000b5779,TinyRoBERTa,What building was a gift from the Soviet Union?,Palace of Culture and Science,Palace of Culture and Science | Palace of Culture and Science | Palace of Culture and Science,0.6084620356559753,1.0,1.0
5726e773f1498d1400e8ef6a,TinyRoBERTa,For what league does ABC broadcast games on Christmas day?,NBA,NBA | NBA | NBA,0.7882513403892517,1.0,1.0
572683075951b619008f7513,TinyRoBERTa,How are eggs and sperm released?,via pores in the epidermis,via pores in the epidermis | pores in the epidermis | via pores in the epidermis,0.8398356437683105,1.0,1.0
5730bc308ab72b1400f9c73f,TinyRoBERTa,"The Ottoman empire controlled territory on three continents, Africa, Asia and which other?",the Caucasus,Europe | Europe | Europe | Europe | Europe,0.2267320454120636,0.0,0.0
56f8907faef23719006261b5,TinyRoBERTa,Which group did not agree to sign these agreements?,The Swiss cities,The Swiss cities | Swiss cities | The Swiss cities,0.5414016842842102,1.0,1.0
56beb90c3aeaaa14008c92cb,TinyRoBERTa,Who was the #2 pick in the 2011 NFL Draft?,Newton,Von Miller | Von Miller | Miller,0.3237019181251526,0.0,0.0
5730aeba069b531400832245,TinyRoBERTa,What did John Wesley originally call the experience of conversion?,the New Birth,New Birth | John Wesley originally called this experience the New Birth. | New Birth,0.6223958134651184,1.0,1.0
56bead5a3aeaaa14008c91ed,TinyRoBERTa,Who was this season's NFL MVP?,Cam Newton,Cam Newton | Cam Newton | Cam Newton,0.9577713012695312,1.0,1.0
5727436af1498d1400e8f559,TinyRoBERTa,For which ABC Movie of the Week film did Steven Spielberg first gain success?,Duel,Duel | Duel | Duel,0.9835042953491211,1.0,1.0
5725db4aec44d21400f3d6bf,TinyRoBERTa,What was a plugs-out test done to simulate on the LC-34?,a launch countdown,launch countdown | simulate a launch countdown on | simulate a launch countdown | simulate a launch countdown | launch countdown,0.5736620426177979,1.0,1.0
572ff890a23a5019007fcbcd,TinyRoBERTa,What is the term for closing off rivers that are no longer connected?,dammed,dammed | dammed | dammed,0.8298765420913696,1.0,1.0
572827fc3acd2414000df5bc,TinyRoBERTa,How many of Jacksonville's city residents are younger than 18?,23.9%,23.9% | 23.9% | 23.9%,0.9809828996658325,1.0,1.0
57266e72f1498d1400e8df8e,TinyRoBERTa,What type of ratios are used in geochronologic and thermochronologic studies?,isotope ratios,isotope ratios of radioactive elements | isotope | isotope | isotope,0.5762290954589844,0.0,0.6666666666666666
572982e66aef051400154f95,TinyRoBERTa,What organization offers monetary awards for identifying primes with at least 100 million digits?,Electronic Frontier Foundation,"The Electronic Frontier Foundation | Electronic Frontier Foundation | Electronic Frontier Foundation | . The Electronic Frontier Foundation | $150,000",0.5072017312049866,1.0,1.0
56e17a7ccd28a01900c679a1,TinyRoBERTa,What is the name given to the input string of a computational problem?,problem instance,problem instance | a problem instance | problem instance,0.502795934677124,1.0,1.0
572961f61d0469140077935a,TinyRoBERTa,What differs about secondary chloroplasts' membranes?,additional membranes outside of the original two,additional membranes outside of the original two | additional membranes | have additional membranes outside of the original two,0.523219645023346,1.0,1.0
56beb86b3aeaaa14008c92bd,TinyRoBERTa,How old was Peyton Manning when he played in Super Bowl 50?,39,39 | 39 | 39 | 39,0.0027508633211255074,1.0,1.0
572966ebaf94a219006aa395,TinyRoBERTa,Where does the diatom endosymbiont store starch?,granules in the dinophyte host's cytoplasm,granules in the dinophyte host's cytoplasm | in the dinophyte host | granules in the dinophyte host's cytoplasm,0.5703515410423279,1.0,1.0
56bec2013aeaaa14008c9371,TinyRoBERTa,What service did Verizon customers need to use to stream the game on their smartphones?,NFL Mobile,NFL Mobile | NFL Mobile | NFL Mobile service.,0.7926618456840515,1.0,1.0
57283b91ff5b5019007d9fa7,TinyRoBERTa,"What publication called Doctor Who ""The Greatest UK Science Fiction Series Ever""?",SFX,SFX magazine | SFX magazine | SFX magazine,0.6604651212692261,0.0,0.6666666666666666
573766251c45671900574473,TinyRoBERTa,What offers a conceptual definition of force?,Newtonian mechanics,Newtonian mechanics | Newtonian mechanics | Newtonian mechanics | Newtonian mechanics | Newtonian mechanics,0.989623486995697,1.0,1.0
572fff45947a6a140053cf27,TinyRoBERTa,What stretched across middle Europe in the last ice age?,A tundra,tundra | tundra | A tundra,0.6834760904312134,1.0,1.0
572881d34b864d1900164a5a,TinyRoBERTa,What was huihui?,Muslim medicine,Muslim medicine | Muslim medicine | Muslim medicine,0.9653626084327698,1.0,1.0
5726b2fcf1498d1400e8e7e7,TinyRoBERTa,Approximately how many architectural drawings does the V&A hold in its collection?,"600,000","over 600,000 | over 600,000 | 600,000",0.8932697772979736,1.0,1.0
56bead5a3aeaaa14008c91e9,TinyRoBERTa,Who did the Panthers beat in the NFC Championship Game?,Arizona Cardinals,Arizona Cardinals | the Arizona Cardinals | Arizona Cardinals,0.9079683423042297,1.0,1.0
5726c3b3708984140094d0d0,TinyRoBERTa,Which town's massacre did Genghis Khan order in retribution for the treatment of his envoys?,Inalchuq,Otrar | Otrar | Otrar,0.007635060232132673,0.0,0.0
56f7ef96aef2371900625c78,TinyRoBERTa,What lesson did Johann von Staupitz teach Luther  repentance was?,a change of heart,a change of heart | change of heart | true repentance does not involve self-inflicted penances and punishments but rather a change of heart.,0.6168944835662842,1.0,1.0
56e0dbb57aa994140058e779,TinyRoBERTa,Who edited Electrical World magazine?,Thomas Commerford Martin,Thomas Commerford Martin | Thomas Commerford Martin | Thomas Commerford Martin,0.9959383010864258,1.0,1.0
5733d7cbd058e614000b63ad,TinyRoBERTa,Where did Iroquois Confederation control?,present-day Upstate New York and the Ohio Country,present-day Upstate New York and the Ohio Country | present-day Upstate New York and the Ohio Country | Upstate New York and the Ohio Country | New York and the Ohio | Upstate New York and the Ohio Country,0.34453868865966797,1.0,1.0
56f8c43d9b226e1400dd0f63,TinyRoBERTa,How did Luther's writings sound as he became less healthy?,harsher,harsher | harsher | harsher,0.5714117884635925,1.0,1.0
57267383dd62a815002e8552,TinyRoBERTa,What's the climate like in Newcastle?,oceanic,oceanic | oceanic | significantly milder than some other locations,0.7078088521957397,1.0,1.0
571ce3745efbb31900334e23,TinyRoBERTa,What is the most feared condition that divers want to avoid?,seizures,Acute oxygen toxicity | Acute oxygen toxicity | seizures | seizures | seizures,0.09915077686309814,1.0,1.0
571112ada58dae1900cd6bd0,TinyRoBERTa,Other theories of the word's origin can be generally classed as what?,double or triple non-French linguistic origins,double or triple non-French linguistic origins | non-French linguistic origins,0.43632936477661133,1.0,1.0
570607f575f01819005e78b6,TinyRoBERTa,"How many cities in southern California have over 200,000 residents?",twelve,twelve | twelve | twelve,0.9408084154129028,1.0,1.0
5727780a5951b619008f8a9d,TinyRoBERTa,What kind of programs can be credited for ABC's success in the late 1950s?,westerns and detective series,westerns and detective series | westerns and detective series | westerns and detective series,0.8611940741539001,1.0,1.0
572974923f37b3190047840c,TinyRoBERTa,What is the process of changing light into chemical energy?,photosynthesis,photosynthesis | photosynthesis | photosynthesis,0.9938105344772339,1.0,1.0
57264991f1498d1400e8db2f,TinyRoBERTa,When had the plague reached Alexandria?,autumn 1347,autumn 1347 | 1347 | 1347,0.8575697541236877,1.0,1.0
572758c3dd62a815002e9b7b,TinyRoBERTa,What are alternate English spelling of Genghis?,"Chinghiz, Chinghis, and Chingiz","Chinghiz, Chinghis, and Chingiz | Chinghiz, Chinghis, and Chingiz | Chinghiz, Chinghis, and Chingiz | Chinghiz, Chinghis, and Chingiz",0.8164781928062439,1.0,1.0
5729e2b76aef0514001550cf,TinyRoBERTa,What did the increase in skilled workers lead to?,a decrease in the price of skilled labor,a decrease in the price of skilled labor | decrease in the price of skilled labor | decrease in the price of skilled labor,0.42645618319511414,1.0,1.0
5705eccb52bb8914006896b9,TinyRoBERTa,Other than the desert city why do many locals and tourists frequent southern California?,popular beaches,beaches | for its popular beaches | beaches,0.39637258648872375,0.0,0.6666666666666666
5733314e4776f4190066076b,TinyRoBERTa,How many miles east of Berlin is Warsaw?,325,325 | 325 | 325,0.9292696118354797,1.0,1.0
5729fc3d1d0469140077969e,TinyRoBERTa,Lots of tumor cells have fewer of what type of molecule on their surface?,MHC class I,MHC class I molecules | MHC class I | MHC class I molecules,0.6115248203277588,1.0,1.0
57302bd0b2c2fd14005689df,TinyRoBERTa,What does the Islamic State lack from the international community?,recognition,recognition | international recognition | recognition,0.5149614810943604,1.0,1.0
573027d6a23a5019007fce9d,TinyRoBERTa,When was al-Nimeiry overthrown?,1985,1985 | 1985 | 1985,0.9886215925216675,1.0,1.0
57297bc9af94a219006aa4cb,TinyRoBERTa,How many divisions are required to verify the primality of the number 37?,three,only three divisions | only for those m that are prime | three | three | three,0.4924085736274719,1.0,1.0
57277bfc708984140094dedb,TinyRoBERTa,What is the largest ABC station operator in terms of market reach?,The E. W. Scripps Company,E. W. Scripps Company | The E. W. Scripps Company | E. W. Scripps Company,0.49597591161727905,1.0,1.0
571093aba58dae1900cd6a5d,TinyRoBERTa,When did Henry issue the Edict of Nantes?,1598,1598 | 1598 | 1598,0.9782207012176514,1.0,1.0
5727cebc2ca10214002d96f2,TinyRoBERTa,How many graduate students does Harvard have?,"14,000","14,000 | 14,000 | 14,000",0.9914366602897644,1.0,1.0
57273d19708984140094db3e,TinyRoBERTa,What did Disney rename Capital City/ABC after first acquiring the company?,ABC Inc,ABC Inc. | ABC Inc. | ABC Inc,0.9731262922286987,1.0,1.0
57332442d058e614000b5720,TinyRoBERTa,What is Warsaw's name in the Polish language?,Warszawa,Warszawa | Warszawa | Warszawa,0.9918579459190369,1.0,1.0
57107a3ea58dae1900cd69de,TinyRoBERTa,What southern city did the Huguenots settle near?,Charleston,"Charleston, South Carolina | Charleston | Charleston, South Carolina",0.8937603831291199,1.0,1.0
56e749dd00c9c71400d76f51,TinyRoBERTa,Who is most likely to teach a child at home?,"a teacher occupying a transient or ongoing role, such as a family member",family member | family member | family member,0.005083883181214333,0.0,0.33333333333333337
5727f2714b864d1900164074,TinyRoBERTa,What impact did the high school education movement have on the wages of skilled workers?,decrease in the price of skilled labor,decrease | decrease in the price of skilled labor | decrease,0.24665440618991852,1.0,1.0
5730040f947a6a140053cf4c,TinyRoBERTa,Some elements of the Brotherhood directed what action against the government?,violence,violence | violence | violence,0.988116979598999,1.0,1.0
572f5875947a6a140053c89e,TinyRoBERTa,What is expected with the continuous input of sediment into the Dornbirner Ach?,silt up the lake,silt | silt up the lake | the continuous input of sediment into the lake will silt up the lake | silt up the lake,7.570609028562103e-08,1.0,1.0
5728185f3acd2414000df45f,TinyRoBERTa,Who was the creator of the theme for the 50th Anniversary special?,Gold,Gold | Gold | Gold,0.26133379340171814,1.0,1.0
5726eb76f1498d1400e8efdc,TinyRoBERTa,What are two of its subsystems?,humoral immunity versus cell-mediated immunity,innate immune system versus the adaptive immune system | innate immune system versus the adaptive immune system | humoral immunity versus cell-mediated immunity | innate immune system versus the adaptive immune system,0.10299931466579437,1.0,1.0
572800b03acd2414000df1f3,TinyRoBERTa,How many episodes were in The Daleks' Master Plan?,12,12 | 12 | 12,0.8012402057647705,1.0,1.0
5725c69738643c19005accba,TinyRoBERTa,What was introduces into the Black Sea?,Mnemiopsis,Mnemiopsis | Mnemiopsis | Mnemiopsis,0.04934592545032501,1.0,1.0
57273d06f1498d1400e8f4f8,TinyRoBERTa,How did Mongol armies lure enemy groups out of their defensive positions?,feigned retreat,feigned retreat | feigned retreat | feigned retreat,0.520869791507721,1.0,1.0
572a1046af94a219006aa791,TinyRoBERTa,What has become the secret to economic growth?,widespread education,widespread education | widespread education | widespread education,0.967490553855896,1.0,1.0
572764855951b619008f8951,TinyRoBERTa,What soap opera is currently featured in ABC's daytime programming?,General Hospital,General Hospital | General Hospital | General Hospital,0.9840406775474548,1.0,1.0
572700c8dd62a815002e976c,TinyRoBERTa,Which English sculptor who became the leading portrait sculptor in Regency era Britain is represented in the V&A collection?,Caius Gabriel Cibber,"Sir Francis Chantrey | Sir Francis Chantrey, | Sir Francis Chantrey",0.07652558386325836,0.0,0.0
57268882f1498d1400e8e307,TinyRoBERTa,What doctrine did the doctrine of the Principles of Geology successfully promote?,uniformitarianism,uniformitarianism | uniformitarianism | uniformitarianism,0.9260781407356262,1.0,1.0
5725cbb289a1e219009abed3,TinyRoBERTa,During what time did civilization in the Amazon was flourishing when Orellana made his observations?,1540s,1540s | 1540s | 1540s,0.7192018032073975,1.0,1.0
56d9ccacdc89441400fdb846,TinyRoBERTa,How many total tackles did Charles Johnson have in Super Bowl 50?,four,four | four | four,0.8332982659339905,1.0,1.0
571a50df4faf5e1900b8a962,TinyRoBERTa,"Peroxides, nitrates and dichromates are examples of what type of compounds?",Combustion hazards also apply to compounds of oxygen with a high oxidative potential,compounds of oxygen with a high oxidative | compounds of oxygen with a high oxidative potential | compounds of oxygen with a high oxidative potential | compounds of oxygen with a high oxidative potential | compounds of oxygen with a high oxidative potential,0.3758643865585327,0.0,0.7368421052631579
56d721af0d65d2140019839f,TinyRoBERTa,Which company has been able to air multiple ads at a steep discount?,Anheuser-Busch InBev,Anheuser-Busch InBev | Anheuser-Busch InBev | Anheuser-Busch InBev,0.9844925999641418,1.0,1.0
57271f125951b619008f8635,TinyRoBERTa,Sophocles demonstrated civil disobedience in a play that was called?,Antigone,Antigone | Antigone | Antigone | Antigone | Antigone,0.9810192584991455,1.0,1.0
57105da9a58dae1900cd699f,TinyRoBERTa,What was the proportion of Huguenots to Catholics at their peak?,two million,about one-eighth the number | about one-eighth | about one-eighth,0.10230690985918045,0.0,0.0
57113be3a58dae1900cd6d2a,TinyRoBERTa,How many horsepower was Watt's engine?,ten,ten | ten-horsepower | ten-horsepower | ten,0.9219416975975037,1.0,1.0
5725b7f389a1e219009abd5d,TinyRoBERTa,What is European Union Law?,a body of treaties and legislation,"a body of treaties and legislation | a body of treaties and legislation, such as Regulations and Directives, which have direct effect or indirect effect on the laws of European Union member states | a body of treaties and legislation, such as Regulations and Directives | a body of treaties and legislation, such as Regulations and Directives",0.40151795744895935,1.0,1.0
5727d88b4b864d1900163e5e,TinyRoBERTa,How many museums comprise Harvard Art Museums?,three,three museums. | three | three,0.8932099938392639,1.0,1.0
5733f9fa4776f41900661621,TinyRoBERTa,What other clashes were involved in taking Louisbourg?,Petitcodiac in 1755 and at Bloody Creek,Petitcodiac in 1755 and at Bloody Creek near Annapolis Royal in 1757 | Petitcodiac in 1755 and at Bloody Creek near Annapolis Royal in 1757 | deportation of the French-speaking Acadian population from the area | Petitcodiac in 1755 and at Bloody Creek | Petitcodiac in 1755 and at Bloody Creek near Annapolis Royal in 1757,0.020215438678860664,1.0,1.0
572974923f37b3190047840d,TinyRoBERTa,What is chemical energy used to produce in plants?,food in the form of sugars,food in the form of sugars | light | food in the form of sugars,0.3905625343322754,1.0,1.0
572ff56304bcaa1900d76f2e,TinyRoBERTa,"Other than the Ijssel, where does the water from the Pannerdens Kanaal redsitrubute?",Nederrijn,Nederrijn | Nederrijn | Nederrijn,0.5005869269371033,1.0,1.0
5725b76389a1e219009abd4a,TinyRoBERTa,When did the United States withdraw from the Bretton Woods Accord?,"August 15, 1971","On August 15, 1971 | August 15, 1971 | August 15, 1971 | August 15, 1971 | August 15, 1971",0.9837939143180847,1.0,1.0
5737a4511c456719005744e0,TinyRoBERTa,What would change the rotational inertia of a body under Newton's First Law of Motion?,unbalanced torque,unbalanced torque | unbalanced torque | unbalanced torque | an unbalanced torque,0.39275017380714417,1.0,1.0
56e16839cd28a01900c67887,TinyRoBERTa,What measure of a computational problem broadly defines the inherent difficulty of the solution?,significant resources,if its solution requires significant resources | its solution requires significant resources | if its solution requires significant resources,0.6432647705078125,0.0,0.5714285714285715
5726b929f1498d1400e8e8ec,TinyRoBERTa," In the 2009 Commission v Italy, case, the Court of Justice held that an Italian low prohibiting what infringed article 34?",motorcycles or mopeds pulling trailers,motorcycles or mopeds pulling trailers | motorcycles or mopeds pulling trailers | motorcycles or mopeds pulling trailers,1.8643770217895508,1.0,1.0
5726de7a5951b619008f80af,TinyRoBERTa,The Art Deco style of glassware is represented by which artist?,René Lalique,René Lalique | René Lalique | René Lalique,0.990838885307312,1.0,1.0
57296a65af94a219006aa3c6,TinyRoBERTa,How does the secondary theory say most cpDNA replicates?,through homologous recombination,homologous recombination | homologous recombination | through homologous recombination,0.7076230645179749,1.0,1.0
572fac17947a6a140053cb54,TinyRoBERTa,When was the current parliament of Scotland convened?,1998,Following a referendum in 1997 | 1998 | 1998,0.7235084772109985,1.0,1.0
57284d484b864d1900164903,TinyRoBERTa,What public policy school found it's home in the building that Ludwig Mies van der Rohe designed?,Harris School of Public Policy Studies,Harris School of Public Policy Studies | Harris School of Public Policy Studies | the Harris School of Public Policy Studies,0.11963625997304916,1.0,1.0
57268220f1498d1400e8e218,TinyRoBERTa,Why is it important to precisely date rocks within the stratigraphic section? ,to provide better absolute bounds on the timing and rates of deposition,provide better absolute bounds on the timing and rates of deposition | gain information about past climate | provide better absolute bounds on the timing and rates of deposition,0.588489294052124,0.0,0.9523809523809523
572882242ca10214002da424,TinyRoBERTa,When was the Imperial Library Directorate established?,1273,1273 | 1273 | In 1273,0.9821003079414368,1.0,1.0
5728ef8d2ca10214002daac3,TinyRoBERTa,When did the Bantu expansion reach the area from West-Central Africa?,first millennium AD,By the first millennium AD | By the first millennium AD | first millennium AD,0.49835076928138733,1.0,1.0
5727cff1ff5b5019007d95c4,TinyRoBERTa,What was the Harvard endowment total in 2011?,$32 billion,$32 billion | $32 billion | $32 billion,0.9185362458229065,1.0,1.0
5726bcde708984140094cfbf,TinyRoBERTa,What has lately been being viewed as a fundamental status of member state nationals by the Court of Justice?,Citizenship of the EU,Citizenship of the EU | Citizenship of the EU | Citizenship of the EU,0.9924996495246887,1.0,1.0
573408ef4776f41900661759,TinyRoBERTa,What choice did French have for surrendering land?,France chose to cede,"continental North American possessions east of the Mississippi or the Caribbean islands of Guadeloupe and Martinique | surrendering either its continental North American possessions east of the Mississippi or the Caribbean islands of Guadeloupe and Martinique | either its continental North American possessions east of the Mississippi or the Caribbean islands of Guadeloupe and Martinique, | its continental North American possessions east of the Mississippi or the Caribbean islands | surrendering either its continental North American possessions east of the Mississippi or the Caribbean islands of Guadeloupe and Martinique",0.15162155032157898,0.0,0.0
5728231fff5b5019007d9dd8,TinyRoBERTa,When was the debut of the 1983 special called The Five Doctors?,23 November,23 November | 23 November | 23 November,0.9748899936676025,1.0,1.0
56e1c2eee3433e1400423136,TinyRoBERTa,A language solved in quadratic time implies the use of what type of Turing machine?,single-tape,single-tape Turing machines | single-tape | single-tape,0.5825693607330322,1.0,1.0
57273a465951b619008f8703,TinyRoBERTa,Construction takes place on location for who?,a known client,a known client | client | known client,0.7935769557952881,1.0,1.0
56f80ccfaef2371900625d84,TinyRoBERTa,When did Luther publish On the Bondage of the Will?,1525,1525 | 1525 | 1525,0.9963712096214294,1.0,1.0
56e0fe85e3433e1400422a6a,TinyRoBERTa,What natural phenomenon did Tesla create artificially? ,lightning,lightning | lightning | lightning,0.9805329442024231,1.0,1.0
56e19724cd28a01900c679f6,TinyRoBERTa,A function problem is an example of what?,computational problem,a computational problem | a computational problem | a computational problem,0.738050103187561,1.0,1.0
572ff932a23a5019007fcbd6,TinyRoBERTa,What do supporters of Islamism believe their views reflect?,Islam,Islam | Islam | Islam,0.9573608636856079,1.0,1.0
56de4c324396321400ee27ac,TinyRoBERTa,What is Norman art's most well known piece?,Bayeux Tapestry,Bayeux Tapestry | the Bayeux Tapestry | the Bayeux Tapestry,0.7108147144317627,1.0,1.0
57277af2708984140094dec5,TinyRoBERTa,What company reached a deal to also stream its ABC affiliates?,Hearst Television,Hearst Television | Hearst Television | Hearst Television,0.9674491882324219,1.0,1.0
571c97e2dd7acb1400e4c121,TinyRoBERTa,Where  by mass is oxygen a major part?,the world's oceans,"world's oceans | the world's oceans | in the Earth's biosphere, air, sea and land | oceans | the world's oceans",0.4062880873680115,1.0,1.0
5729582b1d046914007792e7,TinyRoBERTa,Which lineage includes land plants?,green chloroplast,the green chloroplast lineage | the green chloroplast lineage | green chloroplast lineage,0.5598347187042236,0.0,0.8
5726e834dd62a815002e94a5,TinyRoBERTa,To whom has the Antwerp City Hall doors in the V&A collection been attributed?,Hans Vredeman de Vries,Hans Vredeman de Vries | Hans Vredeman de Vries | Hans Vredeman de Vries,0.9778407216072083,1.0,1.0
5726c4b5dd62a815002e8fda,TinyRoBERTa,The sculpture of Amida Nyorai that is included in the V&A's Japanese art collection is dated to which century?,13th,13th | 13th-century | 13th,0.5992400050163269,1.0,1.0
56d720c70d65d21400198398,TinyRoBERTa,What followed the late local programming after Super Bowl 50?,The Late Show,The Late Late Show with James Corden. | The Late Late Show with James Corden | The Late Late Show with James Corden.,5.6839653552742675e-05,0.0,0.5
5729ea263f37b319004785bf,TinyRoBERTa,How much windblown dust leaves the Sahara each year?,182 million tons,182 million tons | 182 million tons | 182 million tons,0.8954156637191772,1.0,1.0
56e77b8c00c9c71400d77197,TinyRoBERTa,Is the Pope's confessor a Bishop?,not always a bishop,not always | not always,0.22926798462867737,0.0,0.8
572976791d046914007794af,TinyRoBERTa,What can rubisco do by mistake?,add O2 instead of CO2 to RuBP,add O2 instead of CO2 to RuBP | add O2 instead of CO2 | add O2 instead of CO2 to RuBP,0.8002991676330566,1.0,1.0
572925491d046914007790c5,TinyRoBERTa,What are the biggest burdens?,Preventable diseases,"diseases like malaria, HIV/AIDS, pneumonia, diarrhoea and malnutrition | Preventable diseases like malaria, HIV/AIDS, pneumonia, diarrhoea and malnutrition | Preventable diseases",0.4280330538749695,1.0,1.0
57269526dd62a815002e8a4f,TinyRoBERTa,How many of the schools in Newcastle are independent? ,seven,seven | seven | seven,0.8018379807472229,1.0,1.0
5728827b2ca10214002da42d,TinyRoBERTa,What had the Yuan used to print its money before bronze plates?,woodblocks,woodblocks | woodblocks | woodblocks,0.9895229339599609,1.0,1.0
56f802c6a6d7ea1400e17378,TinyRoBERTa,What were these indulgences supposed to grant the giver?,salvation,salvation | salvation | salvation,0.9777169823646545,1.0,1.0
5730cb8df6cb411900e244c4,TinyRoBERTa,What is the greatest number of members a board of trustees can have?,nine,nine | no more than nine members | nine,0.05270193889737129,1.0,1.0
56f81393aef2371900625dac,TinyRoBERTa,What scripture did Luther use to back up his opinion that churchmen were not infallible?,Matthew 16:18,Matthew 16:18 | Matthew 16:18 | Matthew 16:18,0.9901715517044067,1.0,1.0
56bec4343aeaaa14008c93a9,TinyRoBERTa,What Universal trailer debuted during the Super Bowl?,The Secret Life of Pets and the debut trailer for Jason Bourne,Jason Bourne | Jason Bourne | Jason Bourne,1.7804093204176752e-06,0.0,0.33333333333333337
56e11ba9cd28a01900c675db,TinyRoBERTa,To what place did he bring the injured pigeons to take care of them?,his hotel room,hotel room | his hotel room | his hotel room,0.5357885360717773,1.0,1.0
5725d2ef271a42140099d255,TinyRoBERTa,What was the name of the upgraded Saturn I called?,The Saturn IB,Saturn IB | S-IB | Saturn IB | Saturn IB | Saturn IB,0.5184571146965027,1.0,1.0
57284b904b864d19001648e5,TinyRoBERTa,The Mitchell Tower is designed to look like what Oxford tower?,Magdalen Tower,Oxford's Magdalen Tower | Magdalen Tower | Magdalen Tower | Magdalen Tower,0.9033039212226868,1.0,1.0
56e11a73e3433e1400422bf0,TinyRoBERTa,What was the daily distance walked by Tesla?,8 to 10 miles,between 8 to 10 miles per day | 8 to 10 miles | 8 to 10 miles,0.5121093988418579,1.0,1.0
56d20650e7d4791d00902614,TinyRoBERTa,Who sang the national anthem?,Lady Gaga,Lady Gaga | Lady Gaga | Lady Gaga,0.9952301383018494,1.0,1.0
57115ff82419e314009555c3,TinyRoBERTa,What is another term for rotors?,rotating discs,rotating discs | rotating discs | rotating discs,0.8550459742546082,1.0,1.0
56f84a60aef2371900625f9d,TinyRoBERTa,How quick was the effect of Luther's preaching?,immediate,immediate | immediate | immediate,0.9858783483505249,1.0,1.0
57281940ff5b5019007d9d45,TinyRoBERTa,What type of movies were produced in Jacksonville's 30 studios?,silent,silent film | silent film | silent,0.7190850973129272,1.0,1.0
5706094b52bb8914006897e0,TinyRoBERTa,The region was a leader in what event between 2001 - 2007?,housing bubble,the housing bubble | the housing bubble,0.7367806434631348,1.0,1.0
5728e5224b864d1900165035,TinyRoBERTa,What type of goals are usually done skirting the law?,social,social goal | social goal | protests toward public policy | propaganda | social,0.13463734090328217,1.0,1.0
5726acc1f1498d1400e8e6cb,TinyRoBERTa,Which shaman's proclamation aided Temüjin's rise? ,Kokochu,Kokochu | Kokochu | Kokochu,0.9911860823631287,1.0,1.0
572829532ca10214002d9fa3,TinyRoBERTa,When did Torchwood premier?,22 October 2006,22 October 2006 | 22 October 2006 | 22 October 2006,0.9162583947181702,1.0,1.0
5726cfa3708984140094d20c,TinyRoBERTa,Approximately how many images were digitized during the first year of the digitization project?,"15,000","15,000 | 15,000 | 15,000",0.9510849118232727,1.0,1.0
56bebde53aeaaa14008c9337,TinyRoBERTa,What venue hosted Super Bowl Opening Night?,SAP Center,SAP Center | SAP Center | SAP Center,0.9163650274276733,1.0,1.0
5730afed069b531400832260,TinyRoBERTa,What is that grace of God which sustains the believers in the journey towards Christian Perfection?,Sanctifying Grace,"Sanctifying Grace | a genuine love of God with heart, soul, mind, and strength, | Sanctifying Grace",0.9811193346977234,1.0,1.0
56f881e3a6d7ea1400e176f7,TinyRoBERTa,When was the last use by Bach of Luther's work?,1725,1735 | 1735 | Wär Gott nicht mit uns diese Zeit,0.9813741445541382,0.0,0.0
5726a4a9708984140094ccba,TinyRoBERTa,When was Temüjin's half-brother Begter killed?,one hunting excursion,during one hunting excursion | one hunting excursion | during one hunting excursion,0.7804746627807617,1.0,1.0
56bf5abc3aeaaa14008c95ea,TinyRoBERTa,What was the name of the fund setup to help with investing in the community? ,50 fund,50 fund | the 50 fund | 50 fund,0.15197665989398956,1.0,1.0
56e11cedcd28a01900c675eb,TinyRoBERTa,What kind of memory was Tesla thought to have?,photographic,photographic memory | photographic | photographic,0.8194690942764282,1.0,1.0
570d2417fed7b91900d45c3e,TinyRoBERTa,Where according to gross state product does Victoria rank in Australia?,second,second | second | second,0.919456422328949,1.0,1.0
56be54bdacb8001400a50323,TinyRoBERTa,How many times has the South Florida/Miami area hosted the Super Bowl?,10,10 | 10 | 10,0.6807748079299927,1.0,1.0
5726f36cdd62a815002e9602,TinyRoBERTa,"Besides drugs, what else do specialty pharmacies provide?","lab monitoring, adherence counseling","lab monitoring, adherence counseling, and assist patients with cost-containment strategies needed to obtain their expensive specialty drugs | lab monitoring, adherence counseling, and assist patients with cost-containment strategies | lab monitoring, adherence counseling, and assist patients with cost-containment strategies needed to obtain their expensive specialty drugs",0.7426135540008545,0.0,0.5714285714285715
570d50a5fed7b91900d45e7d,TinyRoBERTa,How much did the gross agricultural product increase from 2003-04?,17% to $8.7 billion,$8.7 billion | 24% | $8.7 billion,0.45412909984588623,0.0,0.6666666666666666
5728ebcb3acd2414000e01da,TinyRoBERTa,Which duty do some people believe civil disobedients have?,submit to the punishment prescribed by law,submit to the punishment prescribed by law | to submit to the punishment prescribed by law | submit to the punishment | to submit to the punishment prescribed by law | to submit to the punishment prescribed by law | to submit to the punishment prescribed by law,0.504579484462738,1.0,1.0
56bec2013aeaaa14008c9374,TinyRoBERTa,On what game console was the CBS Sports app available?,tablets,Xbox One | Xbox One | Xbox One,0.5056509971618652,0.0,0.0
56e1aba0e3433e1400423094,TinyRoBERTa,What is the term for a mathematical model that theoretically represents a general computing machine?,A Turing machine,A Turing machine | A Turing machine | Turing machine,0.6582041382789612,1.0,1.0
57280e1aff5b5019007d9bee,TinyRoBERTa,What civilization did the pottery belong to?,Timucua,Timucua | Timucua people | Mocama,0.11751646548509598,1.0,1.0
572914441d04691400779025,TinyRoBERTa,When did President Uhuru Kenyatta sign a Security Law Amendment Bill?,December 2014,December 2014 | December 2014 | December 2014,0.9697587490081787,1.0,1.0
572810ec2ca10214002d9d08,TinyRoBERTa,Why the narrow part of St. John's River called Cowford?,cattle were brought across the river there,cattle were brought across the river there. | cattle were brought across | cattle were brought across the river there,0.425760418176651,1.0,1.0
571ce5055efbb31900334e2e,TinyRoBERTa,How much damage does breathing oxygen in space conditions cause?,no,no damage | no damage | no | no | no damage,0.0545157715678215,1.0,1.0
5727500f708984140094dc00,TinyRoBERTa,In what month and year was the revised Manual of Regulations for Private Schools released?,August 1992,August 1992 | August 1992 | August 1992,0.9777413606643677,1.0,1.0
56beb4e43aeaaa14008c9266,TinyRoBERTa,Who played quarterback for the Broncos after Peyton Manning was benched?,Brock Osweiler,Brock Osweiler | Brock Osweiler | Osweiler,0.9865846037864685,1.0,1.0
57275409708984140094dc36,TinyRoBERTa,How do academic results in former Model C schools compare to other schools?,better,better | better | produce better academic results,0.29024189710617065,1.0,1.0
572fbfa504bcaa1900d76c73,TinyRoBERTa,Which month is the first in the year Parliament takes a two week vacation?,April,April | April | April,0.7545039057731628,1.0,1.0
5727f8342ca10214002d9a80,TinyRoBERTa,What other series mentioned returned with a plot continuation?,Battlestar Galactica and Bionic Woman,"Mission Impossible, | Mission Impossible | Mission Impossible",0.004510095342993736,0.0,0.0
5728f6446aef0514001548e5,TinyRoBERTa,What immune system is activated by the innate response?,adaptive immune system,adaptive immune system | adaptive | the adaptive immune system,0.6416265964508057,1.0,1.0
5726651ff1498d1400e8de31,TinyRoBERTa,What trade was the city an important center of in the 14th century?,wool trade,wool | wool | the wool trade,0.5061213374137878,1.0,1.0
57300a25a23a5019007fcc99,TinyRoBERTa,Who established the Confederation of the Rhine?,Napoleon,Napoleon | Napoleon | Napoleon,0.9711920022964478,1.0,1.0
57268527708984140094c8bf,TinyRoBERTa,Who is viewed as the first modern geologist?,James Hutton,James Hutton | James Hutton | James Hutton,0.9977831840515137,1.0,1.0
56f86b44a6d7ea1400e175f7,TinyRoBERTa,What did he work on refining until the end of his life?,New Testament,the translation | translation | translation,0.18073005974292755,0.0,0.0
573010fab2c2fd14005687d7,TinyRoBERTa,Who did the attacks resonate most with?,conservative Muslims,conservative Muslims | Muslims | conservative Muslims,0.9842889904975891,1.0,1.0
56bf4e1b3aeaaa14008c95c0,TinyRoBERTa,"If Roman numerals were used in the naming of the 50th Super Bowl, which one would have been used?",Arabic numerals as Super Bowl 50,L | L | L,0.28417325019836426,0.0,0.0
5726701add62a815002e84cb,TinyRoBERTa,"When rock folds deep in the Earth it can fold one of two ways, when it buckles downwards it creates what? ",synforms,synforms | synforms | synforms,0.8195628523826599,1.0,1.0
5730c8a1f6cb411900e2449e,TinyRoBERTa,"In March 2007, the Mission Council of the South Central jurisdiction approved a 99-year lease on how many acres?",36,36 | 36 acres | 36,0.7583686113357544,1.0,1.0
57269aa65951b619008f77ab,TinyRoBERTa,Which type of law makes EU institutions and its member states follow the law?,administrative law,administrative law | administrative law | administrative law,0.6671744585037231,1.0,1.0
5727ea45ff5b5019007d986f,TinyRoBERTa,What impact does workers working harder have on productivity of a business?,downward pressure on wages,"less workers are required | raises the productivity of each worker,",0.00706545589491725,0.0,0.0
57297103af94a219006aa426,TinyRoBERTa,What is beta carotene?,a bright red-orange carotenoid,a bright red-orange carotenoid | a bright red-orange carotenoid | bright red-orange carotenoid found in nearly all chloroplasts,0.44439664483070374,1.0,1.0
57300a9a04bcaa1900d77064,TinyRoBERTa,When would the occupation of allies leave Rhineland?,1930,1935 | 1930 | 1935,0.925967276096344,1.0,1.0
5725f239271a42140099d35d,TinyRoBERTa,What type of camera was used to record the Moon landing?,Apollo TV,special Apollo TV camera | Apollo TV camera | Apollo TV | Apollo TV camera | Apollo TV camera,0.6491605639457703,1.0,1.0
5726509bdd62a815002e815a,TinyRoBERTa,Who challenged the plague theory first?,J. F. D. Shrewsbury,British bacteriologist J. F. D. Shrewsbury | J. F. D. Shrewsbury | J. F. D. Shrewsbury,0.8021378517150879,1.0,1.0
572906e23f37b31900477f90,TinyRoBERTa,When did Kenya become an independent country?,1963,1963 | Kenya Independence Act | 1963,0.8491067290306091,1.0,1.0
5728223cff5b5019007d9dc7,TinyRoBERTa,"Aside from being located on the coast, what contributes to Jacksonville's lack of cold weather?",low latitude,low latitude | low latitude | low latitude,0.9921408891677856,1.0,1.0
56e1c720e3433e140042316a,TinyRoBERTa,What is an example of a measurement within a complexity class that would create a bigger set of problems if the bounds were relaxed?,computation time,computation time | computation time | computation time,0.7896541357040405,1.0,1.0
56f7f2e0aef2371900625cb1,TinyRoBERTa,When did Luther enter into the senate of the Theology faculty of the University of Wittenberg?,21 October 1512,"21 October 1512 | 21 October 1512 | October 1512,",0.6178818345069885,1.0,1.0
57376c50c3c5551400e51ece,TinyRoBERTa,"If a force is pointing horizontally to the northeast, how many forces can you split the force into?",two forces,two | two | two | two,0.5362427234649658,0.0,0.6666666666666666
572944e03f37b319004781e4,TinyRoBERTa,"How many Medieval Warm Period reconstructions covered 1,000+ years?",Ten,Ten | 14 | Ten,0.44982802867889404,1.0,1.0
57269b165951b619008f77b4,TinyRoBERTa,What year was the latest addition to the Church of St. Andrew?,1726,1726 | 1726 | 1726,1.617550992705219e-06,1.0,1.0
56e1cbe2cd28a01900c67baf,TinyRoBERTa,What would need to remain constant in a multiplication algorithm to produce the same outcome whether multiplying or squaring two integers?  ,the same input,input | input | input,0.18599893152713776,0.0,0.6666666666666666
5727f5622ca10214002d9a45,TinyRoBERTa,Who ended the series in 1989?,Jonathan Powell,Jonathan Powell | Jonathan Powell | Jonathan Powell,0.00033415842335671186,1.0,1.0
56d70d240d65d21400198326,TinyRoBERTa,Where did the Panthers practice for the Super Bowl?,San Jose State,San Jose State practice facility | the San Jose State practice facility | San Jose State,0.0028451201505959034,1.0,1.0
57286bf84b864d19001649d4,TinyRoBERTa,"What alumni wrote ""The Closing of the American Mind""?",Allan Bloom,Allan Bloom | Allan Bloom | Allan Bloom,0.03516122326254845,1.0,1.0
571127a5a58dae1900cd6cc6,TinyRoBERTa,Where did the world's first railway journey terminate?,Abercynon,Abercynon | Abercynon in south Wales | Abercynon,0.5662147998809814,1.0,1.0
572872822ca10214002da376,TinyRoBERTa,Who were later Yuan emperors isolated from?,the army and the populace,both the army and the populace | army and the populace | the army and the populace,0.5183224678039551,1.0,1.0
572982e66aef051400154f92,TinyRoBERTa,What is the name of one type of computing method that is used to find prime numbers?,distributed computing,distributed computing | distributed computing | distributed | distributed computing | distributed computing,0.5943002700805664,1.0,1.0
572825a92ca10214002d9eff,TinyRoBERTa,Bedau notes that illegal protests towards public policy may serve as what purpose?,propaganda,propaganda | propaganda | propaganda | propaganda | just a harassment,0.7031048536300659,1.0,1.0
57108d69b654c5140001f983,TinyRoBERTa,What country initially received the largest number of Huguenot refugees?,Dutch Republic,the Dutch Republic | Dutch Republic | Dutch Republic,0.49317124485969543,1.0,1.0
572a1a5c6aef051400155286,TinyRoBERTa,What does it take a country with high inequality longer to achieve?,the same reduction,reduction | halve poverty | halve poverty,0.16420546174049377,0.0,0.6666666666666666
5711619950c2381900b54ab3,TinyRoBERTa,"In an atmospheric engine, what does air pressure push against?",a piston into the partial vacuum,piston | a piston | piston | a piston,0.34529760479927063,0.0,0.4
5727f05b4b864d190016406c,TinyRoBERTa,What are those with lower incomes less likely to have in order to prepare for the future?,aggregate savings and investment,"savings and investment | education, | education",0.5536237955093384,0.0,0.8571428571428571
5725bc7138643c19005acc1f,TinyRoBERTa,How many days after Gagarin's flight did the US House Committee on Science and Astronautics meet?,one,one day | one | one | one | one day,0.7088244557380676,1.0,1.0
5725cc38ec44d21400f3d5bc,TinyRoBERTa,Which two treaties provided more formal institutions of the European Union?,Treaty of Rome 1957 and the Maastricht Treaty 1992,Treaty of Rome 1957 and the Maastricht Treaty 1992 | the Treaty of Rome 1957 and the Maastricht Treaty 1992 | the Treaty of Rome 1957 and the Maastricht Treaty 1992 (now: TFEU) | the Treaty of Rome 1957 and the Maastricht Treaty 1992 (now: TFEU),0.5033538937568665,1.0,1.0
571cebc05efbb31900334e48,TinyRoBERTa,What can concentrated oxygen produce?,rapid combustion,rapid combustion | rapid combustion | rapid combustion | rapid combustion | rapid combustion,0.8486157655715942,1.0,1.0
572949306aef051400154c6b,TinyRoBERTa,When was the Third Assessment Report published?,2001,2001 | 2001 | 2001,0.9756337404251099,1.0,1.0
572685d1f1498d1400e8e2a0,TinyRoBERTa,Who did Noble acquire the rights to the American Broadcasting Company name from?,George B. Storer,George B. Storer | George B. Storer | 1944,0.99652498960495,1.0,1.0
5725db98ec44d21400f3d6c7,TinyRoBERTa,When was most of Sunnside developed?,1950s through the 1970s,1950s through the 1970s | 1950s through the 1970s | 1950s through the 1970s,0.5801660418510437,1.0,1.0
56e10412e3433e1400422abb,TinyRoBERTa,Where did he work on the oscillators?,Houston Street lab,Houston Street lab | his Houston Street lab | his Houston Street lab,0.8732931613922119,1.0,1.0
5706074552bb8914006897d6,TinyRoBERTa,Each of the extended metropolitan areas has a population that exceeds what number?,five million,five million | five million | five million,0.9436173439025879,1.0,1.0
56e0bcc0231d4119001ac36d,TinyRoBERTa,What was Tesla's mother's name?,Đuka Tesla,Đuka Tesla | Đuka Tesla | Đuka Tesla (née Mandić),0.49473652243614197,1.0,1.0
5727dc473acd2414000dee43,TinyRoBERTa,What is the name of Harvard's basketball facility?,Lavietes Pavilion,Lavietes Pavilion | Lavietes Pavilion | Lavietes Pavilion,0.6022407412528992,1.0,1.0
572ff430a23a5019007fcbac,TinyRoBERTa,What is the name of the longest bridge in Germany?,Emmerich Rhine Bridge,Emmerich Rhine Bridge | Emmerich Rhine Bridge | Emmerich Rhine Bridge,0.6877157688140869,1.0,1.0
572667e2f1498d1400e8de94,TinyRoBERTa,What is something that is often torn up and included in sedimentary rock?,gravel,gravel | gravel | gravel | gravel,0.9405074715614319,1.0,1.0
5730131c947a6a140053d055,TinyRoBERTa,When did Jamaa Islamiya renounce violence?,2003,in 2003 | 2003 | 2003,0.9672951102256775,1.0,1.0
5725b7f389a1e219009abd5e,TinyRoBERTa,What are the main sources of primary law?,the Treaties establishing the European Union,"Treaties establishing the European Union | the Treaties establishing the European Union | primary law, secondary law and supplementary law | the Treaties establishing the European Union",0.46635571122169495,1.0,1.0
56e0cbf3231d4119001ac3ac,TinyRoBERTa,When did Tesla enroll in Austrian Polytechnic?,1875,1875 | In 1875 | 1875,0.9783681631088257,1.0,1.0
57268e2bf1498d1400e8e3b3,TinyRoBERTa,When did Denmark join the EU?,1972,1972 | 1972 | 1972 | 1972,0.9439705610275269,1.0,1.0
57302a3aa23a5019007fced3,TinyRoBERTa,Who influenced the Taliban's ideology?,Osama bin Laden,Osama bin Laden | Osama bin Laden | Osama bin Laden,0.867085337638855,1.0,1.0
57275743f1498d1400e8f682,TinyRoBERTa,What network did ABC beat out for third place in television ratings in 2010-11?,NBC,NBC | NBC | NBC,0.996258556842804,1.0,1.0
57340d124776f419006617c3,TinyRoBERTa,Where did many Spanish Catholic move after British takeover in Florida?,Cuba,"Most went to Cuba, | Most went to Cuba | Cuba | Cuba | Cuba",0.9578731656074524,1.0,1.0
56e0cdb9231d4119001ac3ca,TinyRoBERTa,Who gave Tesla money to go to Prague?,two of Tesla's uncles,two of Tesla's uncles | Tesla's uncles | two of Tesla's uncles,0.714689314365387,1.0,1.0
571161092419e314009555d8,TinyRoBERTa,What parts of a conventional reciprocating steam engine could be replaced by a pistonless rotary engine?,cylinders and valve gear,cylinders and valve gear | cylinders and valve gear | cylinders and valve gear,0.8101940751075745,1.0,1.0
56be4db0acb8001400a502ef,TinyRoBERTa,Which NFL team won Super Bowl 50?,Denver Broncos,Denver Broncos | Denver Broncos | Denver Broncos,0.9210306406021118,1.0,1.0
57269d745951b619008f77da,TinyRoBERTa,What Newcastle radio station is based at the Great North Children's Hospital?,Radio Lollipop,Radio Lollipop | Radio Lollipop | Radio Lollipop,0.7797608375549316,1.0,1.0
56d729ec0d65d21400198431,TinyRoBERTa,Who tipped Peyton's pass for an interception?,Kony Ealy,Kony Ealy | Kony Ealy | Ealy,0.8732592463493347,1.0,1.0
57274a8ff1498d1400e8f5be,TinyRoBERTa,How does the level of tuition in German private schools compare to private schools in other Western European countries?,very low tuition fees,very low | very low | very low tuition fees,0.021910162642598152,1.0,1.0
5730a951069b531400832214,TinyRoBERTa,What did France offer that was rare by imperial standards?,Full citizenship rights,assimilation | Full citizenship rights | assimilation | assimilation | Full citizenship rights,0.1063481941819191,1.0,1.0
5725f16f89a1e219009ac0cc,TinyRoBERTa,What crew sent the first ever live images of the Earth and Moon to earth?,Apollo 8,Apollo 8 | Apollo 8 | Apollo 8 | Apollo 8 | Apollo 8,0.9458019137382507,1.0,1.0
56beb6f23aeaaa14008c92a1,TinyRoBERTa,Who lost to the Panthers in the divisional round of the playoffs?,Seattle Seahawks,Seattle Seahawks | the Seattle Seahawks | Seahawks,0.5990521907806396,1.0,1.0
5730c810aca1c71400fe5aa8,TinyRoBERTa,How many central conferences are outside of the United States?,seven,"seven | seven central conferences: Africa, Congo, West Africa, Central & Southern Europe, Germany, Northern Europe and the Philippines. | seven",0.6000157594680786,1.0,1.0
572a03086aef0514001551a4,TinyRoBERTa,What are two examples of cytotoxic or immunosuppressive drugs?,methotrexate or azathioprine,methotrexate or azathioprine | methotrexate or azathioprine | methotrexate or azathioprine,0.9773645997047424,1.0,1.0
57297a276aef051400154f8c,TinyRoBERTa,Of what form do Mersenne primes take?,2p − 1,"2p − 1 | 2p − 1, with p a prime | 2p − 1 | 2p − 1 | 2p − 1",0.9236599206924438,1.0,1.0
5726db5add62a815002e92d5,TinyRoBERTa,What is Pedanius Dioscorides known for?,writing a five volume book,writing a five volume book in his native Greek | writing a five volume book | five volume book in his native Greek,0.5495726466178894,1.0,1.0
572671e55951b619008f72da,TinyRoBERTa,How is the opening of the Grainger Market documented in the Laing Art Gallery?,a painting,a painting | a painting | a painting,0.5768756866455078,1.0,1.0
57094b4f9928a814004714f8,TinyRoBERTa,How many BSkyB channels were available to customers prior to October 2005?,three,three | three | three,0.8707382082939148,1.0,1.0
572922206aef051400154a8d,TinyRoBERTa,Where is the only Jewish synagogue located?,Nairobi,Nairobi | Nairobi | Nairobi,0.8171893358230591,1.0,1.0
5726ed12708984140094d645,TinyRoBERTa,When was the FCC's sixth report and order released?,1952,1952 | 1952 | 1952,0.9745438694953918,1.0,1.0
56e1b355e3433e14004230b1,TinyRoBERTa,What often affects or facilitates ease of analysis in computational problems?,more unusual resources,unusual resources | more unusual resources | more unusual resources,0.6366428732872009,1.0,1.0
56de10b44396321400ee2594,TinyRoBERTa,Who was the leader when the Franks entered the Euphrates valley?,Oursel,Oursel | Oursel | Oursel,0.9145476818084717,1.0,1.0
5726bc1add62a815002e8ea7,TinyRoBERTa,Which Belgian footballer claimed that he should be allowed to transfer from one football club to another when his contract was fulfilled?,Jean-Marc Bosman,Jean-Marc Bosman | the Belgian Football Association v Bosman | Jean-Marc Bosman,0.9873377680778503,1.0,1.0
57114667a58dae1900cd6d82,TinyRoBERTa,What company developed the most successful steam engine indicator?,Charles Porter,Charles Porter | Charles Porter | Charles Porter,0.39085838198661804,1.0,1.0
5726f90b708984140094d760,TinyRoBERTa,What do the Animal Locomotion photographs capture?,images of different animals and humans performimg various actions,animals and humans performimg various actions | images of different animals and humans performimg various actions | different animals and humans performimg various actions,0.5807487964630127,1.0,1.0
571cc6f85efbb31900334de7,TinyRoBERTa,What element is used as a coolant in the process of making liquid oxygen?,liquid nitrogen,liquid nitrogen | liquid nitrogen | liquid nitrogen | liquid nitrogen | nitrogen,0.6161138415336609,1.0,1.0
57269cc3dd62a815002e8b14,TinyRoBERTa,How many paid holiday days do most member states require?,more than 28,28 days | more than 28 days | more than 28 days,0.3795192837715149,0.0,0.8571428571428571
572927d06aef051400154ae1,TinyRoBERTa,Why is the public library known as a people's university?,"it is open to all irrespective of age, literacy level","it is open to all irrespective of age, literacy level and has materials relevant to people of all walks of life | open to all irrespective of age, literacy level | open to all irrespective of age, literacy level",0.16976968944072723,0.0,0.888888888888889
56d9b389dc89441400fdb6ec,TinyRoBERTa,What football associated thing started at Justin Herman Plaza in January?,Super Bowl City,"Super Bowl City | ""Super Bowl City"" | Super Bowl City",0.6362532377243042,1.0,1.0
5727c69d3acd2414000dec15,TinyRoBERTa,What was the trend of female student population from 1970s and deyond?,"steadily increased, mirroring a trend throughout higher education in the United States","the proportion of female undergraduates steadily increased, mirroring a trend throughout higher education in the United States | steadily increased | increased",0.06033795326948166,0.0,0.8333333333333333
57299a6f6aef051400155017,TinyRoBERTa,"For a field F containing 0 and 1, what would be the prime field?",the smallest subfield,the smallest subfield | the smallest subfield | Q or the finite field with p elements | the smallest subfield,0.27850422263145447,1.0,1.0
572f567cb2c2fd1400568040,TinyRoBERTa,When was the scale to measure the Rhine introduced? ,1939,1939 | 1939 | 1939 | 1939 | 1939,0.9745871424674988,1.0,1.0
56d9b4ebdc89441400fdb709,TinyRoBERTa,What was media day called for Super Bowl 50?,Super Bowl Opening Night,Super Bowl Opening Night. | Super Bowl Opening Night | Super Bowl Opening Night,0.8775564432144165,1.0,1.0
5705f7c875f01819005e77dc,TinyRoBERTa,Where does southern California's megalopolis standard in terms of population nationwide?,third,third | third | third,0.5022523999214172,1.0,1.0
56de3d594396321400ee26ca,TinyRoBERTa,Where was Ralph earl of?,Hereford,Hereford | Hereford | Hereford,0.9969598650932312,1.0,1.0
56f879bdaef23719006260e0,TinyRoBERTa,What is a Hauptlied?,main hymn,main hymn | hymn | main hymn,0.05627432093024254,1.0,1.0
572fdc34a23a5019007fca95,TinyRoBERTa,What net loss did the Conservatives suffer?,five seats,five seats | five seats | five seats,0.4898297190666199,1.0,1.0
5726800add62a815002e8751,TinyRoBERTa,What first opened in 1837?,Theatre Royal on Grey Street,the Theatre Royal | the Theatre Royal | the Theatre Royal,0.508903443813324,0.0,0.5714285714285715
5725ca4389a1e219009abeb7,TinyRoBERTa,Under what instances can individuals rely on primary law in the Court of Justice of European Union?,if the Treaty provisions have a direct effect,"if the Treaty provisions have a direct effect and they are sufficiently clear, precise and unconditional. | if the Treaty provisions have a direct effect and they are sufficiently clear, precise and unconditional | if the Treaty provisions have a direct effect and they are sufficiently clear, precise and unconditional | if the Treaty provisions have a direct effect and they are sufficiently clear, precise and unconditional",0.17557241022586823,0.0,0.6
572976183f37b31900478433,TinyRoBERTa,What happens when starch grains become overly large?,distorting the grana and thylakoids,"distorting the grana and thylakoids | distorting the grana and thylakoids | displace the thylakoids, but leave them intact.",0.8134801387786865,1.0,1.0
57294209af94a219006aa202,TinyRoBERTa,"Who wrote the paper that the ""Millennial Northern Hemisphere temperature reconstruction"" graph was based on?","Michael E. Mann, Raymond S. Bradley and Malcolm K. Hughes","Michael E. Mann, Raymond S. Bradley and Malcolm K. Hughes | Michael E. Mann, Raymond S. Bradley and Malcolm K. Hughes | Michael E. Mann, Raymond S. Bradley and Malcolm K. Hughes",0.881405770778656,1.0,1.0
5730c810aca1c71400fe5aa7,TinyRoBERTa,The United States is divided into how many jurisdictions?,five,five | The United States is divided into five jurisdictions | five,0.8880895972251892,1.0,1.0
57286ab72ca10214002da321,TinyRoBERTa,What alumni is also the Governor of the Bank of Japan?,Masaaki Shirakawa,Masaaki Shirakawa | Masaaki Shirakawa | Masaaki Shirakawa,0.9898045659065247,1.0,1.0
5705e26d75f01819005e76d5,TinyRoBERTa,"Despite being traditionall described as ""eight counties"", how many counties does this region actually have?",10,10 counties | 10 | 10,0.6169429421424866,1.0,1.0
56f8a4e99e9bad19000a0255,TinyRoBERTa,What did Luther claim the church would have to comprise if the law were not taught?,holy people,essentially holy people | holy people | only of essentially holy people,0.8561584949493408,1.0,1.0
57111380a58dae1900cd6bd8,TinyRoBERTa,When did this leader publish a French language Bible?,1530,1530 | 1523 | 1530,0.9834105968475342,1.0,1.0
5725ea6889a1e219009ac0a1,TinyRoBERTa,What was the name of the rock found during the Apollo 15 mission that KREEP was discovered in?,Genesis Rock,Genesis Rock | Genesis | Genesis Rock | Genesis Rock | anorthosite,0.861366868019104,1.0,1.0
572a1a5c6aef051400155288,TinyRoBERTa,What isn't economic growth sufficient for progress on?,reducing poverty,reducing poverty | reducing poverty | reducing poverty,0.9635387659072876,1.0,1.0
5725b56589a1e219009abd21,TinyRoBERTa,What program helped develop space travel techniques that Project Apollo used?,Gemini,Gemini program | Gemini | Gemini | Gemini | Gemini program,0.6818114519119263,1.0,1.0
57300888b2c2fd1400568777,TinyRoBERTa,Vetra and I Germanica and XX Valeria were the two legions for what?,Pannonian troops,army of Germania Inferior | army of Germania Inferior | army of Germania Inferior,0.5840134024620056,0.0,0.0
56e76f7000c9c71400d7712e,TinyRoBERTa,What is the name of Elementary Schools?,Grundschule,Grundschule | Grundschule | Grundschule,0.9926120638847351,1.0,1.0
5726b0985951b619008f7a93,TinyRoBERTa,What does the title Gür Khan mean?,universal ruler,universal ruler | universal ruler | universal ruler,0.8277521729469299,1.0,1.0
5725e08389a1e219009ac012,TinyRoBERTa,"When was Apollo 6, or AS-502, tested?","April 4, 1968","April 4, 1968 | 1968 | April 4, 1968 | April 4, 1968 | April 4, 1968",0.9915968775749207,1.0,1.0
573004bf947a6a140053cf57,TinyRoBERTa,"For many years, what was the Brotherhood described as?",semi-legal,"""semi-legal"" | semi-legal | semi-legal",0.5454980731010437,1.0,1.0
571a53d410f8ca1400304fe6,TinyRoBERTa,Granite is made up largely of what chemical compound?,Oxygen,oxides of silicon | silicon | silicon,8.359481440400884e-10,0.0,0.0
5726778df1498d1400e8e0b0,TinyRoBERTa,What can be achieved without building high or getting rid of common areas?,high density,high density | high density | high density,0.9806128144264221,1.0,1.0
56d9b43edc89441400fdb700,TinyRoBERTa,What was the cost of the other Super Bowl events in the San Francisco area?,$2 million,$2 million | $2 million | $2 million,0.00568767124786973,1.0,1.0
56dfa0d84a1a83140091ebb9,TinyRoBERTa,Where did Tesla live for much of his life?,New York hotels,New York hotels | New York hotels | New York hotels,0.7649484872817993,1.0,1.0
5725c4c289a1e219009abe44,TinyRoBERTa,What did the engineers fear would be difficult in space due to it never being attempted in Earth orbit?,a rendezvous,a rendezvous —let alone a docking | rendezvous | rendezvous | rendezvous | docking,0.3373661935329437,1.0,1.0
56e1c720e3433e140042316e,TinyRoBERTa,What kind of statement is made in the effort of establishing the time and space requirements needed to enhance the ultimate number of problems solved?,quantitative,quantitative statements | quantitative | quantitative,0.6304184198379517,1.0,1.0
572678c0dd62a815002e863f,TinyRoBERTa,Where does the proportion of shared and converted houses in 2011 put this dwelling type in the color-coded brackets?,"5.9%,",5.9% | highest | 5.9%,0.5396081805229187,1.0,1.0
5726400589a1e219009ac5ef,TinyRoBERTa,What are the small tentacles on Cydippids called?,tentilla,tentilla | tentilla | tentilla,0.9891727566719055,1.0,1.0
56e1c720e3433e140042316c,TinyRoBERTa,What theorems are responsible for determining questions of time and space requirements?,time and space hierarchy theorems,time and space hierarchy theorems | time and space hierarchy theorems | time and space hierarchy theorems,0.46817299723625183,1.0,1.0
5730b5cc396df919000962d2,TinyRoBERTa,The UMC prohibits the celebration of what type of unions?,same-sex,same-sex unions | prohibits the celebration of same-sex unions. | same-sex,0.7180887460708618,1.0,1.0
571c8eb9dd7acb1400e4c0f8,TinyRoBERTa,What did Lavoisier perceive the air had lost as much as the tin had gained,weight,weight | weight | weight | weight | weight,5.204054787100176e-08,1.0,1.0
56f88c37aef237190062617a,TinyRoBERTa,What one point was not agreed on that was dear to Luther?,the nature of the Eucharist,nature of the Eucharist | nature of the Eucharist | sacrament of the Lord's Supper,0.21361558139324188,1.0,1.0
56d98db6dc89441400fdb552,TinyRoBERTa,What Florida stadium was considered for Super Bowl 50?,Miami's Sun Life Stadium,Sun Life Stadium | Sun Life Stadium | Sun Life Stadium,1.535821684228722e-05,0.0,0.8571428571428571
572971af6aef051400154ee2,TinyRoBERTa,What is wasted by rubisco's flaw?,ATP energy,ATP energy | ATP energy | ATP energy,0.9791133999824524,1.0,1.0
5725dd7d89a1e219009abfed,TinyRoBERTa,What was the original name of California State University at Fresno?,Fresno Normal School,Fresno Normal School | Fresno Normal School | Fresno Normal School,0.9686614274978638,1.0,1.0
56d2051ce7d4791d0090260a,TinyRoBERTa,What band headlined half-time during Super Bowl 50?,Coldplay,Coldplay | Coldplay | Coldplay,0.9843841791152954,1.0,1.0
57263b1638643c19005ad334,TinyRoBERTa,What were X.25 and Frame relay used for ,Both X.25 and Frame Relay provide connection-oriented operations,"Frame Relay was used to interconnect LANs across wide area networks. However, X.25 and well as Frame Relay have been supplanted | provide connection-oriented operations | standardized interface",0.5534753799438477,0.0,0.5454545454545454
57273799f1498d1400e8f4c1,TinyRoBERTa,When did Paul Rand's iconic ABC logo first debut?,1962,1963–64 season | 1963–64 season | 1962,0.3886256814002991,1.0,1.0
56d701280d65d214001982b8,TinyRoBERTa,Who did Carolina beat in the divisional round?,Seattle Seahawks,Seattle Seahawks | the Seattle Seahawks | Seahawks,3.018923416675534e-05,1.0,1.0
5730b4282461fd1900a9cfc9,TinyRoBERTa,Who argued that the USSR had itself become an imperialist power?,Mao Zedong,Mao Zedong | Mao Zedong | Mao Zedong | Mao Zedong | Sultan Galiev and Vasyl Shakhrai,0.9948778748512268,1.0,1.0
56f7cb10a6d7ea1400e17286,TinyRoBERTa,What version of the English translation of the Bible did Luther's translation affect?,Tyndale Bible,Tyndale Bible | Tyndale Bible. | Tyndale,0.7303698062896729,1.0,1.0
56f8a2969e9bad19000a022c,TinyRoBERTa,Who did Luther think was behind the antinomian theses circulating in Wittenberg?,Johannes Agricola,Johannes Agricola | Agricola | Agricola,0.32245391607284546,1.0,1.0
57332a734776f41900660729,TinyRoBERTa,When did Warsaw become the center of the Congress Poland?,1815,1815 | 1815 | 1815,0.5417633056640625,1.0,1.0
56e7504437bdd419002c3e5c,TinyRoBERTa,What is the name for a teacher of just one person?,tutor,tutor | tutor | tutor,0.720309853553772,1.0,1.0
572881d34b864d1900164a5c,TinyRoBERTa,When was the Office of Western Medicine founded?,1263,1263 | 1263 | 1263,0.9882542490959167,1.0,1.0
56e0e518231d4119001ac445,TinyRoBERTa,What ended up being used for the streetcars in the place of Tesla's system?,DC traction motor,a DC traction motor | a DC traction motor | DC traction motor,0.7856547832489014,1.0,1.0
5726d4a45951b619008f7f69,TinyRoBERTa,Who purchased or commissioned the works of European artists included the British galleries of the V&A?,British patrons,British patrons | British patrons | British patrons,0.9118127226829529,1.0,1.0
56be5438acb8001400a5031c,TinyRoBERTa,Which California venue was one of three considered for Super Bowl 50?,Levi's Stadium,San Francisco Bay Area's Levi's Stadium | San Francisco Bay Area's Levi's Stadium | Levi's Stadium,0.32436877489089966,1.0,1.0
572847ff3acd2414000df86d,TinyRoBERTa,What policy did the Kelven Report contain?,social and political action,social and political action | social and political action | social and political action | social and political action,0.37872156500816345,1.0,1.0
5730afed069b531400832261,TinyRoBERTa,What is Christian Perfection?,"a genuine love of God with heart, soul, mind, and strength","a genuine love of God with heart, soul, mind, and strength, and a genuine love of our neighbors as ourselves | leading a Spirit-filled and Christ-like life aimed toward love | a genuine love of God with heart, soul, mind",0.03165067732334137,0.0,0.888888888888889
5728274cff5b5019007d9e27,TinyRoBERTa,What shows were released on Laserdisc?,Eight original series serials,Eight original series serials | Eight original series serials | Eight original series serials,0.082319475710392,1.0,1.0
57309cd6069b5314008321c5,TinyRoBERTa,Richard Allen and Absalom Jones were licensed by St. George's Church in what year?,1784,1784 | 1784 | 1784,0.9937472939491272,1.0,1.0
5726deed5951b619008f80c5,TinyRoBERTa,How far does one pharmacy in Croatia date back to?,15th century,1317 | 1317 | 1317,0.48757970333099365,0.0,0.0
572feddda23a5019007fcb5c,TinyRoBERTa,When did the Rhine Straightening program begin?,19th Century,19th Century | 19th | 19th Century,0.5826418399810791,1.0,1.0
57273887dd62a815002e99a4,TinyRoBERTa,How was religion handled in the Mongol Empire?,religious tolerance,"a personal concept | tolerance | a personal concept, and not subject to law or interference",0.3206375539302826,0.0,0.6666666666666666
56de3cd0cffd8e1900b4b6be,TinyRoBERTa,Who did Alexander I marry?,Sybilla of Normandy,Sybilla of Normandy | Sybilla of Normandy | Sybilla,0.9616610407829285,1.0,1.0
56f87e95aef237190062610c,TinyRoBERTa,What is Psalm 67 about?,prayer for grace,prayer for grace | grace | prayer for grace,0.99325031042099,1.0,1.0
5730b4282461fd1900a9cfc8,TinyRoBERTa,Who was the leader of Russia in the 1960's?,Joseph Stalin,Nikita Khrushchev | Nikita Khrushchev | Nikita Khrushchev | Nikita Khrushchev | Khrushchev,1.4428310350922402e-05,0.0,0.0
5725c91e38643c19005acceb,TinyRoBERTa,When did the Cretaceous-Paleogene extinction happen?,66 million years ago,66 million years ago | 515 million years ago | 66 million years ago,0.9728496074676514,1.0,1.0
5729081d3f37b31900477fac,TinyRoBERTa,What are the most abundant kind of phagocyte?,Neutrophils,Neutrophils | Neutrophils | Neutrophils,0.9600651264190674,1.0,1.0
57300137b2c2fd140056871a,TinyRoBERTa,Where did Maududi exert the most impact?,through his writing than through his political organising,through his writing | writing | writing,0.02443346567451954,0.0,0.5454545454545454
572a1dbb3f37b319004786f9,TinyRoBERTa,"When people take on debt, it leads potentially to what?",economic instability,economic instability | greater inequality and potential economic instability | greater inequality and potential economic instability,0.5577780604362488,1.0,1.0
56bf5e7b3aeaaa14008c95fb,TinyRoBERTa,Where was Evan Washburn located while announcing during the game?,sidelines,sidelines | the sidelines | sidelines,0.010677779093384743,1.0,1.0
572fff45947a6a140053cf29,TinyRoBERTa,"What covered Scandinavia, the Baltics, Scotland, and the Alps in the last Ice Age?",ice-sheets,ice-sheets | ice-sheets | ice-sheets,0.9686092138290405,1.0,1.0
572fc659b2c2fd1400568449,TinyRoBERTa,Why are debates on proposed motions by an MSP conducted?,issues which may be of interest to a particular area,not a Scottish minister | may be of interest to a particular area such as a member's own constituency | issues which may be of interest to a particular area such as a member's own constituency,0.04770872741937637,0.0,0.782608695652174
57272ff2708984140094dabd,TinyRoBERTa,Which pair of Genghis Khan's sons were most rivalrous?,Chagatai and Jochi,Chagatai and Jochi | Chagatai and Jochi | Chagatai and Jochi),0.976242184638977,1.0,1.0
5727590df1498d1400e8f6b6,TinyRoBERTa,What soap operas did ABC cancel in 2011?,All My Children and One Life to Live,All My Children and One Life to Live | All My Children and One Life to Live | All My Children and One Life to Live,0.9952885508537292,1.0,1.0
5728f2e26aef051400154896,TinyRoBERTa,What happens when the immune system less active than normal?,Immunodeficiency,Immunodeficiency | Immunodeficiency | Immunodeficiency occurs,0.9734371304512024,1.0,1.0
5726bb645951b619008f7c3f,TinyRoBERTa,Which of Genghis Khan's sons completed the conquest of the Jin dynasty?,Ögedei Khan,Ögedei Khan | Ögedei Khan | Ögedei Khan,0.9820346832275391,1.0,1.0
5711541350c2381900b54a6f,TinyRoBERTa,Who patented a high-pressure compound engine in 1805?,Arthur Woolf,Arthur Woolf | Arthur Woolf | Arthur Woolf,0.9501330852508545,1.0,1.0
572953013f37b31900478251,TinyRoBERTa,How many chloroplasts per cell does algae have?,1,1 | 1 | 1,0.9461916089057922,1.0,1.0
57060cc352bb89140068980f,TinyRoBERTa,Downtown Santa Monica and Downtown Glendale are a part of which area?,Los Angeles Area,Los Angeles Area | the Los Angeles Area | major business,0.7008693814277649,1.0,1.0
5728e3c33acd2414000e0134,TinyRoBERTa,What is the civil disobedience called where people refuse to be released?,jail solidarity,jail solidarity | solitary civil disobedience | jail solidarity | jail solidarity | jail solidarity,0.9001954197883606,1.0,1.0
572fac17947a6a140053cb58,TinyRoBERTa,The Scottish Parliament may legislate as it pleases as long as the powers aren't already reserved by where?,Westminster,Westminster | Westminster | Westminster,0.8838047981262207,1.0,1.0
572883153acd2414000dfa6f,TinyRoBERTa,What Mongolian system did Kublai's government compromise with?,patrimonial feudalism,patrimonial feudalism | patrimonial feudalism | patrimonial feudalism,0.8072882294654846,1.0,1.0
5726a299dd62a815002e8b9f,TinyRoBERTa,Which entities were originally concerned with preventing violation of human rights?,European Union institutions,member states | the European Convention on Human Rights | the European Convention on Human Rights in 1950 and the establishment of the European Court of Human Rights,0.009532763622701168,0.0,0.25
5726a8d4dd62a815002e8c36,TinyRoBERTa,Who helped Temüjin rescue his wife from the Merkits?,Jamukha,"Jamukha, and his protector, Toghrul Khan of the Keraite tribe | Jamukha, and his protector, Toghrul Khan | Jamukha, and his protector, Toghrul Khan",0.8585579991340637,0.0,0.2857142857142857
572a096e6aef0514001551e5,TinyRoBERTa,What is the main defense mechanism of bacteria known as?,restriction modification system,the restriction modification system | restriction modification system | restriction modification system,0.7950003147125244,1.0,1.0
571166352419e314009555f1,TinyRoBERTa,What do nuclear power plants heat to create electricity?,water,water | water | water,0.9908520579338074,1.0,1.0
573776eec3c5551400e51ee9,TinyRoBERTa,Who first described dynamic equilibrium?,Galileo,Galileo | Galileo | Galileo | Galileo | Galileo,0.9675448536872864,1.0,1.0
57280b2b2ca10214002d9c69,TinyRoBERTa,What was the name of the 50th Anniversary episode?,The Day of the Doctor,The Day of the Doctor | The Day of the Doctor | The Day of the Doctor,0.017023596912622452,1.0,1.0
57277af2708984140094dec3,TinyRoBERTa,What service did ABC launch in May 2013?,WATCH ABC,WATCH ABC | WATCH ABC | WATCH ABC,0.7287934422492981,1.0,1.0
56f8c2ee9b226e1400dd0f46,TinyRoBERTa,"Besides the arguments with Rome and his own fellow reformers, what scandal  contributed to Luther's failing health?",Philip of Hesse incident,bigamy of the Philip of Hesse | the bigamy of the Philip of Hesse incident | bigamy of the Philip of Hesse,0.5381770133972168,0.0,0.8
5726e37ef1498d1400e8eed8,TinyRoBERTa,Approximately how many items are in the costume collection of the V&A?,"1,442","over 14,000 | over 14,000 outfits | over 14,000 | over 14,000",0.2278052270412445,0.0,0.0
56f8afbc9b226e1400dd0e07,TinyRoBERTa,How near to his death was the work published?,three years,three years before | three years before | three years before his death,0.6585627794265747,0.0,0.8
56f86e91aef2371900626069,TinyRoBERTa,What did the popularity of Luther's translation contribute to?,the evolution of the German language and literature,evolution of the German language | evolution of the German language and literature | evolution of the German language and literature,0.508979082107544,1.0,1.0
572967e31d046914007793b3,TinyRoBERTa,What did Lepidodinium viride lose?,peridinin chloroplast,their original peridinin chloroplast | nucleomorph | their original peridinin chloroplast,0.23519185185432434,0.0,0.6666666666666666
5725d94bec44d21400f3d69c,TinyRoBERTa,In what month and year was the AS-258 scheduled to launch?,August 1967,August 1967 | August 1967 | August 1967 | 1967,0.8751590847969055,1.0,1.0
56bec2013aeaaa14008c9372,TinyRoBERTa,On what service could the ESPN Deportes broadcast be streamed?,WatchESPN,WatchESPN | WatchESPN | WatchESPN,0.9934381246566772,1.0,1.0
56e1b00ce3433e140042309f,TinyRoBERTa,What are two factors that directly effect how powerful a Turing machine may or may not be?,time or space) are bounded,time or space | time or space | time or space,0.3748847544193268,0.0,0.7499999999999999
572683f95951b619008f7525,TinyRoBERTa,Fielding H. Garrison believes that the science of geology can be traced to where?,Persia,Persia | Persia | Persia after the Muslim conquests had come to an end,0.9793931245803833,1.0,1.0
5726651ff1498d1400e8de34,TinyRoBERTa,What globally popular half marathon began in 1981?,the Great North Run,the Great North Run | the Great North Run | the Great North Run,0.5380436778068542,1.0,1.0
57273abef1498d1400e8f4db,TinyRoBERTa,Who did the FCC rule in favor of in the April 2000 dispute between Time Warner Cable and ABC?,ABC,ABC | ABC | ABC,0.9279323220252991,1.0,1.0
57291f153f37b31900478044,TinyRoBERTa,How many barrels of oil is it estimated Kenya has?,10 billion,around 10 billion barrels. | 10 billion | 10 billion,0.3449932038784027,1.0,1.0
56e751fb00c9c71400d76fab,TinyRoBERTa,"What has started to change the way teachers teach in the classroom, generally?",The increasing use of technology,"increasing use of technology | use of technology, | increasing use of technology",0.3669835329055786,1.0,1.0
572838323acd2414000df738,TinyRoBERTa,What years did Doctor Who win five consecutive awards?,2005–2010,2005–2010 | 2005–2010 | 2005–2010,0.9382194876670837,1.0,1.0
5730088e947a6a140053cfaf,TinyRoBERTa,Who was it essential to Islam to imitate?,Prophet Mohammad,the Prophet Mohammad | Prophet Mohammad and his successors | Prophet Mohammad,0.701320230960846,1.0,1.0
56e1bc3ae3433e1400423104,TinyRoBERTa,Classification of resources is contingent on determining the upper and lower bounds of minimum time required by what?  ,the most efficient algorithm solving a given problem,the most efficient algorithm | the most efficient algorithm | the most efficient algorithm solving a given problem,0.57647705078125,1.0,1.0
57264586f1498d1400e8dac9,TinyRoBERTa,Was the Use of the DATANET 1 name correct ,Although this use of the name was incorrect,use of the name was incorrect all these services were managed by the same people within one department of KPN contributed to the confusion | the name was incorrect | Dutch PTT Telecom,0.3276252746582031,0.0,0.6
5726ddf6f1498d1400e8ee07,TinyRoBERTa,Which two compounds did Al-Muwaffaq differentiate between?,sodium carbonate and potassium carbonate,sodium carbonate and potassium carbonate | sodium carbonate and potassium carbonate | sodium carbonate and potassium carbonate,0.9907877445220947,1.0,1.0
5729727baf94a219006aa43a,TinyRoBERTa,What is the application of prime numbers used in information technology which utilizes the fact that factoring very large prime numbers is very challenging?,public-key cryptography,public-key cryptography | public-key cryptography | public-key cryptography | cryptography | public-key cryptography,0.9837509989738464,1.0,1.0
57115c7450c2381900b54a9d,TinyRoBERTa,What do power station steam turbines use as a cold sink in the absence of CHP?,surface condensers,surface condensers | surface condensers | surface condensers,0.9917616248130798,1.0,1.0
56e0fb887aa994140058e86c,TinyRoBERTa,What was the occasion for the boat demonstration?,an electrical exhibition at Madison Square Garden,an electrical exhibition | an electrical exhibition | an electrical exhibition,0.39714694023132324,0.0,0.5
572f65e9b2c2fd14005680cc,TinyRoBERTa,Where does the Rhine encounter it's tributary the Neckar? ,the Main,Germany | Germany | Germany,0.9130254983901978,0.0,0.0
57276a8f5951b619008f8996,TinyRoBERTa,How many variants is the new ABC logo currently displayed in?,four,four variants | four | four,0.650592565536499,1.0,1.0
57332b66d058e614000b575b,TinyRoBERTa,When was the Polish-Bolshevik war fought?,1920,1920 | 1920 | 1920,0.9809078574180603,1.0,1.0
57268109f1498d1400e8e1fd,TinyRoBERTa,What is the festival of food and drink known as?,EAT! NewcastleGateshead,EAT! | EAT! | EAT! NewcastleGateshead,0.970313549041748,1.0,1.0
56f80e1daef2371900625d8f,TinyRoBERTa,What fueled Luther's  concept of Christ and His Salvation?,two points,sale of indulgences | sale of indulgences | sale of indulgences | sale of indulgences,0.05828187242150307,0.0,0.0
5710ed7bb654c5140001fa2e,TinyRoBERTa,What leader led the Dutch Revolt and wrote Apologie?,William the Silent,William the Silent | Pierre L'Oyseleur | William the Silent,0.022170262411236763,1.0,1.0
572a18a4af94a219006aa7e1,TinyRoBERTa,What does a 2013 report on Nigeria suggest it's growth has done?,risen with increased income inequality,risen with increased income inequality | risen | risen,0.8325724601745605,1.0,1.0
57094b4f9928a814004714f6,TinyRoBERTa,What consortium was BSkyB excluded from?,ONdigital,ONdigital | ONdigital | ONdigital,0.4524349570274353,1.0,1.0
57273a0d708984140094db0f,TinyRoBERTa,What hit reality series debuted for ABC in 2002?,The Bachelor,The Bachelor | The Bachelor | The Bachelor,0.9968019723892212,1.0,1.0
572fdb17b2c2fd1400568521,TinyRoBERTa,What act sets the term for judging the boundaries of sanity to which individuals wishing to sit on the SP must adhere?,Mental Health (Care and Treatment) (Scotland) Act 2003,Mental Health (Care and Treatment) (Scotland) Act 2003 | Mental Health (Care and Treatment) (Scotland) Act 2003 | Mental Health (Care and Treatment) (Scotland) Act 2003,0.6198391914367676,1.0,1.0
573081c2069b531400832136,TinyRoBERTa,One country's authority over a number of others would constitute the original country as what?,empires,empires | empires,0.36057040095329285,1.0,1.0
572987e46aef051400154fa4,TinyRoBERTa,What is the density of all primes compatible with a modulo 9?,1/6,1/6 | 1/6 | 1/6 | 1/6,0.9927466511726379,1.0,1.0
5727ed2e3acd2414000df005,TinyRoBERTa,Who works to get workers higher compensation?,Members,Professional and labor organizations | Professional and labor organizations | Professional and labor organizations,0.2866314947605133,0.0,0.0
572809ab4b864d19001642b1,TinyRoBERTa,What was the name of the serial where the Valeyard appears?,The Trial of a Time Lord,The Trial of a Time Lord | The Trial of a Time Lord | The Trial of a Time Lord,0.9809948801994324,1.0,1.0
5729f4e46aef051400155157,TinyRoBERTa,What forces should serve as a brake on wealth concentration?,market forces,market | market forces | market,0.7987242937088013,1.0,1.0
56bebc383aeaaa14008c9321,TinyRoBERTa,What yard marker on the field was painted gold?,50-yard line,50 | 50-yard line | 50,0.6528899669647217,1.0,1.0
57106644b654c5140001f8e6,TinyRoBERTa,When did the first French language bible appear?,1294,Around 1294 | 1294 | Around 1294,0.7189122438430786,1.0,1.0
56f884cba6d7ea1400e1770a,TinyRoBERTa,When did Gerhard Lessing reach his conclusions about Luther?,1755,1755 | 1755 | 1755,0.11798705160617828,1.0,1.0
57113be3a58dae1900cd6d29,TinyRoBERTa,What sort of motion did Watt's steam engine continuously produce?,rotary,rotary | rotary | rotary motion | continuous rotary motion,0.7806100249290466,1.0,1.0
57261dab38643c19005ad03a,TinyRoBERTa,What is one of the reason that underdeveloped nations received aid from the oil income?,higher oil prices,shrinking Western demand | shrinking Western demand | economies had been caught between higher oil prices and lower prices for their own export commodities | economies had been caught between higher oil prices and lower prices for their own export commodities | shrinking Western demand,0.4413534104824066,0.0,0.3157894736842105
57294baaaf94a219006aa26d,TinyRoBERTa,What approach did Oppenheimer advocate?,large scale approach,"concurring, smaller assessments of special problems | smaller assessments of special problems instead of the large scale approach | concurring, smaller assessments of special problems",0.002587331226095557,0.0,0.4615384615384615
572976183f37b31900478432,TinyRoBERTa,When might starch grains become overly large?,Under conditions such as high atmospheric CO2 concentrations,"Under conditions such as high atmospheric CO2 concentrations | high atmospheric CO2 concentrations | Under conditions such as high atmospheric CO2 concentrations,",0.47619959712028503,1.0,1.0
572768d9708984140094dd15,TinyRoBERTa,When did Hulu begin offering ABC's programs for streaming?,"July 6, 2009","July 6, 2009 | July 6, 2009 | July 6, 2009",0.9871464967727661,1.0,1.0
5728d63c4b864d1900164f18,TinyRoBERTa,Who wrote the poem The Mark of Anarchy?,Percy Shelley,Percy Shelley | Percy Shelley | Percy Shelley | Percy Shelley | Percy Shelley,1.1951541409871425e-06,1.0,1.0
571cbe35dd7acb1400e4c13f,TinyRoBERTa,On what scale would scientists show measurements of vegetation?,global,global | a global scale | global | global | a global scale,3.268971795478137e-06,1.0,1.0
56be53b8acb8001400a50315,TinyRoBERTa,Which Super Bowl did Roger Goodell speak about?,50th,the 50th Super Bowl | the 50th | 50th,0.5383439064025879,1.0,1.0
571cd703dd7acb1400e4c185,TinyRoBERTa,What does oxygen cause to form on metals?,chemical bonds,oxide | a thin film of oxide | a thin film of oxide | oxide | a thin film of oxide,0.7178307771682739,0.0,0.0
5727fc7f4b864d1900164162,TinyRoBERTa,Who long was the broadcast delay claimed to be the first time the series premiered?,eighty seconds,ten minutes | eighty seconds | ten minutes,0.9266961216926575,1.0,1.0
56bf301c3aeaaa14008c9551,TinyRoBERTa,"In the 10th week of the 2015 season, what injury was Peyton Manning dealing with?",a partial tear of the plantar fasciitis,plantar fasciitis | a partial tear of the plantar fasciitis,0.27599719166755676,1.0,1.0
572a03086aef0514001551a2,TinyRoBERTa,What are the most powerful class of anti-inflammatory drugs?,Glucocorticoids,Glucocorticoids | Glucocorticoids | Glucocorticoids,0.9978319406509399,1.0,1.0
57096f37200fba1400367fe5,TinyRoBERTa,Who does BSkyB have an operating license from?,Ofcom,Ofcom | Ofcom | Ofcom,0.9189839959144592,1.0,1.0
5725bbec271a42140099d0d1,TinyRoBERTa,Who applies European Union law?,the courts of member states and the Court of Justice of the European Union,courts of member states and the Court of Justice of the European Union | the courts of member states and the Court of Justice of the European Union | the courts of member states and the Court of Justice of the European Union | the courts of member states and the Court of Justice of the European Union,0.5429684519767761,1.0,1.0
5725bb34271a42140099d0cb,TinyRoBERTa,What was the term Kennedy used to show that America was falling behind the Soviet Union due to inactivity in space programs?,missile gap,"missile gap | first but, first and, first if, but first period | missile gap | missile gap",0.4132448136806488,1.0,1.0
5727492f708984140094dbb6,TinyRoBERTa,What spinoff of Happy Days debuted in 1976?,Laverne & Shirley,Laverne & Shirley | Laverne & Shirley | Laverne & Shirley,0.9890844225883484,1.0,1.0
572918bd3f37b31900478017,TinyRoBERTa,What are the principal cash crops in Kenya?,"tea, horticultural produce, and coffee","tea, horticultural produce, and coffee | tea, horticultural produce, and coffee | tea, horticultural produce, and coffee",0.9636105895042419,1.0,1.0
57299c2c6aef051400155022,TinyRoBERTa,What is another general concept that applies to elements of commutative rings?,Prime numbers,irreducible elements | irreducible elements | irreducible elements | irreducible elements,0.9973300695419312,0.0,0.0
57265700dd62a815002e8210,TinyRoBERTa,How many residents of Seville died of plague in 1649?,half,reduced the population of Seville by half | half | half,0.9552530646324158,1.0,1.0
571c3e8cdd7acb1400e4c0a8,TinyRoBERTa,In what century did Mayow and Boyle perform their experiments?,17th,17th century | 17th | 17th | late 17th century,0.6498674750328064,1.0,1.0
5725e152271a42140099d2ce,TinyRoBERTa,From what pad was Apollo 5 launched from?,37,pad 37 | 37 | 37 | pad 37 | pad 37,0.69931960105896,1.0,1.0
57286b003acd2414000df9c3,TinyRoBERTa,When did Kublai move the Mongol capital?,1264,1264 | 1264 | 1264,0.9909002184867859,1.0,1.0
57272ff2708984140094dac0,TinyRoBERTa,Which son did Genghis Khan view as his most dependable one?,Ögedei,Ögedei | Ögedei | Ögedei,0.3728088140487671,1.0,1.0
5730040f947a6a140053cf4d,TinyRoBERTa,When was Al-Banna assassinated?,1949,1949 | 1949 | 1949,0.9852151870727539,1.0,1.0
571a4ead10f8ca1400304fdd,TinyRoBERTa,What inventor built on to the findings of Philo of  Byzantium?,Leonardo da Vinci,Leonardo da Vinci | Leonardo da Vinci | Leonardo da Vinci | Leonardo da Vinci | da Vinci,0.9966515898704529,1.0,1.0
56f7e9caaef2371900625c58,TinyRoBERTa,How early did Luther say he had to awaken every day?,four,at four | four | four,0.9506755471229553,1.0,1.0
57273f27dd62a815002e9a0c,TinyRoBERTa,What has a classification system for construction companies?,Standard Industrial Classification,The Standard Industrial Classification and the newer North American Industry Classification System | Standard Industrial Classification | The Standard Industrial Classification and the newer North American Industry Classification System,0.2741537392139435,1.0,1.0
56e0f5a6231d4119001ac4d5,TinyRoBERTa,What powered Tesla's high energy terminal vacuum tube?,Tesla Coil,Tesla Coil | Tesla Coil | Tesla Coil,0.8461458086967468,1.0,1.0
572977fbaf94a219006aa4b1,TinyRoBERTa,"When a plant is injured, what can become proplastids?",chloroplasts,chloroplasts and other plastids | chloroplasts and other plastids can turn back into proplastids | chloroplasts and other plastids,0.7365524768829346,0.0,0.4
5737a84dc3c5551400e51f5c,TinyRoBERTa,"Tension, compression, and drag are what kind of forces?",Nonconservative,Nonconservative | Nonconservative forces other than friction | Nonconservative | Nonconservative forces,0.5229750871658325,1.0,1.0
57284618ff5b5019007da0ac,TinyRoBERTa,What did the early entrant program do for potential students?,allowed very young students to attend college,allowed very young students to attend college | allowed very young students to attend college | allowed very young students to attend college | allowed very young students to attend college,0.873313307762146,1.0,1.0
572a2224af94a219006aa827,TinyRoBERTa,"What can people work towards if they aren't denied their functionings, capabilities and agency?",a better relevant income,a better relevant income. | better relevant income | a better relevant income,0.503653347492218,1.0,1.0
572903d96aef0514001549a6,TinyRoBERTa,How did the settlers protect their interests?,banned the growing of coffee,"banned the growing of coffee, introduced a hut tax, and the landless were granted less and less land in exchange for their labour | banned the growing of coffee, introduced a hut tax, and the landless were granted less and less land | banned the growing of coffee, introduced a hut tax, and the landless were granted less and less land",0.3224684000015259,0.0,0.4210526315789474
5725c91e38643c19005accec,TinyRoBERTa,Evidence indicates that Cydippids are not what?,monophyletic,"monophyletic | monophyletic | ""cydippids"" are not monophyletic",0.9922065138816833,1.0,1.0
5711651050c2381900b54acb,TinyRoBERTa,What is an example of a pump component?,injector,injector | condensers | injector,0.6840229630470276,1.0,1.0
571cdcb85efbb31900334e0f,TinyRoBERTa,In what compound is oxygen part of a ring arrangement?,Epoxides,Epoxides | Epoxides | Epoxides | Epoxides | Epoxides,0.8887869119644165,1.0,1.0
57283db6ff5b5019007d9fbf,TinyRoBERTa,What is the name of the largest university press in the U.S?,University of Chicago Press,University of Chicago Press | University of Chicago Press | University of Chicago Press | University of Chicago Press,0.9275220632553101,1.0,1.0
56e10b6ee3433e1400422b26,TinyRoBERTa,What was Tesla's belief as to the selling price of the biplane?,"less than $1,000","less than $1,000 | less than $1,000 | less than $1,000",0.6748014688491821,1.0,1.0
56e10179cd28a01900c67413,TinyRoBERTa,What did Tesla establish following his Colorado experiments?,trans-Atlantic wireless telecommunications facility,Wardenclyffe | Wardenclyffe | Wardenclyffe,0.47413432598114014,0.0,0.0
56f82989aef2371900625e6c,TinyRoBERTa,Where did the highwaymen take Luther?,Wartburg Castle at Eisenach,Wartburg Castle | Wartburg Castle | Wartburg Castle,0.4708024561405182,0.0,0.6666666666666666
57309921396df919000961f6,TinyRoBERTa,When did the movement that would become The United Methodist Church begin?,mid-18th century,mid-18th century | began in the mid-18th century within the Church of England. | mid-18th century,0.6443462371826172,1.0,1.0
57113ba6b654c5140001fc1f,TinyRoBERTa,What are sometimes present in the boiler's firebox crown?,Lead fusible plugs,Lead fusible plugs | Lead fusible plugs | Lead fusible plugs,0.9905498623847961,1.0,1.0
5725c01389a1e219009abdd6,TinyRoBERTa,How big was the Vertical Assembly Building?,130 million cubic foot,130 million cubic foot | 130 million cubic foot | 3.7 million cubic meter | 3.7 million cubic meter | 130 million cubic foot,0.6898236870765686,1.0,1.0
570d4e6cb3d812140066d671,TinyRoBERTa,How are Victorian cabinet members chosen?,representatives elected to either house of parliament,elected | elected | elected,0.4053354561328888,0.0,0.25
5727da564b864d1900163e90,TinyRoBERTa,At what time is the Harvard-Yale rivalry set aside?,every two years,every two years when the Harvard and Yale Track and Field teams come together to compete against a combined Oxford University and Cambridge University team | every two years | every two years,0.9404069781303406,1.0,1.0
572ffc99947a6a140053cef8,TinyRoBERTa,What was Sadat seeking by releasing Islamists from prison?,political support,political support | making peace with Israel | political support,0.44412317872047424,1.0,1.0
5711475ca58dae1900cd6d8b,TinyRoBERTa,"In a 4-cylinder compound engine, what degree were the individual pistons balanced at?","180°,",180 | 180° | 180°,0.9661122560501099,1.0,1.0
56f8a4e99e9bad19000a0254,TinyRoBERTa,What does refusing to preach the Ten Commandments not do?,eliminate the accusing law,eliminate the accusing law | eliminate the accusing law. | eliminate the accusing law,0.011634488590061665,1.0,1.0
572fd7b8947a6a140053cd3a,TinyRoBERTa,What is set aside for question periods in the debating chamber?,Parliamentary time,Parliamentary time | Parliamentary time | Parliamentary time,0.9956905841827393,1.0,1.0
573776eec3c5551400e51eea,TinyRoBERTa,What does motion at a constant velocity equal?,rest,rest | rest | rest | rest | rest,0.8006006479263306,1.0,1.0
57286d4f2ca10214002da328,TinyRoBERTa,Where did Kublai build his administration's strength?,northern China,northern China | northern China | northern China,0.9723590016365051,1.0,1.0
572ffbaa947a6a140053cee8,TinyRoBERTa,Western governments considered Islamists to be the lesser of two evils when compared to whom?,leftist/communist/nationalist insurgents/opposition,leftist/communist/nationalist insurgents/opposition | leftist/communist/nationalist insurgents/opposition | communist,0.3570738732814789,1.0,1.0
56beb6f23aeaaa14008c92a2,TinyRoBERTa,Who did the Panthers face in the NFC Championship Game?,Arizona Cardinals,Arizona Cardinals | Arizona Cardinals | Cardinals,0.9351822733879089,1.0,1.0
571c8198dd7acb1400e4c0d0,TinyRoBERTa,What distinct quality of combustion was  absent from philogiston theory? ,gaseous,Air | Air | Air | Air | a substance like wood gains overall weight in burning,0.224636971950531,0.0,0.0
572829532ca10214002d9fa6,TinyRoBERTa,Was is the name of the Torchwood series that was mostly based in the US?,Torchwood: Miracle Day,Torchwood: Miracle Day | Torchwood: Miracle Day | Torchwood: Miracle Day,0.6841756105422974,1.0,1.0
572814882ca10214002d9d76,TinyRoBERTa,What actress plays the female Master?,Michelle Gomez,Michelle Gomez | Michelle Gomez | Michelle Gomez,0.9897435307502747,1.0,1.0
57379a4b1c456719005744d0,TinyRoBERTa,What is the force that causes rigid strength in structures?,The normal force,normal | normal force | normal force | normal force,0.2945154905319214,1.0,1.0
57263ea0271a42140099d7c5,TinyRoBERTa,DEC originally had 3 layers but evolved into how many layers ,Initially built with three layers,"Initially built with three layers, it later (1982) evolved into a seven-layer OSI-compliant networking protocol | seven | seven",0.5459542274475098,0.0,0.5263157894736842
572963221d04691400779389,TinyRoBERTa,How do cryptophyte chloroplasts arrange their pyrenoid and thylakoids?,in stacks of two,stacks of two | stacks of two | in stacks of two,0.6343165040016174,1.0,1.0
5725d183271a42140099d241,TinyRoBERTa,What was the Fresno Fairgrounds used as?,an assembly center,an assembly center | an assembly center | an assembly center,0.634882926940918,1.0,1.0
5727ff083acd2414000df1ad,TinyRoBERTa,What introduces inequality to a country?,it acquires more capital,more capital | more capital | more capital,0.37958410382270813,0.0,0.6666666666666666
572776e85951b619008f8a83,TinyRoBERTa,Where was ABC Marine World opened?,"Redwood City, California","Redwood City, California | Redwood City, California | July 1968",0.945397675037384,1.0,1.0
5730b776069b5314008322bd,TinyRoBERTa,In what year was Rose Mary Denman defrocked for openly living with a same-sex partner?,1987,1987 | 1987 | 1987,0.9759534597396851,1.0,1.0
5728170d3acd2414000df446,TinyRoBERTa,What was the Jacksonville fire later known as?,Great Fire of 1901,Great Fire of 1901 | Great Fire of 1901 | Great Fire of 1901,0.5581186413764954,1.0,1.0
56e1066be3433e1400422ae7,TinyRoBERTa,What was Maxwell's job?,superintendent of New York City schools,superintendent of New York City schools | superintendent of New York City schools | superintendent of New York City schools,0.9858993291854858,1.0,1.0
572982e66aef051400154f94,TinyRoBERTa,"the Great Internet Mersenne Prime Search, what was the prize for finding a prime with at least 10 million digits?","$100,000","US$100,000 | US$100,000 | US$100,000 | $100,000 | US$100,000",0.3614318072795868,1.0,1.0
57264efddd62a815002e8135,TinyRoBERTa,What is the name of the law which imposed the speed limit?,Emergency Highway Energy Conservation Act,Emergency Highway Energy Conservation Act | Emergency Highway Energy Conservation Act | Emergency Highway Energy Conservation Act | Emergency Highway Energy Conservation Act | Emergency Highway Energy Conservation Act,0.7835820913314819,1.0,1.0
5725fcbe271a42140099d3ad,TinyRoBERTa,What route connects Fresno with the California Central Valley?,State Route 99,State Route 99 | State Route 99 | State Route 99,0.9879184365272522,1.0,1.0
56f8074faef2371900625d7d,TinyRoBERTa,How long did it take for the Theses to spread through Europe?,two months,two months | two months | two months,0.7373498678207397,1.0,1.0
5726a46cdd62a815002e8bd0,TinyRoBERTa,How many member states adopted the Social Charter in 1989?,12,11 of the then 12 member states | 11 of the then 12 member states | 11,0.2929779887199402,0.0,0.2857142857142857
5728e5224b864d1900165032,TinyRoBERTa,What type of actions are taken sometimes in civil disobedience?,a harassment,illegal acts | symbolic illegal protests | symbolic illegal protests | a variety of different illegal acts | illegal,0.36419394612312317,0.0,0.0
572881022ca10214002da416,TinyRoBERTa,Who were otachi?,non-Mongol physicians,non-Mongol physicians | non-Mongol physicians | non-Mongol physicians,0.9714221358299255,1.0,1.0
572963876aef051400154dd6,TinyRoBERTa,Where do Apicomplexans store energy?,amylopectin starch granules,in amylopectin starch granules that are located in their cytoplasm | amylopectin starch granules | amylopectin starch granules,0.605427086353302,1.0,1.0
571cd11add7acb1400e4c171,TinyRoBERTa,What type of exercise does research show receives a boost in performance from oxygen?,aerobic,aerobic | aerobic | aerobic | aerobic | aerobic exercise,0.8551608920097351,1.0,1.0
56df9ee138dc42170015210c,TinyRoBERTa,"What ""war"" was Tesla involved in?",War of Currents,War of Currents | War of Currents | War of Currents,0.8130192160606384,1.0,1.0
5725e152271a42140099d2d0,TinyRoBERTa,Was the testing of the LM during Apollo 5 a failure or a success?,successfully,success | success | LM engines were successfully test-fired and restarted | successfully,0.7843971252441406,1.0,1.0
572872dd2ca10214002da382,TinyRoBERTa,Who was the second female Nobel laureate ?,Maria Goeppert-Mayer,Maria Goeppert-Mayer | Maria Goeppert-Mayer | Maria Goeppert-Mayer,0.9574660062789917,1.0,1.0
56e1c3e1e3433e140042314a,TinyRoBERTa,Bounding of time and space or similar measurements is often used by algorithms to define what?,complexity classes,complexity classes | complexity classes | complexity classes,0.6000169515609741,1.0,1.0
570d50a5fed7b91900d45e7e,TinyRoBERTa,What percentage was the increase of agricultural products in 2003-04?,17%,17% | 17% | 17%,0.9688572883605957,1.0,1.0
5726af765951b619008f7a53,TinyRoBERTa,Who escaped when Temüjin emerged victorious in his conflict with Toghrul?,Jamukha,Jamukha | Jamukha | Jamukha,0.027839314192533493,1.0,1.0
570d4c3bfed7b91900d45e33,TinyRoBERTa,What armed group stopped the uprising at Ballarat?,British troops,British troops | British troops | British troops,0.9647465944290161,1.0,1.0
571166352419e314009555f2,TinyRoBERTa,What does the steam generated by a nuclear power plant drive?,a turbine connected to an electrical generator,turbine | turbine | a turbine connected to an electrical generator,0.4608425796031952,1.0,1.0
5725d51589a1e219009abf71,TinyRoBERTa,Which mission did Schmitt finally land on the moon?,Apollo 17,Apollo 17 | 17 | Apollo 17 | Apollo 17 | Apollo 17,0.9856268167495728,1.0,1.0
56f8ac579e9bad19000a02bb,TinyRoBERTa,Who did Philip I want to marry?,one of his wife's ladies-in-waiting,one of his wife's ladies-in-waiting | Margarethe von der Saale | one of his wife's ladies-in-waiting,0.3253175616264343,1.0,1.0
5728f50baf94a219006a9e56,TinyRoBERTa,Why would one want to give a speech?,complained about mistreatment from government officials,"explaining their actions | explaining their actions | make a defiant speech, or a speech explaining their actions, | explaining their actions | explaining their actions | explaining their actions",0.04726414009928703,0.0,0.0
5727f7523acd2414000df10d,TinyRoBERTa,What country has low income inequality and high presence of unions?,Scandinavia,Scandinavia | Scandinavia | Scandinavia,0.9858999252319336,1.0,1.0
5728231fff5b5019007d9dd6,TinyRoBERTa,In what area did the 1996 television film premier?,"Edmonton, Canada","Edmonton, Canada | Edmonton, Canada | Edmonton, Canada",0.9323511123657227,1.0,1.0
56e0fb14231d4119001ac526,TinyRoBERTa,Which of Tesla's inventions was used in radio development?,Tesla Coil,Tesla Coil | the Tesla Coil | Tesla Coil,0.8007703423500061,1.0,1.0
5725daa8ec44d21400f3d6b4,TinyRoBERTa,What was the pedestrian mall renamed?,Fulton Mall,Fulton Mall | Fulton Mall | Fulton Mall,0.8695710897445679,1.0,1.0
572a2224af94a219006aa826,TinyRoBERTa,Why would rampant violence prevent people from going to work?,fear of their lives,for fear of their lives | fear of their lives | fear of their lives,0.6294795274734497,1.0,1.0
572683f95951b619008f7528,TinyRoBERTa,"This person proposed explanations for the origins of earthquakes and the formation of mountains, what was his name?",Ibn Sina,Ibn Sina | Ibn Sina | Ibn Sina,0.9970384836196899,1.0,1.0
